site,type,country,bu,id,kind,owner,place,holder,registerDate,status
cmic,extinguisher,cambodia,cmic,CMIC-CCR-02,ABC Powder,CCR Building,First Floor ,CCR Building,,Active
cmic,extinguisher,cambodia,cmic,CMIC-CCR-19,CO₂,CCR Building,First Floor ,CCR Building,,Active
cmic,extinguisher,cambodia,cmic,CMIC-WHR-03,ABC Powder,WHR,Turbine and Generator Buildng,WHR,,Active
cmic,extinguisher,cambodia,cmic,CMIC-WHR-22,CO₂,WHR,Diesel Generator,WHR,,Active
cmic,extinguisher,cambodia,cmic,CMIC-PK-10,ABC Powder,Packing Plant,"Empty Bag Area, Groundfloor",Packing Plant,,Active
cmic,extinguisher,cambodia,cmic,CMIC-PK-24,ABC Powder,Packing Plant,"Packer Area, First Floor",Packing Plant,,Active
cmic,extinguisher,cambodia,cmic,CMIC-PK-34,ABC Powder,Packing Plant,"Packer Area, First Floor",Packing Plant,,Active
cmic,extinguisher,cambodia,cmic,CMIC-PK-35,ABC Powder,Packing Plant,"Packer Area, First Floor",Packing Plant,,Active
cmic,extinguisher,cambodia,cmic,CMIC-RM-01,ABC Powder,Raw Mill,Raw Mill,Raw Mill,,Active
cmic,extinguisher,cambodia,cmic,CMIC-RM-02,ABC Powder,Raw Mill,Raw Mill,Raw Mill,,Active
cmic,extinguisher,cambodia,cmic,CMIC-RM-10,ABC Powder,Raw Mill,Reclaimer,Raw Mill,,Active
cmic,extinguisher,cambodia,cmic,CMIC-KN-05,ABC Powder,Kiln,"Pfister Calciner (451-PF1),",Kiln,,Active
cmic,extinguisher,cambodia,cmic,CMIC-KN-07,ABC Powder,Kiln,"Pfister Calciner (451-PF1),",Kiln,,Active
cmic,extinguisher,cambodia,cmic,CMIC-KN-19,ABC Powder,Kiln,Cooler Hydraulic,Kiln,,Active
cmic,extinguisher,cambodia,cmic,CMIC-CR-07,ABC Powder,Crusher,291-BC1,Crusher,,Active
cmic,extinguisher,cambodia,cmic,CMIC-CM-03,ABC Powder,Cement Mill,511-BCB (Drive Pulley),Cement Mill,,Active
cmic,extinguisher,cambodia,cmic,CMIC-CM-08,ABC Powder,Cement Mill,511-BC1 (Drive Pulley),Cement Mill,,Active
cmic,extinguisher,cambodia,cmic,CMIC-CM-10,ABC Powder,Cement Mill,511-BC2,Cement Mill,,Active
cmic,extinguisher,cambodia,cmic,CMIC-CM-15,ABC Powder,Cement Mill,561-BC1,Cement Mill,,Active
cmic,extinguisher,cambodia,cmic,CMIC-CM-22,CO₂,Cement Mill,Cement Mill Isolation Board,Cement Mill,,Active
cmic,extinguisher,cambodia,cmic,CMIC-CM-31,ABC Powder,Cement Mill,531-WF3,Cement Mill,,Active
cmic,extinguisher,cambodia,cmic,CMIC-CoS-02,ABC Powder,Coal Mill,Belt Conveyor L11-BC1,Coal Mill,,Active
cmic,extinguisher,cambodia,cmic,CMIC-CoS-03,ABC Powder,Coal Mill,Belt Conveyor L11-BC1,Coal Mill,,Active
cmic,extinguisher,cambodia,cmic,CMIC-CoS-15,ABC Powder,Coal Mill,Coal Crusher L11-RC1,Coal Mill,,Active
cmic,extinguisher,cambodia,cmic,CMIC-CoS-29,ABC Powder,Coal Mill,Coal Storage,Coal Mill,,Active
cmic,extinguisher,cambodia,cmic,CMIC-CoS-39,ABC Powder,Coal Mill,Coal Storage,Coal Mill,,Active
cmic,extinguisher,cambodia,cmic,CMIC-CoS-49,ABC Powder,Coal Mill,Coal Storage,Coal Mill,,Active
cmic,extinguisher,cambodia,cmic,CMIC-CoS-54,ABC Powder,Coal Mill,Coal Storage,Coal Mill,,Active
cmic,extinguisher,cambodia,cmic,CMIC-CoM-66,ABC Powder,Coal Mill,Belt Conveyor L21-BC2,Coal Mill,,Active
cmic,extinguisher,cambodia,cmic,CMIC-CoM-75,ABC Powder,Coal Mill,Belt Conveyor L21-BC3,Coal Mill,,Active
cmic,extinguisher,cambodia,cmic,CMIC-CoM-76,ABC Powder,Coal Mill,Belt Conveyor L21-BC3,Coal Mill,,Active
cmic,extinguisher,cambodia,cmic,CMIC-CoM-77,ABC Powder,Coal Mill,Raw Coal Bin L21-2B1,Coal Mill,,Active
cmic,extinguisher,cambodia,cmic,CMIC-CoM-88,ABC Powder,Coal Mill,"Screw Conveyor L61-SC1,2,3&4",Coal Mill,,Active
cmic,extinguisher,cambodia,cmic,CMIC-AC-04,CO₂,Air Compressor Room,Air Compressor Clinker,Air Compressor Room,,Active
cmic,extinguisher,cambodia,cmic,CMIC-MN-03,ABC Powder,Maintenance Workshop,Maintenance Workshop,Maintenance Workshop,,Active
cmic,extinguisher,cambodia,cmic,CMIC-MN-09,ABC Powder,Maintenance Workshop,Maintenance Workshop,Maintenance Workshop,,Active
cmic,extinguisher,cambodia,cmic,CMIC-MN-13,ABC Powder,Maintenance Workshop,Maintenance Workshop,Maintenance Workshop,,Active
cmic,extinguisher,cambodia,cmic,CMIC-ADM-04,CO₂,Admin Building,"Admin Building, GF",Admin Building,,Active
cmic,extinguisher,cambodia,cmic,CMIC-ADM-14,ABC Powder,Admin Building,"Admin Building, Parking West",Admin Building,,Active
cmic,extinguisher,cambodia,cmic,CMIC-ACC-02,BC Powder,Accomodation,Building A102,Accomodation,,Active
cmic,extinguisher,cambodia,cmic,CMIC-ACC-09,BC Powder,Accomodation,Building B103,Accomodation,,Active
cmic,extinguisher,cambodia,cmic,CMIC-ACC-10,BC Powder,Accomodation,Building B104,Accomodation,,Active
cmic,extinguisher,cambodia,cmic,CMIC-ACC-35,BC Powder,Accomodation,Building D115,Accomodation,,Active
cmic,extinguisher,cambodia,cmic,CMIC-ACC-41,ABC Powder,Accomodation,Building D205,Accomodation,,Active
cmic,extinguisher,cambodia,cmic,CMIC-ACC-69,ABC Powder,Accomodation,Building M03,Accomodation,,Active
cmic,extinguisher,cambodia,cmic,CMIC-QW-09,ABC Powder,Quarry,Quarry Workshop,Quarry,,Active
cmic,extinguisher,cambodia,cmic,CMIC-QW-23,ABC Powder,Quarry,Explosive Magazine,Quarry,,Active
cmic,extinguisher,cambodia,cmic,CMIC-QW-25,ABC Powder,Quarry,Explosive Magazine,Quarry,,Active
cmic,extinguisher,cambodia,cmic,CMIC-QA-05,CO₂,QA,Physical Laboratory,QA,,Active
cmic,extinguisher,cambodia,cmic,CMIC-QA-08,CO₂,QA,Physical Laboratory,QA,,Active
cmic,extinguisher,cambodia,cmic,CMIC-CCR-05,ABC Powder,CCR Building,First Floor ,CCR Building,,Active
cmic,extinguisher,cambodia,cmic,CMIC-CCR-07,ABC Powder,CCR Building,First Floor ,CCR Building,,Active
cmic,extinguisher,cambodia,cmic,CMIC-CCR-22,CO₂,CCR Building,Ground Floor,CCR Building,,Active
cmic,extinguisher,cambodia,cmic,CMIC-WHR-09,ABC Powder,WHR,Turbine and Generator Buildng,WHR,,Active
cmic,extinguisher,cambodia,cmic,CMIC-WHR-12,ABC Powder,WHR,Turbine and Generator Buildng,WHR,,Active
cmic,extinguisher,cambodia,cmic,CMIC-WHR-35,ABC Powder,WHR,Chemical mixing Room,WHR,,Active
cmic,extinguisher,cambodia,cmic,CMIC-PK-06,ABC Powder,Packing Plant,"Empty Bag Area, Groundfloor",Packing Plant,,Active
cmic,extinguisher,cambodia,cmic,CMIC-PK-20,ABC Powder,Packing Plant,"Packer Area, First Floor",Packing Plant,,Active
cmic,extinguisher,cambodia,cmic,CMIC-PK-22,ABC Powder,Packing Plant,"Packer Area, First Floor",Packing Plant,,Active
cmic,extinguisher,cambodia,cmic,CMIC-PK-25,ABC Powder,Packing Plant,"Packer Area, First Floor",Packing Plant,,Active
cmic,extinguisher,cambodia,cmic,CMIC-PK-33,ABC Powder,Packing Plant,"Packer Area, First Floor",Packing Plant,,Active
cmic,extinguisher,cambodia,cmic,CMIC-PK-39,ABC Powder,Packing Plant,"Belt WH 674, First Floor",Packing Plant,,Active
cmic,extinguisher,cambodia,cmic,CMIC-RM-11,ABC Powder,Raw Mill,Reclaimer,Raw Mill,,Active
cmic,extinguisher,cambodia,cmic,CMIC-KN-08,ABC Powder,Kiln,"Pfister Calciner (451-PF1),",Kiln,,Active
cmic,extinguisher,cambodia,cmic,CMIC-KN-09,ABC Powder,Kiln,Root Blower (451-BL 1& 2),Kiln,,Active
cmic,extinguisher,cambodia,cmic,CMIC-KN-13,ABC Powder,Kiln,Pfister Burner (481-PF1),Kiln,,Active
cmic,extinguisher,cambodia,cmic,CMIC-KN-18,ABC Powder,Kiln,Root Blower (481- BL 1&2),Kiln,,Active
cmic,extinguisher,cambodia,cmic,CMIC-CR-08,ABC Powder,Crusher,291-AW1,Crusher,,Active
cmic,extinguisher,cambodia,cmic,CMIC-CR-10,ABC Powder,Crusher,221-RC1,Crusher,,Active
cmic,extinguisher,cambodia,cmic,CMIC-CM-01,ABC Powder,Cement Mill,511-BCA (Drive Pulley),Cement Mill,,Active
cmic,extinguisher,cambodia,cmic,CMIC-CM-20,CO₂,Cement Mill,Cement Mill Isolation Board,Cement Mill,,Active
cmic,extinguisher,cambodia,cmic,CMIC-CM-23,ABC Powder,Cement Mill,Gypsum Crusher,Cement Mill,,Active
cmic,extinguisher,cambodia,cmic,CMIC-CoS-05,ABC Powder,Coal Mill,Belt Conveyor L11-BC1,Coal Mill,,Active
cmic,extinguisher,cambodia,cmic,CMIC-CoS-19,ABC Powder,Coal Mill,Coal Crusher L11-RC1,Coal Mill,,Active
cmic,extinguisher,cambodia,cmic,CMIC-CoS-30,ABC Powder,Coal Mill,Coal Storage,Coal Mill,,Active
cmic,extinguisher,cambodia,cmic,CMIC-CoS-43,ABC Powder,Coal Mill,Coal Storage,Coal Mill,,Active
cmic,extinguisher,cambodia,cmic,CMIC-CoS-51,ABC Powder,Coal Mill,Coal Storage,Coal Mill,,Active
cmic,extinguisher,cambodia,cmic,CMIC-CoM-62,ABC Powder,Coal Mill,Belt Conveyor L21-BC1,Coal Mill,,Active
cmic,extinguisher,cambodia,cmic,CMIC-CoM-71,ABC Powder,Coal Mill,Belt Conveyor L21-BC3,Coal Mill,,Active
cmic,extinguisher,cambodia,cmic,CMIC-CoM-79,ABC Powder,Coal Mill,Drag Conveyor L61-CV1,Coal Mill,,Active
cmic,extinguisher,cambodia,cmic,CMIC-CoM-80,ABC Powder,Coal Mill,Drag Conveyor L61-CV1,Coal Mill,,Active
cmic,extinguisher,cambodia,cmic,CMIC-CoM-82,ABC Powder,Coal Mill,Rotary Feeder L61-RF1,Coal Mill,,Active
cmic,extinguisher,cambodia,cmic,CMIC-CoM-85,ABC Powder,Coal Mill,Screw Conveyor L61-SC5,Coal Mill,,Active
cmic,extinguisher,cambodia,cmic,CMIC-MN-12,ABC Powder,Maintenance Workshop,Maintenance Workshop,Maintenance Workshop,,Active
cmic,extinguisher,cambodia,cmic,CMIC-MN-30,ABC Powder,Maintenance Workshop,Maintenance Workshop,Maintenance Workshop,,Active
cmic,extinguisher,cambodia,cmic,CMIC-MN-32,ABC Powder,Maintenance Workshop,Maintenance Workshop,Maintenance Workshop,,Active
cmic,extinguisher,cambodia,cmic,CMIC-MN-34,ABC Powder,Maintenance Workshop,Maintenance Workshop,Maintenance Workshop,,Active
cmic,extinguisher,cambodia,cmic,CMIC-EVE-02,ABC Powder,EVE,EVE,EVE,,Active
cmic,extinguisher,cambodia,cmic,CMIC-EVE-09,ABC Powder,EVE,EVE,EVE,,Active
cmic,extinguisher,cambodia,cmic,CMIC-CN-08,ABC Powder,Canteen,Canteen,Canteen,,Active
cmic,extinguisher,cambodia,cmic,CMIC-CN-10,ABC Powder,Canteen,Canteen,Canteen,,Active
cmic,extinguisher,cambodia,cmic,CMIC-ADM-03,ABC Powder,Admin Building,"Admin Building, GF",Admin Building,,Active
cmic,extinguisher,cambodia,cmic,CMIC-ADM-06,CO₂,Admin Building,"Admin Building, 1F",Admin Building,,Active
cmic,extinguisher,cambodia,cmic,CMIC-ADM-10,CO₂,Admin Building,"Admin Building, 2F",Admin Building,,Active
cmic,extinguisher,cambodia,cmic,CMIC-ADM-18,ABC Powder,Admin Building,Parking P9,Admin Building,,Active
cmic,extinguisher,cambodia,cmic,CMIC-ACC-03,BC Powder,Accomodation,Building A103,Accomodation,,Active
cmic,extinguisher,cambodia,cmic,CMIC-ACC-07,BC Powder,Accomodation,Building B101,Accomodation,,Active
cmic,extinguisher,cambodia,cmic,CMIC-ACC-27,BC Powder,Accomodation,Building D107,Accomodation,,Active
cmic,extinguisher,cambodia,cmic,CMIC-ACC-29,BC Powder,Accomodation,Building D109,Accomodation,,Active
cmic,extinguisher,cambodia,cmic,CMIC-ACC-39,ABC Powder,Accomodation,Building D203,Accomodation,,Active
cmic,extinguisher,cambodia,cmic,CMIC-ACC-60,ABC Powder,Accomodation,Building G01,Accomodation,,Active
cmic,extinguisher,cambodia,cmic,CMIC-ACC-61,ABC Powder,Accomodation,Building G06,Accomodation,,Active
cmic,extinguisher,cambodia,cmic,CMIC-ACC-67,ABC Powder,Accomodation,Building M01,Accomodation,,Active
cmic,extinguisher,cambodia,cmic,CMIC-ACC-72,ABC Powder,Accomodation,Building M06,Accomodation,,Active
cmic,extinguisher,cambodia,cmic,CMIC-ACC-77,ABC Powder,Accomodation,Building K101,Accomodation,,Active
cmic,extinguisher,cambodia,cmic,CMIC-QW-03,ABC Powder,Quarry,Quarry Workshop,Quarry,,Active
cmic,extinguisher,cambodia,cmic,CMIC-QW-14,ABC Powder,Quarry,Quarry Workshop,Quarry,,Active
cmic,extinguisher,cambodia,cmic,CMIC-QW-20,CO₂,Quarry,CAT Workshop,Quarry,,Active
cmic,extinguisher,cambodia,cmic,CMIC-QA-04,ABC Powder,QA,Physical Laboratory,QA,,Active
cmic,extinguisher,cambodia,cmic,CMIC-SCP-01,ABC Powder,Securithy (OH&S),P4 Main Security Post,Securithy (OH&S),,Active
cmic,extinguisher,cambodia,cmic,CMIC-LG-06,ABC Powder,Logistic,Cement Warehouse,Logistic,,Active
cmic,extinguisher,cambodia,cmic,CMIC-LG-08,ABC Powder,Logistic,Cement Warehouse,Logistic,,Active
cmic,extinguisher,cambodia,cmic,CMIC-LG-13,ABC Powder,Logistic,Cement Warehouse,Logistic,,Active
cmic,extinguisher,cambodia,cmic,CMIC-WHR-06,ABC Powder,WHR,Turbine and Generator Buildng,WHR,,Active
cmic,extinguisher,cambodia,cmic,CMIC-WHR-14,CO₂,WHR,Turbine and Generator Buildng,WHR,,Active
cmic,extinguisher,cambodia,cmic,CMIC-WHR-15,CO₂,WHR,Turbine and Generator Buildng,WHR,,Active
cmic,extinguisher,cambodia,cmic,CMIC-WHR-17,ABC Powder,WHR,Turbine and Generator Buildng,WHR,,Active
cmic,extinguisher,cambodia,cmic,CMIC-WHR-24,CO₂,WHR,Water Treatment,WHR,,Active
cmic,extinguisher,cambodia,cmic,CMIC-PK-30,ABC Powder,Packing Plant,"Packer Area, First Floor",Packing Plant,,Active
cmic,extinguisher,cambodia,cmic,CMIC-PK-36,ABC Powder,Packing Plant,"Belt WH 671, First Floor",Packing Plant,,Active
cmic,extinguisher,cambodia,cmic,CMIC-PK-43,ABC Powder,Packing Plant,"Packing Plant Workshop, GF",Packing Plant,,Active
cmic,extinguisher,cambodia,cmic,CMIC-RM-13,ABC Powder,Raw Mill,"Impact Crusher, N/A",Raw Mill,,Active
cmic,extinguisher,cambodia,cmic,CMIC-KN-23,ABC Powder,Kiln,Diesel Pump Station,Kiln,,Active
cmic,extinguisher,cambodia,cmic,CMIC-CR-02,ABC Powder,Crusher,211-JC1,Crusher,,Active
cmic,extinguisher,cambodia,cmic,CMIC-CM-05,ABC Powder,Cement Mill,511-BCC (Drive Pulley),Cement Mill,,Active
cmic,extinguisher,cambodia,cmic,CMIC-CM-09,ABC Powder,Cement Mill,511-BC2 (Drive Pulley),Cement Mill,,Active
cmic,extinguisher,cambodia,cmic,CMIC-CM-17,CO₂,Cement Mill,561-FN1 Cement Mill Fan,Cement Mill,,Active
cmic,extinguisher,cambodia,cmic,CMIC-CM-21,CO₂,Cement Mill,Cement Mill Isolation Board,Cement Mill,,Active
cmic,extinguisher,cambodia,cmic,CMIC-CM-26,ABC Powder,Cement Mill,531-BC1,Cement Mill,,Active
cmic,extinguisher,cambodia,cmic,CMIC-CM-27,ABC Powder,Cement Mill,561-BF1,Cement Mill,,Active
cmic,extinguisher,cambodia,cmic,CMIC-CM-30,ABC Powder,Cement Mill,561-BF3,Cement Mill,,Active
cmic,extinguisher,cambodia,cmic,CMIC-CoS-01,ABC Powder,Coal Mill,Belt Conveyor L11-BC1,Coal Mill,,Active
cmic,extinguisher,cambodia,cmic,CMIC-CoS-06,ABC Powder,Coal Mill,Belt Conveyor L11-BC1,Coal Mill,,Active
cmic,extinguisher,cambodia,cmic,CMIC-CoS-07,ABC Powder,Coal Mill,Belt Conveyor L11-BC1,Coal Mill,,Active
cmic,extinguisher,cambodia,cmic,CMIC-CoS-17,ABC Powder,Coal Mill,Coal Crusher L11-RC1,Coal Mill,,Active
cmic,extinguisher,cambodia,cmic,CMIC-CoS-22,ABC Powder,Coal Mill,Coal Crusher L11-RC1,Coal Mill,,Active
cmic,extinguisher,cambodia,cmic,CMIC-CoS-23,ABC Powder,Coal Mill,Coal Storage,Coal Mill,,Active
cmic,extinguisher,cambodia,cmic,CMIC-CoS-36,ABC Powder,Coal Mill,Coal Storage,Coal Mill,,Active
cmic,extinguisher,cambodia,cmic,CMIC-CoS-46,ABC Powder,Coal Mill,Coal Storage,Coal Mill,,Active
cmic,extinguisher,cambodia,cmic,CMIC-CoS-47,ABC Powder,Coal Mill,Coal Storage,Coal Mill,,Active
cmic,extinguisher,cambodia,cmic,CMIC-CoS-48,ABC Powder,Coal Mill,Coal Storage,Coal Mill,,Active
cmic,extinguisher,cambodia,cmic,CMIC-CoS-55,ABC Powder,Coal Mill,Coal Storage,Coal Mill,,Active
cmic,extinguisher,cambodia,cmic,CMIC-CoM-57,ABC Powder,Coal Mill,Belt Conveyor L21-BC1,Coal Mill,,Active
cmic,extinguisher,cambodia,cmic,CMIC-CoM-58,ABC Powder,Coal Mill,Belt Conveyor L21-BC1,Coal Mill,,Active
cmic,extinguisher,cambodia,cmic,CMIC-CoM-65,ABC Powder,Coal Mill,Belt Conveyor L21-BC2,Coal Mill,,Active
cmic,extinguisher,cambodia,cmic,CMIC-CoM-67,ABC Powder,Coal Mill,Belt Conveyor L21-BC2,Coal Mill,,Active
cmic,extinguisher,cambodia,cmic,CMIC-CoM-70,ABC Powder,Coal Mill,Belt Conveyor L21-BC2,Coal Mill,,Active
cmic,extinguisher,cambodia,cmic,CMIC-CoM-81,ABC Powder,Coal Mill,Rotary Feeder L61-RF1,Coal Mill,,Active
cmic,extinguisher,cambodia,cmic,CMIC-CoM-86,ABC Powder,Coal Mill,Screw Conveyor L61-SC5,Coal Mill,,Active
cmic,extinguisher,cambodia,cmic,CMIC-MN-04,ABC Powder,Maintenance Workshop,Maintenance Workshop,Maintenance Workshop,,Active
cmic,extinguisher,cambodia,cmic,CMIC-MN-07,ABC Powder,Maintenance Workshop,Maintenance Workshop,Maintenance Workshop,,Active
cmic,extinguisher,cambodia,cmic,CMIC-MN-28,ABC Powder,Maintenance Workshop,Maintenance Workshop,Maintenance Workshop,,Active
cmic,extinguisher,cambodia,cmic,CMIC-MN-31,ABC Powder,Maintenance Workshop,Maintenance Workshop,Maintenance Workshop,,Active
cmic,extinguisher,cambodia,cmic,CMIC-MN-33,ABC Powder,Maintenance Workshop,Maintenance Workshop,Maintenance Workshop,,Active
cmic,extinguisher,cambodia,cmic,CMIC-LR-02,CO₂,Preventive Maintenance,Lubrication Room,Preventive Maintenance,,Active
cmic,extinguisher,cambodia,cmic,CMIC-CN-02,ABC Powder,Canteen,Canteen,Canteen,,Active
cmic,extinguisher,cambodia,cmic,CMIC-ADM-11,ABC Powder,Admin Building,"Admin Building, 2F",Admin Building,,Active
cmic,extinguisher,cambodia,cmic,CMIC-ADM-15,ABC Powder,Admin Building,"Water treatment building, GF",Admin Building,,Active
cmic,extinguisher,cambodia,cmic,CMIC-ADM-16,ABC Powder,Admin Building,Parking  P9,Admin Building,,Active
cmic,extinguisher,cambodia,cmic,CMIC-ADM-19,CO₂,Admin Building,Parking P9,Admin Building,,Active
cmic,extinguisher,cambodia,cmic,CMIC-ACC-01,BC Powder,Accomodation,Building A101,Accomodation,,Active
cmic,extinguisher,cambodia,cmic,CMIC-ACC-15,BC Powder,Accomodation,Building C103,Accomodation,,Active
cmic,extinguisher,cambodia,cmic,CMIC-ACC-18,ABC Powder,Accomodation,Building C106,Accomodation,,Active
cmic,extinguisher,cambodia,cmic,CMIC-ACC-38,ABC Powder,Accomodation,Building D202,Accomodation,,Active
cmic,extinguisher,cambodia,cmic,CMIC-ACC-42,BC Powder,Accomodation,Building D206,Accomodation,,Active
cmic,extinguisher,cambodia,cmic,CMIC-ACC-47,ABC Powder,Accomodation,Building D211,Accomodation,,Active
cmic,extinguisher,cambodia,cmic,CMIC-ACC-49,BC Powder,Accomodation,Building D213,Accomodation,,Active
cmic,extinguisher,cambodia,cmic,CMIC-ACC-54,ABC Powder,Accomodation,Dining Building (Outside),Accomodation,,Active
cmic,extinguisher,cambodia,cmic,CMIC-ACC-65,ABC Powder,Accomodation,Building J01,Accomodation,,Active
cmic,extinguisher,cambodia,cmic,CMIC-ACC-74,ABC Powder,Accomodation,Building L26,Accomodation,,Active
cmic,extinguisher,cambodia,cmic,CMIC-QW-10,ABC Powder,Quarry,Quarry Workshop,Quarry,,Active
cmic,extinguisher,cambodia,cmic,CMIC-QW-16,ABC Powder,Quarry,UMG Workshop,Quarry,,Active
cmic,extinguisher,cambodia,cmic,CMIC-QW-21,ABC Powder,Quarry,Explosive Magazine,Quarry,,Active
cmic,extinguisher,cambodia,cmic,CMIC-QW-24,ABC Powder,Quarry,Explosive Magazine,Quarry,,Active
cmic,extinguisher,cambodia,cmic,CMIC-SCP-03,ABC Powder,Securithy (OH&S),P9 West Gate,Securithy (OH&S),,Active
cmic,extinguisher,cambodia,cmic,CMIC-CIT-04,ABC Powder,OH&S,CITTIC,OH&S,,Active
cmic,extinguisher,cambodia,cmic,CMIC-LG-03,ABC Powder,Logistic,Cement Warehouse,Logistic,,Active
cmic,extinguisher,cambodia,cmic,CMIC-CCR-01,ABC Powder,CCR Building,First Floor ,CCR Building,,Active
cmic,extinguisher,cambodia,cmic,CMIC-CCR-20,CO₂,CCR Building,Ground Floor,CCR Building,,Active
cmic,extinguisher,cambodia,cmic,CMIC-CCR-23,CO₂,CCR Building,Ground Floor,CCR Building,,Active
cmic,extinguisher,cambodia,cmic,CMIC-WHR-08,ABC Powder,WHR,Turbine and Generator Buildng,WHR,,Active
cmic,extinguisher,cambodia,cmic,CMIC-WHR-20,CO₂,WHR,Cooling Tower,WHR,,Active
cmic,extinguisher,cambodia,cmic,CMIC-WHR-33,CO₂,WHR,Pump House Control Room,WHR,,Active
cmic,extinguisher,cambodia,cmic,CMIC-PK-05,ABC Powder,Packing Plant,"Empty Bag Area, Groundfloor",Packing Plant,,Active
cmic,extinguisher,cambodia,cmic,CMIC-PK-08,ABC Powder,Packing Plant,"Empty Bag Area, Groundfloor",Packing Plant,,Active
cmic,extinguisher,cambodia,cmic,CMIC-PK-14,ABC Powder,Packing Plant,"Truck Loading Area, Groundfloor",Packing Plant,,Active
cmic,extinguisher,cambodia,cmic,CMIC-PK-16,ABC Powder,Packing Plant,"Truck Loading Area, Groundfloor",Packing Plant,,Active
cmic,extinguisher,cambodia,cmic,CMIC-PK-27,ABC Powder,Packing Plant,"Packer Area, First Floor",Packing Plant,,Active
cmic,extinguisher,cambodia,cmic,CMIC-PK-32,ABC Powder,Packing Plant,"Packer Area, First Floor",Packing Plant,,Active
cmic,extinguisher,cambodia,cmic,CMIC-PK-38,ABC Powder,Packing Plant,"Belt WH 673, First Floor",Packing Plant,,Active
cmic,extinguisher,cambodia,cmic,CMIC-PK-40,ABC Powder,Packing Plant,"Belt WH 675, First Floor",Packing Plant,,Active
cmic,extinguisher,cambodia,cmic,CMIC-RM-03,ABC Powder,Raw Mill,Raw Mill,Raw Mill,,Active
cmic,extinguisher,cambodia,cmic,CMIC-RM-07,ABC Powder,Raw Mill,331-BC2,Raw Mill,,Active
cmic,extinguisher,cambodia,cmic,CMIC-KN-16,ABC Powder,Kiln,Pfister Burner (481-PF1),Kiln,,Active
cmic,extinguisher,cambodia,cmic,CMIC-KN-20,ABC Powder,Kiln,Cooler Hydraulic,Kiln,,Active
cmic,extinguisher,cambodia,cmic,CMIC-KN-24,ABC Powder,Kiln,Diesel Pump Station,Kiln,,Active
cmic,extinguisher,cambodia,cmic,CMIC-CR-01,ABC Powder,Crusher,LS.CCR,Crusher,,Active
cmic,extinguisher,cambodia,cmic,CMIC-CR-04,ABC Powder,Crusher,241-BC2,Crusher,,Active
cmic,extinguisher,cambodia,cmic,CMIC-CM-06,ABC Powder,Cement Mill,511-BCC (Drive Pulley),Cement Mill,,Active
cmic,extinguisher,cambodia,cmic,CMIC-CM-12,ABC Powder,Cement Mill,Cement Mill Lubrication Room,Cement Mill,,Active
cmic,extinguisher,cambodia,cmic,CMIC-CM-14,ABC Powder,Cement Mill,Cement Mill Lubrication Room,Cement Mill,,Active
cmic,extinguisher,cambodia,cmic,CMIC-CM-19,CO₂,Cement Mill,Cement Mill Isolation Board,Cement Mill,,Active
cmic,extinguisher,cambodia,cmic,CMIC-CM-24,ABC Powder,Cement Mill,K91-BC2 Gymsum High grade,Cement Mill,,Active
cmic,extinguisher,cambodia,cmic,CMIC-CoS-13,ABC Powder,Coal Mill,Coal Crusher L11-RC1,Coal Mill,,Active
cmic,extinguisher,cambodia,cmic,CMIC-CoS-14,ABC Powder,Coal Mill,Coal Crusher L11-RC1,Coal Mill,,Active
cmic,extinguisher,cambodia,cmic,CMIC-CoS-18,ABC Powder,Coal Mill,Coal Crusher L11-RC1,Coal Mill,,Active
cmic,extinguisher,cambodia,cmic,CMIC-CoS-20,ABC Powder,Coal Mill,Coal Crusher L11-RC1,Coal Mill,,Active
cmic,extinguisher,cambodia,cmic,CMIC-CoS-26,ABC Powder,Coal Mill,Coal Storage,Coal Mill,,Active
cmic,extinguisher,cambodia,cmic,CMIC-CoS-31,ABC Powder,Coal Mill,Coal Storage,Coal Mill,,Active
cmic,extinguisher,cambodia,cmic,CMIC-CoS-32,ABC Powder,Coal Mill,Coal Storage,Coal Mill,,Active
cmic,extinguisher,cambodia,cmic,CMIC-CoS-35,ABC Powder,Coal Mill,Coal Storage,Coal Mill,,Active
cmic,extinguisher,cambodia,cmic,CMIC-CoS-42,ABC Powder,Coal Mill,Coal Storage,Coal Mill,,Active
cmic,extinguisher,cambodia,cmic,CMIC-CoS-45,ABC Powder,Coal Mill,Coal Storage,Coal Mill,,Active
cmic,extinguisher,cambodia,cmic,CMIC-CoS-53,ABC Powder,Coal Mill,Coal Storage,Coal Mill,,Active
cmic,extinguisher,cambodia,cmic,CMIC-CoM-84,ABC Powder,Coal Mill,Mill Ground Floor,Coal Mill,,Active
cmic,extinguisher,cambodia,cmic,CMIC-CoM-89,ABC Powder,Coal Mill,"Screw Conveyor L61-SC1,2,3&4",Coal Mill,,Active
cmic,extinguisher,cambodia,cmic,CMIC-CoM-90,ABC Powder,Coal Mill,"Screw Conveyor L61-SC1,2,3&4",Coal Mill,,Active
cmic,extinguisher,cambodia,cmic,CMIC-CoM-91,ABC Powder,Coal Mill,Screw Pump L61-PP1,Coal Mill,,Active
cmic,extinguisher,cambodia,cmic,CMIC-CoM-92,ABC Powder,Coal Mill,Screw Pump L61-PP1,Coal Mill,,Active
cmic,extinguisher,cambodia,cmic,CMIC-AC-02,CO₂,Air Compressor Room,Air Compressor Raw Mill,Air Compressor Room,,Active
cmic,extinguisher,cambodia,cmic,CMIC-AC-03,ABC Powder,Air Compressor Room,Air Compressor Clinker,Air Compressor Room,,Active
cmic,extinguisher,cambodia,cmic,CMIC-MN-15,ABC Powder,Maintenance Workshop,Maintenance Workshop,Maintenance Workshop,,Active
cmic,extinguisher,cambodia,cmic,CMIC-EVE-04,ABC Powder,EVE,EVE,EVE,,Active
cmic,extinguisher,cambodia,cmic,CMIC-EVE-11,CO₂,EVE,EVE,EVE,,Active
cmic,extinguisher,cambodia,cmic,CMIC-CN-06,ABC Powder,Canteen,Canteen,Canteen,,Active
cmic,extinguisher,cambodia,cmic,CMIC-ADM-07,ABC Powder,Admin Building,"Admin Building, 1F",Admin Building,,Active
cmic,extinguisher,cambodia,cmic,CMIC-ADM-08,CO₂,Admin Building,"Admin Building, 1F",Admin Building,,Active
cmic,extinguisher,cambodia,cmic,CMIC-ACC-06,BC Powder,Accomodation,Building A106,Accomodation,,Active
cmic,extinguisher,cambodia,cmic,CMIC-ACC-14,BC Powder,Accomodation,Building C102,Accomodation,,Active
cmic,extinguisher,cambodia,cmic,CMIC-ACC-21,BC Powder,Accomodation,Building D101,Accomodation,,Active
cmic,extinguisher,cambodia,cmic,CMIC-ACC-24,BC Powder,Accomodation,Building D104,Accomodation,,Active
cmic,extinguisher,cambodia,cmic,CMIC-ACC-25,BC Powder,Accomodation,Building D105,Accomodation,,Active
cmic,extinguisher,cambodia,cmic,CMIC-ACC-28,BC Powder,Accomodation,Building D108,Accomodation,,Active
cmic,extinguisher,cambodia,cmic,CMIC-ACC-40,BC Powder,Accomodation,Building D204,Accomodation,,Active
cmic,extinguisher,cambodia,cmic,CMIC-ACC-43,BC Powder,Accomodation,Building D207,Accomodation,,Active
cmic,extinguisher,cambodia,cmic,CMIC-ACC-52,BC Powder,Accomodation,Building D216,Accomodation,,Active
cmic,extinguisher,cambodia,cmic,CMIC-ACC-66,ABC Powder,Accomodation,Building J07,Accomodation,,Active
cmic,extinguisher,cambodia,cmic,CMIC-ACC-68,ABC Powder,Accomodation,Building M02,Accomodation,,Active
cmic,extinguisher,cambodia,cmic,CMIC-QW-05,ABC Powder,Quarry,Quarry Workshop,Quarry,,Active
cmic,extinguisher,cambodia,cmic,CMIC-QA-07,ABC Powder,QA,Physical Laboratory,QA,,Active
cmic,extinguisher,cambodia,cmic,CMIC-LG-02,ABC Powder,Logistic,Cement Warehouse,Logistic,,Active
cmic,extinguisher,cambodia,cmic,CMIC-CCR-06,ABC Powder,CCR Building,First Floor ,CCR Building,,Active
cmic,extinguisher,cambodia,cmic,CMIC-CCR-13,ABC Powder,CCR Building,Ground Floor,CCR Building,,Active
cmic,extinguisher,cambodia,cmic,CMIC-CCR-16,ABC Powder,CCR Building,Ground Floor,CCR Building,,Active
cmic,extinguisher,cambodia,cmic,CMIC-CCR-17,CO₂,CCR Building,First Floor ,CCR Building,,Active
cmic,extinguisher,cambodia,cmic,CMIC-WHR-02,CO₂,WHR,Turbine and Generator Buildng,WHR,,Active
cmic,extinguisher,cambodia,cmic,CMIC-WHR-13,CO₂,WHR,Turbine and Generator Buildng,WHR,,Active
cmic,extinguisher,cambodia,cmic,CMIC-WHR-19,CO₂,WHR,Cooling Tower,WHR,,Active
cmic,extinguisher,cambodia,cmic,CMIC-WHR-21,ABC Powder,WHR,Cooling Tower,WHR,,Active
cmic,extinguisher,cambodia,cmic,CMIC-WHR-27,CO₂,WHR,Water Treatment,WHR,,Active
cmic,extinguisher,cambodia,cmic,CMIC-WHR-28,CO₂,WHR,Water Treatment,WHR,,Active
cmic,extinguisher,cambodia,cmic,CMIC-PK-03,ABC Powder,Packing Plant,"Empty Bag Area, Groundfloor",Packing Plant,,Active
cmic,extinguisher,cambodia,cmic,CMIC-PK-07,ABC Powder,Packing Plant,"Empty Bag Area, Groundfloor",Packing Plant,,Active
cmic,extinguisher,cambodia,cmic,CMIC-PK-12,ABC Powder,Packing Plant,"Empty Bag Area, Groundfloor",Packing Plant,,Active
cmic,extinguisher,cambodia,cmic,CMIC-PK-15,ABC Powder,Packing Plant,"Truck Loading Area, Groundfloor",Packing Plant,,Active
cmic,extinguisher,cambodia,cmic,CMIC-PK-18,ABC Powder,Packing Plant,"Truck Loading Area, Groundfloor",Packing Plant,,Active
cmic,extinguisher,cambodia,cmic,CMIC-PK-26,ABC Powder,Packing Plant,"Packer Area, First Floor",Packing Plant,,Active
cmic,extinguisher,cambodia,cmic,CMIC-PK-31,ABC Powder,Packing Plant,"Packer Area, First Floor",Packing Plant,,Active
cmic,extinguisher,cambodia,cmic,CMIC-KN-01,ABC Powder,Kiln,ID Fan (441-FN1),Kiln,,Active
cmic,extinguisher,cambodia,cmic,CMIC-CM-16,ABC Powder,Cement Mill,531-BC1- Drive Plley,Cement Mill,,Active
cmic,extinguisher,cambodia,cmic,CMIC-CM-18,ABC Powder,Cement Mill,Under Bin 3,Cement Mill,,Active
cmic,extinguisher,cambodia,cmic,CMIC-CM-25,ABC Powder,Cement Mill,"561-BE1, RF1",Cement Mill,,Active
cmic,extinguisher,cambodia,cmic,CMIC-CM-29,ABC Powder,Cement Mill,"561-BC2,BE1",Cement Mill,,Active
cmic,extinguisher,cambodia,cmic,CMIC-CoS-10,ABC Powder,Coal Mill,Belt Conveyor L11-BC1,Coal Mill,,Active
cmic,extinguisher,cambodia,cmic,CMIC-CoS-24,ABC Powder,Coal Mill,Coal Storage,Coal Mill,,Active
cmic,extinguisher,cambodia,cmic,CMIC-CoS-25,ABC Powder,Coal Mill,Coal Storage,Coal Mill,,Active
cmic,extinguisher,cambodia,cmic,CMIC-CoS-33,ABC Powder,Coal Mill,Coal Storage,Coal Mill,,Active
cmic,extinguisher,cambodia,cmic,CMIC-CoS-37,ABC Powder,Coal Mill,Coal Storage,Coal Mill,,Active
cmic,extinguisher,cambodia,cmic,CMIC-CoM-56,ABC Powder,Coal Mill,Belt Conveyor L21-BC1,Coal Mill,,Active
cmic,extinguisher,cambodia,cmic,CMIC-CoM-73,ABC Powder,Coal Mill,Belt Conveyor L21-BC3,Coal Mill,,Active
cmic,extinguisher,cambodia,cmic,CMIC-CoM-78,ABC Powder,Coal Mill,Raw Coal Bin L21-2B1,Coal Mill,,Active
cmic,extinguisher,cambodia,cmic,CMIC-CoM-87,ABC Powder,Coal Mill,"Screw Conveyor L61-SC1,2,3&4",Coal Mill,,Active
cmic,extinguisher,cambodia,cmic,CMIC-AC-08,CO₂,Air Compressor Room,Air Compressor Crusher ,Air Compressor Room,,Active
cmic,extinguisher,cambodia,cmic,CMIC-MN-10,ABC Powder,Maintenance Workshop,Maintenance Workshop,Maintenance Workshop,,Active
cmic,extinguisher,cambodia,cmic,CMIC-MN-11,ABC Powder,Maintenance Workshop,Maintenance Workshop,Maintenance Workshop,,Active
cmic,extinguisher,cambodia,cmic,CMIC-MN-21,ABC Powder,Maintenance Workshop,Maintenance Workshop,Maintenance Workshop,,Active
cmic,extinguisher,cambodia,cmic,CMIC-EVE-06,CO₂,EVE,EVE,EVE,,Active
cmic,extinguisher,cambodia,cmic,CMIC-CN-01,ABC Powder,Canteen,Canteen,Canteen,,Active
cmic,extinguisher,cambodia,cmic,CMIC-CN-03,ABC Powder,Canteen,Canteen,Canteen,,Active
cmic,extinguisher,cambodia,cmic,CMIC-CN-11,ABC Powder,Canteen,Canteen,Canteen,,Active
cmic,extinguisher,cambodia,cmic,CMIC-ADM-17,ABC Powder,Admin Building,Parking  P9,Admin Building,,Active
cmic,extinguisher,cambodia,cmic,CMIC-ACC-04,BC Powder,Accomodation,Building A104,Accomodation,,Active
cmic,extinguisher,cambodia,cmic,CMIC-ACC-08,BC Powder,Accomodation,Building B102,Accomodation,,Active
cmic,extinguisher,cambodia,cmic,CMIC-ACC-17,BC Powder,Accomodation,Building C105,Accomodation,,Active
cmic,extinguisher,cambodia,cmic,CMIC-ACC-26,ABC Powder,Accomodation,Building D106,Accomodation,,Active
cmic,extinguisher,cambodia,cmic,CMIC-ACC-31,BC Powder,Accomodation,Building D111,Accomodation,,Active
cmic,extinguisher,cambodia,cmic,CMIC-ACC-33,BC Powder,Accomodation,Building D113,Accomodation,,Active
cmic,extinguisher,cambodia,cmic,CMIC-ACC-34,BC Powder,Accomodation,Building D114,Accomodation,,Active
cmic,extinguisher,cambodia,cmic,CMIC-ACC-46,BC Powder,Accomodation,Building D210,Accomodation,,Active
cmic,extinguisher,cambodia,cmic,CMIC-ACC-53,CO₂,Accomodation,Building D (Outside),Accomodation,,Active
cmic,extinguisher,cambodia,cmic,CMIC-ACC-62,ABC Powder,Accomodation,Building H01,Accomodation,,Active
cmic,extinguisher,cambodia,cmic,CMIC-ACC-64,ABC Powder,Accomodation,Building I01,Accomodation,,Active
cmic,extinguisher,cambodia,cmic,CMIC-ACC-70,ABC Powder,Accomodation,Building M04,Accomodation,,Active
cmic,extinguisher,cambodia,cmic,CMIC-ACC-78,BC Powder,Accomodation,Laundry Area,Accomodation,,Active
cmic,extinguisher,cambodia,cmic,CMIC-QW-01,CO₂,Quarry,Quarry Workshop,Quarry,,Active
cmic,extinguisher,cambodia,cmic,CMIC-QA-01,ABC Powder,QA,CCR Laboratory,QA,,Active
cmic,extinguisher,cambodia,cmic,CMIC-LG-10,ABC Powder,Logistic,Cement Warehouse,Logistic,,Active
cmic,extinguisher,cambodia,cmic,CMIC-LG-14,CO₂,Logistic,Logistic WB Inbound,Logistic,,Active
cmic,extinguisher,cambodia,cmic,CMIC-LG-04,ABC Powder,Logistic,Cement Warehouse,Logistic,,Active
cmic,extinguisher,cambodia,cmic,CMIC-LG-05,ABC Powder,Logistic,Cement Warehouse,Logistic,,Active
cmic,extinguisher,cambodia,cmic,CMIC-LG-09,ABC Powder,Logistic,Cement Warehouse,Logistic,,Active
cmic,extinguisher,cambodia,cmic,CMIC-LG-12,ABC Powder,Logistic,Cement Warehouse,Logistic,,Active
cmic,extinguisher,cambodia,cmic,CMIC-CCR-11,ABC Powder,CCR Building,Ground Floor,CCR Building,,Active
cmic,extinguisher,cambodia,cmic,CMIC-WHR-01,CO₂,WHR,Turbine and Generator Buildng,WHR,,Active
cmic,extinguisher,cambodia,cmic,CMIC-WHR-05,ABC Powder,WHR,Turbine and Generator Buildng,WHR,,Active
cmic,extinguisher,cambodia,cmic,CMIC-WHR-25,CO₂,WHR,Water Treatment,WHR,,Active
cmic,extinguisher,cambodia,cmic,CMIC-WHR-29,CO₂,WHR,AQC Boiler,WHR,,Active
cmic,extinguisher,cambodia,cmic,CMIC-WHR-30,ABC Powder,WHR,Cement Cooling,WHR,,Active
cmic,extinguisher,cambodia,cmic,CMIC-WHR-34,ABC Powder,WHR,Chemical mixing Room,WHR,,Active
cmic,extinguisher,cambodia,cmic,CMIC-PK-01,ABC Powder,Packing Plant,"Packing Office, Groundfloor",Packing Plant,,Active
cmic,extinguisher,cambodia,cmic,CMIC-PK-02,ABC Powder,Packing Plant,"Packing Office, Groundfloor",Packing Plant,,Active
cmic,extinguisher,cambodia,cmic,CMIC-PK-09,ABC Powder,Packing Plant,"Empty Bag Area, Groundfloor",Packing Plant,,Active
cmic,extinguisher,cambodia,cmic,CMIC-PK-19,ABC Powder,Packing Plant,"Packer Area, First Floor",Packing Plant,,Active
cmic,extinguisher,cambodia,cmic,CMIC-PK-37,ABC Powder,Packing Plant,"Belt WH 672, First Floor",Packing Plant,,Active
cmic,extinguisher,cambodia,cmic,CMIC-RM-06,ABC Powder,Raw Mill,Raw Mill Fan,Raw Mill,,Active
cmic,extinguisher,cambodia,cmic,CMIC-RM-08,ABC Powder,Raw Mill,Feed Bin,Raw Mill,,Active
cmic,extinguisher,cambodia,cmic,CMIC-KN-04,ABC Powder,Kiln,ID Fan (441-FN1),Kiln,,Active
cmic,extinguisher,cambodia,cmic,CMIC-KN-06,ABC Powder,Kiln,"Pfister Calciner (451-PF1),",Kiln,,Active
cmic,extinguisher,cambodia,cmic,CMIC-KN-12,ABC Powder,Kiln,Lubrication Room 461 - LQ1,Kiln,,Active
cmic,extinguisher,cambodia,cmic,CMIC-KN-14,ABC Powder,Kiln,Pfister Burner (481-PF1),Kiln,,Active
cmic,extinguisher,cambodia,cmic,CMIC-KN-15,ABC Powder,Kiln,Pfister Burner (481-PF1),Kiln,,Active
cmic,extinguisher,cambodia,cmic,CMIC-KN-21,ABC Powder,Kiln,Burner Plateform,Kiln,,Active
cmic,extinguisher,cambodia,cmic,CMIC-CR-06,ABC Powder,Crusher,241-CZ1,Crusher,,Active
cmic,extinguisher,cambodia,cmic,CMIC-CM-11,CO₂,Cement Mill,Cement Mill Lubrication Room,Cement Mill,,Active
cmic,extinguisher,cambodia,cmic,CMIC-CM-28,ABC Powder,Cement Mill,Under feed Bin,Cement Mill,,Active
cmic,extinguisher,cambodia,cmic,CMIC-CoS-08,ABC Powder,Coal Mill,Belt Conveyor L11-BC1,Coal Mill,,Active
cmic,extinguisher,cambodia,cmic,CMIC-CoS-11,ABC Powder,Coal Mill,Belt Conveyor L11-BC1,Coal Mill,,Active
cmic,extinguisher,cambodia,cmic,CMIC-CoS-12,ABC Powder,Coal Mill,Belt Conveyor L11-BC1,Coal Mill,,Active
cmic,extinguisher,cambodia,cmic,CMIC-CoS-27,ABC Powder,Coal Mill,Coal Storage,Coal Mill,,Active
cmic,extinguisher,cambodia,cmic,CMIC-CoS-41,ABC Powder,Coal Mill,Coal Storage,Coal Mill,,Active
cmic,extinguisher,cambodia,cmic,CMIC-CoS-44,ABC Powder,Coal Mill,Coal Storage,Coal Mill,,Active
cmic,extinguisher,cambodia,cmic,CMIC-CoM-59,ABC Powder,Coal Mill,Belt Conveyor L21-BC1,Coal Mill,,Active
cmic,extinguisher,cambodia,cmic,CMIC-CoM-60,ABC Powder,Coal Mill,Belt Conveyor L21-BC1,Coal Mill,,Active
cmic,extinguisher,cambodia,cmic,CMIC-CoM-61,ABC Powder,Coal Mill,Belt Conveyor L21-BC1,Coal Mill,,Active
cmic,extinguisher,cambodia,cmic,CMIC-CoM-63,ABC Powder,Coal Mill,Belt Conveyor L21-BC1,Coal Mill,,Active
cmic,extinguisher,cambodia,cmic,CMIC-CoM-64,ABC Powder,Coal Mill,Belt Conveyor L21-BC1,Coal Mill,,Active
cmic,extinguisher,cambodia,cmic,CMIC-CoM-69,ABC Powder,Coal Mill,Belt Conveyor L21-BC2,Coal Mill,,Active
cmic,extinguisher,cambodia,cmic,CMIC-CoM-83,ABC Powder,Coal Mill,Rotary Feeder L61-RF1,Coal Mill,,Active
cmic,extinguisher,cambodia,cmic,CMIC-AC-06,CO₂,Air Compressor Room,Air Compressor Packing,Air Compressor Room,,Active
cmic,extinguisher,cambodia,cmic,CMIC-MN-06,ABC Powder,Maintenance Workshop,Maintenance Workshop,Maintenance Workshop,,Active
cmic,extinguisher,cambodia,cmic,CMIC-MN-08,ABC Powder,Maintenance Workshop,Maintenance Workshop,Maintenance Workshop,,Active
cmic,extinguisher,cambodia,cmic,CMIC-MN-16,ABC Powder,Maintenance Workshop,Maintenance Workshop,Maintenance Workshop,,Active
cmic,extinguisher,cambodia,cmic,CMIC-MN-20,ABC Powder,Maintenance Workshop,Maintenance Workshop,Maintenance Workshop,,Active
cmic,extinguisher,cambodia,cmic,CMIC-MN-22,ABC Powder,Maintenance Workshop,Maintenance Workshop,Maintenance Workshop,,Active
cmic,extinguisher,cambodia,cmic,CMIC-MN-23,ABC Powder,Maintenance Workshop,Maintenance Workshop,Maintenance Workshop,,Active
cmic,extinguisher,cambodia,cmic,CMIC-MN-26,ABC Powder,Maintenance Workshop,Maintenance Workshop,Maintenance Workshop,,Active
cmic,extinguisher,cambodia,cmic,CMIC-LR-03,CO₂,Preventive Maintenance,Lubrication Room,Preventive Maintenance,,Active
cmic,extinguisher,cambodia,cmic,CMIC-EVE-08,ABC Powder,EVE,EVE,EVE,,Active
cmic,extinguisher,cambodia,cmic,CMIC-EVE-10,CO₂,EVE,EVE,EVE,,Active
cmic,extinguisher,cambodia,cmic,CMIC-CN-09,ABC Powder,Canteen,Canteen,Canteen,,Active
cmic,extinguisher,cambodia,cmic,CMIC-CN-12,ABC Powder,Canteen,Canteen,Canteen,,Active
cmic,extinguisher,cambodia,cmic,CMIC-ADM-02,CO₂,Admin Building,"Admin Building, GF",Admin Building,,Active
cmic,extinguisher,cambodia,cmic,CMIC-ADM-05,ABC Powder,Admin Building,"Admin Building, 1F",Admin Building,,Active
cmic,extinguisher,cambodia,cmic,CMIC-ACC-20,BC Powder,Accomodation,Building C108,Accomodation,,Active
cmic,extinguisher,cambodia,cmic,CMIC-ACC-22,BC Powder,Accomodation,Building D102,Accomodation,,Active
cmic,extinguisher,cambodia,cmic,CMIC-ACC-32,BC Powder,Accomodation,Building D112,Accomodation,,Active
cmic,extinguisher,cambodia,cmic,CMIC-ACC-36,BC Powder,Accomodation,Building D116,Accomodation,,Active
cmic,extinguisher,cambodia,cmic,CMIC-ACC-37,ABC Powder,Accomodation,Building D201,Accomodation,,Active
cmic,extinguisher,cambodia,cmic,CMIC-ACC-44,BC Powder,Accomodation,Building D208,Accomodation,,Active
cmic,extinguisher,cambodia,cmic,CMIC-ACC-45,BC Powder,Accomodation,Building D209,Accomodation,,Active
cmic,extinguisher,cambodia,cmic,CMIC-ACC-48,BC Powder,Accomodation,Building D212,Accomodation,,Active
cmic,extinguisher,cambodia,cmic,CMIC-ACC-59,ABC Powder,Accomodation,Building F01,Accomodation,,Active
cmic,extinguisher,cambodia,cmic,CMIC-ACC-71,ABC Powder,Accomodation,Building M05,Accomodation,,Active
cmic,extinguisher,cambodia,cmic,CMIC-QW-08,ABC Powder,Quarry,Quarry Workshop,Quarry,,Active
cmic,extinguisher,cambodia,cmic,CMIC-QW-15,ABC Powder,Quarry,Diesel Tank,Quarry,,Active
cmic,extinguisher,cambodia,cmic,CMIC-QW-19,ABC Powder,Quarry,CAT Workshop,Quarry,,Active
cmic,extinguisher,cambodia,cmic,CMIC-LG-07,ABC Powder,Logistic,Cement Warehouse,Logistic,,Active
cmic,extinguisher,cambodia,cmic,CMIC-CCR-03,ABC Powder,CCR Building,First Floor ,CCR Building,,Active
cmic,extinguisher,cambodia,cmic,CMIC-CCR-04,ABC Powder,CCR Building,First Floor ,CCR Building,,Active
cmic,extinguisher,cambodia,cmic,CMIC-CCR-09,ABC Powder,CCR Building,First Floor ,CCR Building,,Active
cmic,extinguisher,cambodia,cmic,CMIC-CCR-10,ABC Powder,CCR Building,Ground Floor,CCR Building,,Active
cmic,extinguisher,cambodia,cmic,CMIC-CCR-12,CO₂,CCR Building,Ground Floor,CCR Building,,Active
cmic,extinguisher,cambodia,cmic,CMIC-CCR-21,CO₂,CCR Building,Ground Floor,CCR Building,,Active
cmic,extinguisher,cambodia,cmic,CMIC-WHR-04,ABC Powder,WHR,Turbine and Generator Buildng,WHR,,Active
cmic,extinguisher,cambodia,cmic,CMIC-WHR-07,ABC Powder,WHR,Turbine and Generator Buildng,WHR,,Active
cmic,extinguisher,cambodia,cmic,CMIC-WHR-10,ABC Powder,WHR,Turbine and Generator Buildng,WHR,,Active
cmic,extinguisher,cambodia,cmic,CMIC-WHR-11,ABC Powder,WHR,Turbine and Generator Buildng,WHR,,Active
cmic,extinguisher,cambodia,cmic,CMIC-WHR-18,ABC Powder,WHR,Turbine and Generator Buildng,WHR,,Active
cmic,extinguisher,cambodia,cmic,CMIC-WHR-23,CO₂,WHR,Diesel Generator,WHR,,Active
cmic,extinguisher,cambodia,cmic,CMIC-WHR-26,CO₂,WHR,Water Treatment,WHR,,Active
cmic,extinguisher,cambodia,cmic,CMIC-WHR-32,ABC Powder,WHR,Pump House Room,WHR,,Active
cmic,extinguisher,cambodia,cmic,CMIC-PK-11,ABC Powder,Packing Plant,"Empty Bag Area, Groundfloor",Packing Plant,,Active
cmic,extinguisher,cambodia,cmic,CMIC-PK-28,ABC Powder,Packing Plant,"Packer Area, First Floor",Packing Plant,,Active
cmic,extinguisher,cambodia,cmic,CMIC-PK-41,ABC Powder,Packing Plant,"Belt WH 676, First Floor",Packing Plant,,Active
cmic,extinguisher,cambodia,cmic,CMIC-RM-04,ABC Powder,Raw Mill,Lubrication Room,Raw Mill,,Active
cmic,extinguisher,cambodia,cmic,CMIC-KN-02,ABC Powder,Kiln,ID Fan (441-FN1),Kiln,,Active
cmic,extinguisher,cambodia,cmic,CMIC-KN-10,ABC Powder,Kiln,Root Blower (451-BL 1& 2),Kiln,,Active
cmic,extinguisher,cambodia,cmic,CMIC-KN-17,ABC Powder,Kiln,Root Blower (481- BL 1&2),Kiln,,Active
cmic,extinguisher,cambodia,cmic,CMIC-KN-22,ABC Powder,Kiln,Burner Plateform,Kiln,,Active
cmic,extinguisher,cambodia,cmic,CMIC-KN-25,CO₂,Kiln,Diesel Pump Station,Kiln,,Active
cmic,extinguisher,cambodia,cmic,CMIC-CR-09,CO₂,Crusher,291-ST1,Crusher,,Active
cmic,extinguisher,cambodia,cmic,CMIC-CR-11,ABC Powder,Crusher,241-VS1,Crusher,,Active
cmic,extinguisher,cambodia,cmic,CMIC-CM-04,ABC Powder,Cement Mill,511-BCB (Drive Pulley),Cement Mill,,Active
cmic,extinguisher,cambodia,cmic,CMIC-CM-07,ABC Powder,Cement Mill,511-BC1 (Drive Pulley),Cement Mill,,Active
cmic,extinguisher,cambodia,cmic,CMIC-CM-13,ABC Powder,Cement Mill,Cement Mill Lubrication Room,Cement Mill,,Active
cmic,extinguisher,cambodia,cmic,CMIC-CoS-09,ABC Powder,Coal Mill,Belt Conveyor L11-BC1,Coal Mill,,Active
cmic,extinguisher,cambodia,cmic,CMIC-CoS-16,ABC Powder,Coal Mill,Coal Crusher L11-RC1,Coal Mill,,Active
cmic,extinguisher,cambodia,cmic,CMIC-CoS-21,ABC Powder,Coal Mill,Coal Crusher L11-RC1,Coal Mill,,Active
cmic,extinguisher,cambodia,cmic,CMIC-CoS-40,ABC Powder,Coal Mill,Coal Storage,Coal Mill,,Active
cmic,extinguisher,cambodia,cmic,CMIC-CoS-50,ABC Powder,Coal Mill,Coal Storage,Coal Mill,,Active
cmic,extinguisher,cambodia,cmic,CMIC-CoM-74,ABC Powder,Coal Mill,Belt Conveyor L21-BC3,Coal Mill,,Active
cmic,extinguisher,cambodia,cmic,CMIC-CoM-93,ABC Powder,Coal Mill,Fan L61-FN1,Coal Mill,,Active
cmic,extinguisher,cambodia,cmic,CMIC-AC-01,ABC Powder,Air Compressor Room,Air Compressor Raw Mill,Air Compressor Room,,Active
cmic,extinguisher,cambodia,cmic,CMIC-AC-05,ABC Powder,Air Compressor Room,Air Compressor Packing,Air Compressor Room,,Active
cmic,extinguisher,cambodia,cmic,CMIC-AC-07,ABC Powder,Air Compressor Room,Air Compressor Crusher ,Air Compressor Room,,Active
cmic,extinguisher,cambodia,cmic,CMIC-MN-05,ABC Powder,Maintenance Workshop,Maintenance Workshop,Maintenance Workshop,,Active
cmic,extinguisher,cambodia,cmic,CMIC-MN-27,ABC Powder,Maintenance Workshop,Maintenance Workshop,Maintenance Workshop,,Active
cmic,extinguisher,cambodia,cmic,CMIC-MN-29,ABC Powder,Maintenance Workshop,Maintenance Workshop,Maintenance Workshop,,Active
cmic,extinguisher,cambodia,cmic,CMIC-MN-35,ABC Powder,Maintenance Workshop,Maintenance Workshop,Maintenance Workshop,,Active
cmic,extinguisher,cambodia,cmic,CMIC-MN-36,ABC Powder,Maintenance Workshop,Maintenance Workshop,Maintenance Workshop,,Active
cmic,extinguisher,cambodia,cmic,CMIC-EVE-01,ABC Powder,EVE,EVE,EVE,,Active
cmic,extinguisher,cambodia,cmic,CMIC-EVE-03,ABC Powder,EVE,EVE,EVE,,Active
cmic,extinguisher,cambodia,cmic,CMIC-EVE-07,CO₂,EVE,EVE,EVE,,Active
cmic,extinguisher,cambodia,cmic,CMIC-CN-07,ABC Powder,Canteen,Canteen,Canteen,,Active
cmic,extinguisher,cambodia,cmic,CMIC-ADM-01,ABC Powder,Admin Building,"Admin Building, GF",Admin Building,,Active
cmic,extinguisher,cambodia,cmic,CMIC-ADM-09,ABC Powder,Admin Building,"Admin Building, 2F",Admin Building,,Active
cmic,extinguisher,cambodia,cmic,CMIC-ADM-12,CO₂,Admin Building,"Admin Building, 2F",Admin Building,,Active
cmic,extinguisher,cambodia,cmic,CMIC-ADM-13,ABC Powder,Admin Building,"Admin Building, Parking East",Admin Building,,Active
cmic,extinguisher,cambodia,cmic,CMIC-ACC-11,BC Powder,Accomodation,Building B105,Accomodation,,Active
cmic,extinguisher,cambodia,cmic,CMIC-ACC-13,BC Powder,Accomodation,Building C101,Accomodation,,Active
cmic,extinguisher,cambodia,cmic,CMIC-ACC-50,BC Powder,Accomodation,Building D214,Accomodation,,Active
cmic,extinguisher,cambodia,cmic,CMIC-ACC-55,ABC Powder,Accomodation,Dining Building (Outside),Accomodation,,Active
cmic,extinguisher,cambodia,cmic,CMIC-ACC-56,ABC Powder,Accomodation,Dining Building (Inside),Accomodation,,Active
cmic,extinguisher,cambodia,cmic,CMIC-ACC-57,ABC Powder,Accomodation,Dining Building (Inside),Accomodation,,Active
cmic,extinguisher,cambodia,cmic,CMIC-ACC-73,ABC Powder,Accomodation,Building L01,Accomodation,,Active
cmic,extinguisher,cambodia,cmic,CMIC-ACC-75,ABC Powder,Accomodation,"BBQ, N/A",Accomodation,,Active
cmic,extinguisher,cambodia,cmic,CMIC-QW-06,CO₂,Quarry,Quarry Workshop,Quarry,,Active
cmic,extinguisher,cambodia,cmic,CMIC-QW-13,ABC Powder,Quarry,Quarry Workshop,Quarry,,Active
cmic,extinguisher,cambodia,cmic,CMIC-QW-27,CO₂,Quarry,CAT Workshop,Quarry,,Active
cmic,extinguisher,cambodia,cmic,CMIC-SCP-02,CO₂,Securithy (OH&S),P4 Main Security Post,Securithy (OH&S),,Active
cmic,extinguisher,cambodia,cmic,CMIC-CIN-01,ABC Powder,OH&S,Clinic,OH&S,,Active
cmic,extinguisher,cambodia,cmic,CMIC-CCR-08,ABC Powder,CCR Building,First Floor ,CCR Building,,Active
cmic,extinguisher,cambodia,cmic,CMIC-CCR-14,ABC Powder,CCR Building,Ground Floor,CCR Building,,Active
cmic,extinguisher,cambodia,cmic,CMIC-CCR-15,ABC Powder,CCR Building,Ground Floor,CCR Building,,Active
cmic,extinguisher,cambodia,cmic,CMIC-CCR-18,CO₂,CCR Building,First Floor ,CCR Building,,Active
cmic,extinguisher,cambodia,cmic,CMIC-WHR-16,CO₂,WHR,Turbine and Generator Buildng,WHR,,Active
cmic,extinguisher,cambodia,cmic,CMIC-WHR-31,ABC Powder,WHR,Pump House Room,WHR,,Active
cmic,extinguisher,cambodia,cmic,CMIC-PK-04,ABC Powder,Packing Plant,"Empty Bag Area, Groundfloor",Packing Plant,,Active
cmic,extinguisher,cambodia,cmic,CMIC-PK-13,ABC Powder,Packing Plant,"Truck Loading Area, Groundfloor",Packing Plant,,Active
cmic,extinguisher,cambodia,cmic,CMIC-PK-17,ABC Powder,Packing Plant,"Truck Loading Area, Groundfloor",Packing Plant,,Active
cmic,extinguisher,cambodia,cmic,CMIC-PK-21,ABC Powder,Packing Plant,"Packer Area, First Floor",Packing Plant,,Active
cmic,extinguisher,cambodia,cmic,CMIC-PK-23,ABC Powder,Packing Plant,"Packer Area, First Floor",Packing Plant,,Active
cmic,extinguisher,cambodia,cmic,CMIC-PK-29,ABC Powder,Packing Plant,"Packer Area, First Floor",Packing Plant,,Active
cmic,extinguisher,cambodia,cmic,CMIC-PK-42,ABC Powder,Packing Plant,"Packing Plant Workshop, GF",Packing Plant,,Active
cmic,extinguisher,cambodia,cmic,CMIC-RM-05,ABC Powder,Raw Mill,Lubrication Room,Raw Mill,,Active
cmic,extinguisher,cambodia,cmic,CMIC-RM-09,ABC Powder,Raw Mill,Feed Bin,Raw Mill,,Active
cmic,extinguisher,cambodia,cmic,CMIC-RM-12,ABC Powder,Raw Mill,"Impact Crusher, N/A",Raw Mill,,Active
cmic,extinguisher,cambodia,cmic,CMIC-KN-03,ABC Powder,Kiln,ID Fan (441-FN1),Kiln,,Active
cmic,extinguisher,cambodia,cmic,CMIC-KN-11,ABC Powder,Kiln,"Lubrication Room 461 - LQ1,",Kiln,,Active
cmic,extinguisher,cambodia,cmic,CMIC-KN-26,CO₂,Kiln,Diesel Pump Station,Kiln,,Active
cmic,extinguisher,cambodia,cmic,CMIC-CR-03,ABC Powder,Crusher,211-BC1,Crusher,,Active
cmic,extinguisher,cambodia,cmic,CMIC-CR-05,ABC Powder,Crusher,241-BC3,Crusher,,Active
cmic,extinguisher,cambodia,cmic,CMIC-CM-02,ABC Powder,Cement Mill,511-BCA (Drive Pulley),Cement Mill,,Active
cmic,extinguisher,cambodia,cmic,CMIC-CoS-04,ABC Powder,Coal Mill,Belt Conveyor L11-BC1,Coal Mill,,Active
cmic,extinguisher,cambodia,cmic,CMIC-CoS-28,ABC Powder,Coal Mill,Coal Storage,Coal Mill,,Active
cmic,extinguisher,cambodia,cmic,CMIC-CoS-34,ABC Powder,Coal Mill,Coal Storage,Coal Mill,,Active
cmic,extinguisher,cambodia,cmic,CMIC-CoS-38,ABC Powder,Coal Mill,Coal Storage,Coal Mill,,Active
cmic,extinguisher,cambodia,cmic,CMIC-CoS-52,ABC Powder,Coal Mill,Coal Storage,Coal Mill,,Active
cmic,extinguisher,cambodia,cmic,CMIC-CoM-68,ABC Powder,Coal Mill,Belt Conveyor L21-BC2,Coal Mill,,Active
cmic,extinguisher,cambodia,cmic,CMIC-CoM-72,ABC Powder,Coal Mill,Belt Conveyor L21-BC3,Coal Mill,,Active
cmic,extinguisher,cambodia,cmic,CMIC-MN-01,ABC Powder,Maintenance Workshop,Maintenance Workshop,Maintenance Workshop,,Active
cmic,extinguisher,cambodia,cmic,CMIC-MN-02,ABC Powder,Maintenance Workshop,Maintenance Workshop,Maintenance Workshop,,Active
cmic,extinguisher,cambodia,cmic,CMIC-MN-14,ABC Powder,Maintenance Workshop,Maintenance Workshop,Maintenance Workshop,,Active
cmic,extinguisher,cambodia,cmic,CMIC-MN-17,CO₂,Maintenance Workshop,Maintenance Workshop,Maintenance Workshop,,Active
cmic,extinguisher,cambodia,cmic,CMIC-MN-18,ABC Powder,Maintenance Workshop,Maintenance Workshop,Maintenance Workshop,,Active
cmic,extinguisher,cambodia,cmic,CMIC-MN-19,ABC Powder,Maintenance Workshop,Maintenance Workshop,Maintenance Workshop,,Active
cmic,extinguisher,cambodia,cmic,CMIC-MN-24,ABC Powder,Maintenance Workshop,Maintenance Workshop,Maintenance Workshop,,Active
cmic,extinguisher,cambodia,cmic,CMIC-MN-25,ABC Powder,Maintenance Workshop,Maintenance Workshop,Maintenance Workshop,,Active
cmic,extinguisher,cambodia,cmic,CMIC-LR-01,ABC Powder,Preventive Maintenance,Lubrication Room,Preventive Maintenance,,Active
cmic,extinguisher,cambodia,cmic,CMIC-EVE-05,CO₂,EVE,EVE,EVE,,Active
cmic,extinguisher,cambodia,cmic,CMIC-CN-04,ABC Powder,Canteen,Canteen,Canteen,,Active
cmic,extinguisher,cambodia,cmic,CMIC-CN-05,ABC Powder,Canteen,Canteen,Canteen,,Active
cmic,extinguisher,cambodia,cmic,CMIC-ACC-05,BC Powder,Accomodation,Building A105,Accomodation,,Active
cmic,extinguisher,cambodia,cmic,CMIC-ACC-12,BC Powder,Accomodation,Building B106,Accomodation,,Active
cmic,extinguisher,cambodia,cmic,CMIC-ACC-16,BC Powder,Accomodation,Building C104,Accomodation,,Active
cmic,extinguisher,cambodia,cmic,CMIC-ACC-19,BC Powder,Accomodation,Building C107,Accomodation,,Active
cmic,extinguisher,cambodia,cmic,CMIC-ACC-23,BC Powder,Accomodation,Building D103,Accomodation,,Active
cmic,extinguisher,cambodia,cmic,CMIC-ACC-30,BC Powder,Accomodation,Building D110,Accomodation,,Active
cmic,extinguisher,cambodia,cmic,CMIC-ACC-51,BC Powder,Accomodation,Building D215,Accomodation,,Active
cmic,extinguisher,cambodia,cmic,CMIC-ACC-58,ABC Powder,Accomodation,Building E01,Accomodation,,Active
cmic,extinguisher,cambodia,cmic,CMIC-ACC-63,ABC Powder,Accomodation,Building H06,Accomodation,,Active
cmic,extinguisher,cambodia,cmic,CMIC-ACC-76,CO₂,Accomodation,"BBQ, N/A",Accomodation,,Active
cmic,extinguisher,cambodia,cmic,CMIC-QW-02,ABC Powder,Quarry,Quarry Workshop,Quarry,,Active
cmic,extinguisher,cambodia,cmic,CMIC-QW-04,ABC Powder,Quarry,Quarry Workshop,Quarry,,Active
cmic,extinguisher,cambodia,cmic,CMIC-QW-07,ABC Powder,Quarry,Quarry Workshop,Quarry,,Active
cmic,extinguisher,cambodia,cmic,CMIC-QW-11,ABC Powder,Quarry,Quarry Workshop,Quarry,,Active
cmic,extinguisher,cambodia,cmic,CMIC-QW-12,ABC Powder,Quarry,Quarry Workshop,Quarry,,Active
cmic,extinguisher,cambodia,cmic,CMIC-QW-17,CO₂,Quarry,UMG Workshop,Quarry,,Active
cmic,extinguisher,cambodia,cmic,CMIC-QW-18,CO₂,Quarry,CAT Workshop,Quarry,,Active
cmic,extinguisher,cambodia,cmic,CMIC-QW-26,ABC Powder,Quarry,Explosive Magazine,Quarry,,Active
cmic,extinguisher,cambodia,cmic,CMIC-QA-03,ABC Powder,QA,Physical Laboratory,QA,,Active
cmic,extinguisher,cambodia,cmic,CMIC-QA-06,ABC Powder,QA,Physical Laboratory,QA,,Active
cmic,extinguisher,cambodia,cmic,CMIC-CIT-03,ABC Powder,OH&S,CITTIC,OH&S,,Active
cmic,extinguisher,cambodia,cmic,CMIC-QW-22,ABC Powder,Quarry,Explosive Magazine,Quarry,,Active
cmic,extinguisher,cambodia,cmic,CMIC-QW-28,ABC Powder,Quarry,Security post explosive magazine,Quarry,,Active
cmic,extinguisher,cambodia,cmic,CMIC-QA-02,ABC Powder,QA,CCR Laboratory,QA,,Active
cmic,extinguisher,cambodia,cmic,CMIC-CIN-02,CO₂,OH&S,Clinic,OH&S,,Active
cmic,extinguisher,cambodia,cmic,CMIC-CIT-05,ABC Powder,OH&S,CITTIC,OH&S,,Active
cmic,extinguisher,cambodia,cmic,CMIC-LG-01,ABC Powder,Logistic,Cement Warehouse,Logistic,,Active
cmic,extinguisher,cambodia,cmic,CMIC-LG-11,ABC Powder,Logistic,Cement Warehouse,Logistic,,Active
cmic,extinguisher,cambodia,cmic,CMIC-LG-18,CO₂,Logistic,Logistic office,Logistic,,Active
cmic,extinguisher,cambodia,cmic,CMIC-LG-21,ABC Powder,Logistic,Logistic Waiting Room,Logistic,,Active
cmic,extinguisher,cambodia,cmic,CMIC-WH-05,ABC Powder,Warehouse,Warehouse ,Warehouse,,Active
cmic,extinguisher,cambodia,cmic,CMIC-SB-RM-16,CO₂,Electrical,Raw Mill Substation,Electrical,,Active
cmic,extinguisher,cambodia,cmic,CMIC-SB-PK-16,CO₂,Electrical,Packing Plant Substation,Electrical,,Active
cmic,extinguisher,cambodia,cmic,CMIC-SB-CM-05,CO₂,Electrical,Cement Mill Substion,Electrical,,Active
cmic,extinguisher,cambodia,cmic,CMIC-SB-CM-07,CO₂,Electrical,Cement Mill Substion,Electrical,,Active
cmic,extinguisher,cambodia,cmic,CMIC-SB-CM-24,CO₂,Electrical,Cement Mill Substion,Electrical,,Active
cmic,extinguisher,cambodia,cmic,CMIC-SB-R-Mat-05,CO₂,Electrical,Raw Material Substation,Electrical,,Active
cmic,extinguisher,cambodia,cmic,CMIC-SB-KC-02,CO₂,Electrical,Kiln & Cooler Substation,Electrical,,Active
cmic,extinguisher,cambodia,cmic,CMIC-SB-KC-04,CO₂,Electrical,Kiln & Cooler Substation,Electrical,,Active
cmic,extinguisher,cambodia,cmic,CMIC-SB-KC-10,CO₂,Electrical,Kiln & Cooler Substation,Electrical,,Active
cmic,extinguisher,cambodia,cmic,CMIC-SB-KC-15,CO₂,Electrical,Kiln & Cooler Substation,Electrical,,Active
cmic,extinguisher,cambodia,cmic,CMIC-SB-KC-17,CO₂,Electrical,Kiln & Cooler Substation,Electrical,,Active
cmic,extinguisher,cambodia,cmic,CMIC-SB-KC-20,CO₂,Electrical,Kiln & Cooler Substation,Electrical,,Active
cmic,extinguisher,cambodia,cmic,CMIC-SB-KC-24,CO₂,Electrical,Kiln & Cooler Substation,Electrical,,Active
cmic,extinguisher,cambodia,cmic,CMIC-SB-KC-28,CO₂,Electrical,Kiln & Cooler Substation,Electrical,,Active
cmic,extinguisher,cambodia,cmic,CMIC-SB-KC-29,CO₂,Electrical,Kiln & Cooler Substation,Electrical,,Active
cmic,extinguisher,cambodia,cmic,CMIC-SB-KC-31,CO₂,Electrical,Kiln & Cooler Substation,Electrical,,Active
cmic,extinguisher,cambodia,cmic,CMIC-SB-KC-32,CO₂,Electrical,Kiln & Cooler Substation,Electrical,,Active
cmic,extinguisher,cambodia,cmic,CMIC-SB-KC-33,CO₂,Electrical,Kiln & Cooler Substation,Electrical,,Active
cmic,extinguisher,cambodia,cmic,CMIC-SB-CO-05,CO₂,Electrical,Coal Mill Substation,Electrical,,Active
cmic,extinguisher,cambodia,cmic,CMIC-SB-CO-09,CO₂,Electrical,Coal Mill Substation,Electrical,,Active
cmic,extinguisher,cambodia,cmic,CMIC-SB-LS-04,CO₂,Electrical,Limestone Substation,Electrical,,Active
cmic,extinguisher,cambodia,cmic,CMIC-SB-LS-11,CO₂,Electrical,Limestone Substation,Electrical,,Active
cmic,extinguisher,cambodia,cmic,CMIC-SB-AD-13,CO₂,Electrical,Additive Substation,Electrical,,Active
cmic,extinguisher,cambodia,cmic,CMIC-SB-WMS-05,CO₂,Electrical,WMS Substation,Electrical,,Active
cmic,extinguisher,cambodia,cmic,CMIC-SB-CC-08,CO₂,Electrical,Coal Crusher Substation,Electrical,,Active
cmic,extinguisher,cambodia,cmic,CMIC-SB-Main-Sub-02,CO₂,Electrical,Main Substation,Electrical,,Active
cmic,extinguisher,cambodia,cmic,CMIC-SB-Main-Sub-10,CO₂,Electrical,Main Substation,Electrical,,Active
cmic,extinguisher,cambodia,cmic,CMIC-SB-Main-Sub-13,CO₂,Electrical,Main Substation,Electrical,,Active
cmic,extinguisher,cambodia,cmic,CMIC-SB-Main-Sub-20,CO₂,Electrical,Main Substation,Electrical,,Active
cmic,extinguisher,cambodia,cmic,CMIC-SB-Main-Sub-32,CO₂,Electrical,Main Substation,Electrical,,Active
cmic,extinguisher,cambodia,cmic,CMIC-SB-Main-Sub-33,CO₂,Electrical,Main Substation,Electrical,,Active
cmic,extinguisher,cambodia,cmic,CMIC-SB-421-FN1-01,CO₂,Electrical,Raw Mill Main backhouse,Electrical,,Active
cmic,extinguisher,cambodia,cmic,CMIC-ECO-01,ABC Powder,ECOCYCLE,Branding Waste Sotrage Area,ECOCYCLE,,Active
cmic,extinguisher,cambodia,cmic,CMIC-ECO-03,ABC Powder,ECOCYCLE,Branding Waste Sotrage Area,ECOCYCLE,,Active
cmic,extinguisher,cambodia,cmic,CMIC-ECO-11,ABC Powder,ECOCYCLE,Hazardous Waste Storage Area,ECOCYCLE,,Active
cmic,extinguisher,cambodia,cmic,CMIC-ECO-36,ABC Powder,ECOCYCLE,Liquid feeding area,ECOCYCLE,,Active
cmic,extinguisher,cambodia,cmic,CMIC-WH-KS-05,ABC Powder,Ecocycle (Kour Srov),Warehouse Kour srov,Ecocycle (Kour Srov),,Active
cmic,extinguisher,cambodia,cmic,CMIC-WH-KS-06,ABC Powder,Ecocycle (Kour Srov),Warehouse Kour srov,Ecocycle (Kour Srov),,Active
cmic,extinguisher,cambodia,cmic,CMIC-PHN-01,BC Powder,Phnom Penh Office,Near admin Desk,Phnom Penh Office,,Active
cmic,extinguisher,cambodia,cmic,CMIC-SHV-01,CO₂,ECOCYCLE (SHV),Container Office,ECOCYCLE (SHV),,Active
cmic,extinguisher,cambodia,cmic,CMIC-SHV-06,CO₂,ECOCYCLE (SHV),Electrical Panel,ECOCYCLE (SHV),,Active
cmic,extinguisher,cambodia,cmic,CMIC-LG-23,ABC Powder,Logistic,Logistic Post Gate IN,Logistic,,Active
cmic,extinguisher,cambodia,cmic,CMIC-WH-02,ABC Powder,Warehouse,Warehouse ,Warehouse,,Active
cmic,extinguisher,cambodia,cmic,CMIC-WH-07,ABC Powder,Warehouse,Warehouse ,Warehouse,,Active
cmic,extinguisher,cambodia,cmic,CMIC-WH-15,ABC Powder,Warehouse,Diesel Station,Warehouse,,Active
cmic,extinguisher,cambodia,cmic,CMIC-WH-23,CO₂,Warehouse,Diesel Station,Warehouse,,Active
cmic,extinguisher,cambodia,cmic,CMIC-WH-24,ABC Powder,Warehouse,Cement Warehouse packing,Warehouse,,Active
cmic,extinguisher,cambodia,cmic,CMIC-SB-RM-06,CO₂,Electrical,Raw Mill Substation,Electrical,,Active
cmic,extinguisher,cambodia,cmic,CMIC-SB-RM-09,CO₂,Electrical,Raw Mill Substation,Electrical,,Active
cmic,extinguisher,cambodia,cmic,CMIC-SB-RM-10,CO₂,Electrical,Raw Mill Substation,Electrical,,Active
cmic,extinguisher,cambodia,cmic,CMIC-SB-RM-21,CO₂,Electrical,Raw Mill Substation,Electrical,,Active
cmic,extinguisher,cambodia,cmic,CMIC-SB-PK-03,CO₂,Electrical,Packing Plant Substation,Electrical,,Active
cmic,extinguisher,cambodia,cmic,CMIC-SB-PK-12,CO₂,Electrical,Packing Plant Substation,Electrical,,Active
cmic,extinguisher,cambodia,cmic,CMIC-SB-CM-04,CO₂,Electrical,Cement Mill Substion,Electrical,,Active
cmic,extinguisher,cambodia,cmic,CMIC-SB-CM-06,CO₂,Electrical,Cement Mill Substion,Electrical,,Active
cmic,extinguisher,cambodia,cmic,CMIC-SB-CM-12,CO₂,Electrical,Cement Mill Substion,Electrical,,Active
cmic,extinguisher,cambodia,cmic,CMIC-SB-R-Mat-11,CO₂,Electrical,Raw Material Substation,Electrical,,Active
cmic,extinguisher,cambodia,cmic,CMIC-SB-KC-12,CO₂,Electrical,Kiln & Cooler Substation,Electrical,,Active
cmic,extinguisher,cambodia,cmic,CMIC-SB-KC-16,CO₂,Electrical,Kiln & Cooler Substation,Electrical,,Active
cmic,extinguisher,cambodia,cmic,CMIC-SB-KC-18,CO₂,Electrical,Kiln & Cooler Substation,Electrical,,Active
cmic,extinguisher,cambodia,cmic,CMIC-SB-KC-22,CO₂,Electrical,Kiln & Cooler Substation,Electrical,,Active
cmic,extinguisher,cambodia,cmic,CMIC-SB-KC-25,CO₂,Electrical,Kiln & Cooler Substation,Electrical,,Active
cmic,extinguisher,cambodia,cmic,CMIC-SB-KC-27,CO₂,Electrical,Kiln & Cooler Substation,Electrical,,Active
cmic,extinguisher,cambodia,cmic,CMIC-SB-CO-15,CO₂,Electrical,Coal Mill Substation,Electrical,,Active
cmic,extinguisher,cambodia,cmic,CMIC-SB-PGNAA-01,CO₂,Electrical,PGNAA Substation,Electrical,,Active
cmic,extinguisher,cambodia,cmic,CMIC-SB-AD-01,CO₂,Electrical,Additive Substation,Electrical,,Active
cmic,extinguisher,cambodia,cmic,CMIC-SB-WHR-04,CO₂,Electrical,WHR Substation,Electrical,,Active
cmic,extinguisher,cambodia,cmic,CMIC-SB-WHR-06,CO₂,Electrical,WHR Substation,Electrical,,Active
cmic,extinguisher,cambodia,cmic,CMIC-SB-WHR-09,CO₂,Electrical,WHR Substation,Electrical,,Active
cmic,extinguisher,cambodia,cmic,CMIC-SB-WMS-08,CO₂,Electrical,WMS Substation,Electrical,,Active
cmic,extinguisher,cambodia,cmic,CMIC-SB-CC-02,CO₂,Electrical,Coal Crusher Substation,Electrical,,Active
cmic,extinguisher,cambodia,cmic,CMIC-SB-CC-10,CO₂,Electrical,Coal Crusher Substation,Electrical,,Active
cmic,extinguisher,cambodia,cmic,CMIC-SB-CC-11,CO₂,Electrical,Coal Crusher Substation,Electrical,,Active
cmic,extinguisher,cambodia,cmic,CMIC-SB-Main-Sub-04,CO₂,Electrical,Main Substation,Electrical,,Active
cmic,extinguisher,cambodia,cmic,CMIC-SB-Main-Sub-11,CO₂,Electrical,Main Substation,Electrical,,Active
cmic,extinguisher,cambodia,cmic,CMIC-SB-Main-Sub-16,CO₂,Electrical,Main Substation,Electrical,,Active
cmic,extinguisher,cambodia,cmic,CMIC-SB-Main-Sub-17,CO₂,Electrical,Main Substation,Electrical,,Active
cmic,extinguisher,cambodia,cmic,CMIC-SB-Main-Sub-18,CO₂,Electrical,Main Substation,Electrical,,Active
cmic,extinguisher,cambodia,cmic,CMIC-SB-Main-Sub-21,CO₂,Electrical,Main Substation,Electrical,,Active
cmic,extinguisher,cambodia,cmic,CMIC-SB-Main-Sub-26,CO₂,Electrical,Main Substation,Electrical,,Active
cmic,extinguisher,cambodia,cmic,CMIC-SB-561-BF1-01,CO₂,Electrical,Cement Mill bacg filter,Electrical,,Active
cmic,extinguisher,cambodia,cmic,CMIC-SB-441-L61-2K1-01,CO₂,Electrical,Gas coal mill ,Electrical,,Active
cmic,extinguisher,cambodia,cmic,CMIC-SB-L91-2K2-01,CO₂,Electrical,Calciner Bin,Electrical,,Active
cmic,extinguisher,cambodia,cmic,CMIC-SB-421-FN1-02,CO₂,Electrical,Raw Mill Main backhouse,Electrical,,Active
cmic,extinguisher,cambodia,cmic,CMIC-ECO-17,Foam,ECOCYCLE,Shredding Building,ECOCYCLE,,Active
cmic,extinguisher,cambodia,cmic,CMIC-ECO-24,ABC Powder,ECOCYCLE,V6-WF01,ECOCYCLE,,Active
cmic,extinguisher,cambodia,cmic,CMIC-WH-KS-03,ABC Powder,Ecocycle (Kour Srov),Warehouse Kour srov,Ecocycle (Kour Srov),,Active
cmic,extinguisher,cambodia,cmic,CMIC-WH-04,ABC Powder,Warehouse,Warehouse ,Warehouse,,Active
cmic,extinguisher,cambodia,cmic,CMIC-WH-08,ABC Powder,Warehouse,Warehouse ,Warehouse,,Active
cmic,extinguisher,cambodia,cmic,CMIC-WH-11,BC Powder,Warehouse,Warehouse ,Warehouse,,Active
cmic,extinguisher,cambodia,cmic,CMIC-WH-12,BC Powder,Warehouse,Warehouse ,Warehouse,,Active
cmic,extinguisher,cambodia,cmic,CMIC-SB-RM-13,CO₂,Electrical,Raw Mill Substation,Electrical,,Active
cmic,extinguisher,cambodia,cmic,CMIC-SB-RM-15,CO₂,Electrical,Raw Mill Substation,Electrical,,Active
cmic,extinguisher,cambodia,cmic,CMIC-SB-RM-22,CO₂,Electrical,Raw Mill Substation,Electrical,,Active
cmic,extinguisher,cambodia,cmic,CMIC-SB-PK-04,CO₂,Electrical,Packing Plant Substation,Electrical,,Active
cmic,extinguisher,cambodia,cmic,CMIC-SB-PK-08,CO₂,Electrical,Packing Plant Substation,Electrical,,Active
cmic,extinguisher,cambodia,cmic,CMIC-SB-PK-09,CO₂,Electrical,Packing Plant Substation,Electrical,,Active
cmic,extinguisher,cambodia,cmic,CMIC-SB-PK-11,CO₂,Electrical,Packing Plant Substation,Electrical,,Active
cmic,extinguisher,cambodia,cmic,CMIC-SB-CM-08,CO₂,Electrical,Cement Mill Substion,Electrical,,Active
cmic,extinguisher,cambodia,cmic,CMIC-SB-CM-11,CO₂,Electrical,Cement Mill Substion,Electrical,,Active
cmic,extinguisher,cambodia,cmic,CMIC-SB-CM-15,CO₂,Electrical,Cement Mill Substion,Electrical,,Active
cmic,extinguisher,cambodia,cmic,CMIC-SB-R-Mat-02,CO₂,Electrical,Raw Material Substation,Electrical,,Active
cmic,extinguisher,cambodia,cmic,CMIC-SB-R-Mat-03,CO₂,Electrical,Raw Material Substation,Electrical,,Active
cmic,extinguisher,cambodia,cmic,CMIC-SB-R-Mat-07,CO₂,Electrical,Raw Material Substation,Electrical,,Active
cmic,extinguisher,cambodia,cmic,CMIC-SB-R-Mat-08,CO₂,Electrical,Raw Material Substation,Electrical,,Active
cmic,extinguisher,cambodia,cmic,CMIC-SB-R-Mat-14,CO₂,Electrical,Raw Material Substation,Electrical,,Active
cmic,extinguisher,cambodia,cmic,CMIC-SB-KC-06,CO₂,Electrical,Kiln & Cooler Substation,Electrical,,Active
cmic,extinguisher,cambodia,cmic,CMIC-SB-KC-08,CO₂,Electrical,Kiln & Cooler Substation,Electrical,,Active
cmic,extinguisher,cambodia,cmic,CMIC-SB-KC-09,CO₂,Electrical,Kiln & Cooler Substation,Electrical,,Active
cmic,extinguisher,cambodia,cmic,CMIC-SB-KC-26,CO₂,Electrical,Kiln & Cooler Substation,Electrical,,Active
cmic,extinguisher,cambodia,cmic,CMIC-SB-KC-30,CO₂,Electrical,Kiln & Cooler Substation,Electrical,,Active
cmic,extinguisher,cambodia,cmic,CMIC-SB-LS-14,CO₂,Electrical,Limestone Substation,Electrical,,Active
cmic,extinguisher,cambodia,cmic,CMIC-SB-AD-03,CO₂,Electrical,Additive Substation,Electrical,,Active
cmic,extinguisher,cambodia,cmic,CMIC-SB-AD-11,CO₂,Electrical,Additive Substation,Electrical,,Active
cmic,extinguisher,cambodia,cmic,CMIC-SB-WHR-05,CO₂,Electrical,WHR Substation,Electrical,,Active
cmic,extinguisher,cambodia,cmic,CMIC-SB-WS-02,CO₂,Electrical,Workshop Substation,Electrical,,Active
cmic,extinguisher,cambodia,cmic,CMIC-SB-WMS-03,CO₂,Electrical,WMS Substation,Electrical,,Active
cmic,extinguisher,cambodia,cmic,CMIC-SB-WMS-06,CO₂,Electrical,WMS Substation,Electrical,,Active
cmic,extinguisher,cambodia,cmic,CMIC-SB-PH-01,CO₂,Electrical,PH Substation,Electrical,,Active
cmic,extinguisher,cambodia,cmic,CMIC-SB-Main-Sub-12,CO₂,Electrical,Main Substation,Electrical,,Active
cmic,extinguisher,cambodia,cmic,CMIC-SB-Main-Sub-24,CO₂,Electrical,Main Substation,Electrical,,Active
cmic,extinguisher,cambodia,cmic,CMIC-SB-Main-Sub-34,CO₂,Electrical,Main Substation,Electrical,,Active
cmic,extinguisher,cambodia,cmic,CMIC-SB-461-2K1-02,CO₂,Electrical,Gas Inlet,Electrical,,Active
cmic,extinguisher,cambodia,cmic,CMIC-SB-L91-2K1-01,CO₂,Electrical,burner Bin,Electrical,,Active
cmic,extinguisher,cambodia,cmic,CMIC-SB-L91-2K1-02,CO₂,Electrical,burner Bin,Electrical,,Active
cmic,extinguisher,cambodia,cmic,CMIC-SB-441-2N1-01,CO₂,Electrical,Gas outlet PH,Electrical,,Active
cmic,extinguisher,cambodia,cmic,CMIC-ECO-05,ABC Powder,ECOCYCLE,Branding Waste Sotrage Area,ECOCYCLE,,Active
cmic,extinguisher,cambodia,cmic,CMIC-ECO-25,ABC Powder,ECOCYCLE,V6-BC4 Motor of Preheater C5,ECOCYCLE,,Active
cmic,extinguisher,cambodia,cmic,CMIC-ECO-35,ABC Powder,ECOCYCLE,EcocycleAR warehouse,ECOCYCLE,,Active
cmic,extinguisher,cambodia,cmic,CMIC-ECO-37,Foam,ECOCYCLE,Liquid feeding area,ECOCYCLE,,Active
cmic,extinguisher,cambodia,cmic,CMIC-PHN-02,BC Powder,Phnom Penh Office,Next to Procurment department,Phnom Penh Office,,Active
cmic,extinguisher,cambodia,cmic,CMIC-SHV-03,ABC Powder,ECOCYCLE (SHV),SHV Warhdouse next to door,ECOCYCLE (SHV),,Active
cmic,extinguisher,cambodia,cmic,CMIC-LG-16,CO₂,Logistic,Logistic WB Outbound,Logistic,,Active
cmic,extinguisher,cambodia,cmic,CMIC-LG-22,CO₂,Logistic,Logistic Post Gate IN,Logistic,,Active
cmic,extinguisher,cambodia,cmic,CMIC-SB-RM-01,CO₂,Electrical,Raw Mill Substation,Electrical,,Active
cmic,extinguisher,cambodia,cmic,CMIC-SB-RM-04,CO₂,Electrical,Raw Mill Substation,Electrical,,Active
cmic,extinguisher,cambodia,cmic,CMIC-SB-RM-11,CO₂,Electrical,Raw Mill Substation,Electrical,,Active
cmic,extinguisher,cambodia,cmic,CMIC-SB-RM-19,CO₂,Electrical,Raw Mill Substation,Electrical,,Active
cmic,extinguisher,cambodia,cmic,CMIC-SB-RM-20,CO₂,Electrical,Raw Mill Substation,Electrical,,Active
cmic,extinguisher,cambodia,cmic,CMIC-SB-PK-06,CO₂,Electrical,Packing Plant Substation,Electrical,,Active
cmic,extinguisher,cambodia,cmic,CMIC-SB-PK-13,CO₂,Electrical,Packing Plant Substation,Electrical,,Active
cmic,extinguisher,cambodia,cmic,CMIC-SB-CM-01,CO₂,Electrical,Cement Mill Substion,Electrical,,Active
cmic,extinguisher,cambodia,cmic,CMIC-SB-CM-13,CO₂,Electrical,Cement Mill Substion,Electrical,,Active
cmic,extinguisher,cambodia,cmic,CMIC-SB-CM-14,CO₂,Electrical,Cement Mill Substion,Electrical,,Active
cmic,extinguisher,cambodia,cmic,CMIC-SB-CM-23,CO₂,Electrical,Cement Mill Substion,Electrical,,Active
cmic,extinguisher,cambodia,cmic,CMIC-SB-R-Mat-06,CO₂,Electrical,Raw Material Substation,Electrical,,Active
cmic,extinguisher,cambodia,cmic,CMIC-SB-KC-05,CO₂,Electrical,Kiln & Cooler Substation,Electrical,,Active
cmic,extinguisher,cambodia,cmic,CMIC-SB-KC-11,CO₂,Electrical,Kiln & Cooler Substation,Electrical,,Active
cmic,extinguisher,cambodia,cmic,CMIC-SB-KC-14,CO₂,Electrical,Kiln & Cooler Substation,Electrical,,Active
cmic,extinguisher,cambodia,cmic,CMIC-SB-CO-13,CO₂,Electrical,Coal Mill Substation,Electrical,,Active
cmic,extinguisher,cambodia,cmic,CMIC-SB-CO-16,CO₂,Electrical,Coal Mill Substation,Electrical,,Active
cmic,extinguisher,cambodia,cmic,CMIC-SB-PGNAA-02,CO₂,Electrical,PGNAA Substation,Electrical,,Active
cmic,extinguisher,cambodia,cmic,CMIC-SB-LS-02,CO₂,Electrical,Limestone Substation,Electrical,,Active
cmic,extinguisher,cambodia,cmic,CMIC-SB-LS-06,CO₂,Electrical,Limestone Substation,Electrical,,Active
cmic,extinguisher,cambodia,cmic,CMIC-SB-LS-09,CO₂,Electrical,Limestone Substation,Electrical,,Active
cmic,extinguisher,cambodia,cmic,CMIC-SB-AD-05,CO₂,Electrical,Additive Substation,Electrical,,Active
cmic,extinguisher,cambodia,cmic,CMIC-SB-AD-06,CO₂,Electrical,Additive Substation,Electrical,,Active
cmic,extinguisher,cambodia,cmic,CMIC-SB-AD-07,CO₂,Electrical,Additive Substation,Electrical,,Active
cmic,extinguisher,cambodia,cmic,CMIC-SB-AD-09,CO₂,Electrical,Additive Substation,Electrical,,Active
cmic,extinguisher,cambodia,cmic,CMIC-SB-WS-03,CO₂,Electrical,Workshop Substation,Electrical,,Active
cmic,extinguisher,cambodia,cmic,CMIC-SB-WMS-10,CO₂,Electrical,WMS Substation,Electrical,,Active
cmic,extinguisher,cambodia,cmic,CMIC-SB-WMS-12,CO₂,Electrical,WMS Substation,Electrical,,Active
cmic,extinguisher,cambodia,cmic,CMIC-SB-WMS-13,CO₂,Electrical,WMS Substation,Electrical,,Active
cmic,extinguisher,cambodia,cmic,CMIC-SB-CC-01,CO₂,Electrical,Coal Crusher Substation,Electrical,,Active
cmic,extinguisher,cambodia,cmic,CMIC-SB-CC-04,CO₂,Electrical,Coal Crusher Substation,Electrical,,Active
cmic,extinguisher,cambodia,cmic,CMIC-SB-CC-07,CO₂,Electrical,Coal Crusher Substation,Electrical,,Active
cmic,extinguisher,cambodia,cmic,CMIC-SB-Main-Sub-01,CO₂,Electrical,Main Substation,Electrical,,Active
cmic,extinguisher,cambodia,cmic,CMIC-SB-Main-Sub-03,CO₂,Electrical,Main Substation,Electrical,,Active
cmic,extinguisher,cambodia,cmic,CMIC-SB-Main-Sub-05,CO₂,Electrical,Main Substation,Electrical,,Active
cmic,extinguisher,cambodia,cmic,CMIC-SB-Main-Sub-08,CO₂,Electrical,Main Substation,Electrical,,Active
cmic,extinguisher,cambodia,cmic,CMIC-SB-Main-Sub-19,CO₂,Electrical,Main Substation,Electrical,,Active
cmic,extinguisher,cambodia,cmic,CMIC-SB-Main-Sub-22,CO₂,Electrical,Main Substation,Electrical,,Active
cmic,extinguisher,cambodia,cmic,CMIC-SB-Main-Sub-27,CO₂,Electrical,Main Substation,Electrical,,Active
cmic,extinguisher,cambodia,cmic,CMIC-SB-L61-FN1-02,CO₂,Electrical,Coal Mill FAN,Electrical,,Active
cmic,extinguisher,cambodia,cmic,CMIC-ECO-02,Foam,ECOCYCLE,Branding Waste Sotrage Area,ECOCYCLE,,Active
cmic,extinguisher,cambodia,cmic,CMIC-ECO-06,ABC Powder,ECOCYCLE,Branding Waste Sotrage Area,ECOCYCLE,,Active
cmic,extinguisher,cambodia,cmic,CMIC-ECO-19,ABC Powder,ECOCYCLE,Shredding Building,ECOCYCLE,,Active
cmic,extinguisher,cambodia,cmic,CMIC-ECO-26,ABC Powder,ECOCYCLE,V6-BC4 Motor of Preheater C5,ECOCYCLE,,Active
cmic,extinguisher,cambodia,cmic,CMIC-ECO-33,CO₂,ECOCYCLE,Ecocycle Lab,ECOCYCLE,,Active
cmic,extinguisher,cambodia,cmic,CMIC-PP-Lab-01,ABC Powder,Phnom Penh Lab,Aggregate Testing Room,Phnom Penh Lab,,Active
cmic,extinguisher,cambodia,cmic,CMIC-PHN-03,BC Powder,Phnom Penh Office,In the meeting room P04,Phnom Penh Office,,Active
cmic,extinguisher,cambodia,cmic,CMIC-SHV-04,ABC Powder,ECOCYCLE (SHV),SHV Warhdouse next to door,ECOCYCLE (SHV),,Active
cmic,extinguisher,cambodia,cmic,CMIC-WH-01,ABC Powder,Warehouse,Warehouse ,Warehouse,,Active
cmic,extinguisher,cambodia,cmic,CMIC-WH-03,ABC Powder,Warehouse,Warehouse ,Warehouse,,Active
cmic,extinguisher,cambodia,cmic,CMIC-WH-14,CO₂,Warehouse,Warehouse ,Warehouse,,Active
cmic,extinguisher,cambodia,cmic,CMIC-WH-22,ABC Powder,Warehouse,Diesel Station,Warehouse,,Active
cmic,extinguisher,cambodia,cmic,CMIC-SB-RM-03,CO₂,Electrical,Raw Mill Substation,Electrical,,Active
cmic,extinguisher,cambodia,cmic,CMIC-SB-RM-08,CO₂,Electrical,Raw Mill Substation,Electrical,,Active
cmic,extinguisher,cambodia,cmic,CMIC-SB-RM-14,CO₂,Electrical,Raw Mill Substation,Electrical,,Active
cmic,extinguisher,cambodia,cmic,CMIC-SB-PK-02,CO₂,Electrical,Packing Plant Substation,Electrical,,Active
cmic,extinguisher,cambodia,cmic,CMIC-SB-PK-05,CO₂,Electrical,Packing Plant Substation,Electrical,,Active
cmic,extinguisher,cambodia,cmic,CMIC-SB-PK-14,CO₂,Electrical,Packing Plant Substation,Electrical,,Active
cmic,extinguisher,cambodia,cmic,CMIC-SB-PK-15,CO₂,Electrical,Packing Plant Substation,Electrical,,Active
cmic,extinguisher,cambodia,cmic,CMIC-SB-CM-10,CO₂,Electrical,Cement Mill Substion,Electrical,,Active
cmic,extinguisher,cambodia,cmic,CMIC-SB-CM-16,CO₂,Electrical,Cement Mill Substion,Electrical,,Active
cmic,extinguisher,cambodia,cmic,CMIC-SB-CM-17,CO₂,Electrical,Cement Mill Substion,Electrical,,Active
cmic,extinguisher,cambodia,cmic,CMIC-SB-CM-21,CO₂,Electrical,Cement Mill Substion,Electrical,,Active
cmic,extinguisher,cambodia,cmic,CMIC-SB-KC-07,CO₂,Electrical,Kiln & Cooler Substation,Electrical,,Active
cmic,extinguisher,cambodia,cmic,CMIC-SB-KC-19,CO₂,Electrical,Kiln & Cooler Substation,Electrical,,Active
cmic,extinguisher,cambodia,cmic,CMIC-SB-KC-23,CO₂,Electrical,Kiln & Cooler Substation,Electrical,,Active
cmic,extinguisher,cambodia,cmic,CMIC-SB-KC-34,CO₂,Electrical,Kiln & Cooler Substation,Electrical,,Active
cmic,extinguisher,cambodia,cmic,CMIC-SB-CO-02,CO₂,Electrical,Coal Mill Substation,Electrical,,Active
cmic,extinguisher,cambodia,cmic,CMIC-SB-CO-04,CO₂,Electrical,Coal Mill Substation,Electrical,,Active
cmic,extinguisher,cambodia,cmic,CMIC-SB-CO-08,CO₂,Electrical,Coal Mill Substation,Electrical,,Active
cmic,extinguisher,cambodia,cmic,CMIC-SB-CO-11,CO₂,Electrical,Coal Mill Substation,Electrical,,Active
cmic,extinguisher,cambodia,cmic,CMIC-SB-LS-01,CO₂,Electrical,Limestone Substation,Electrical,,Active
cmic,extinguisher,cambodia,cmic,CMIC-SB-LS-03,CO₂,Electrical,Limestone Substation,Electrical,,Active
cmic,extinguisher,cambodia,cmic,CMIC-SB-LS-07,CO₂,Electrical,Limestone Substation,Electrical,,Active
cmic,extinguisher,cambodia,cmic,CMIC-SB-LS-08,CO₂,Electrical,Limestone Substation,Electrical,,Active
cmic,extinguisher,cambodia,cmic,CMIC-SB-LS-15,CO₂,Electrical,Limestone Substation,Electrical,,Active
cmic,extinguisher,cambodia,cmic,CMIC-SB-AD-02,CO₂,Electrical,Additive Substation,Electrical,,Active
cmic,extinguisher,cambodia,cmic,CMIC-SB-AD-04,CO₂,Electrical,Additive Substation,Electrical,,Active
cmic,extinguisher,cambodia,cmic,CMIC-SB-AD-08,CO₂,Electrical,Additive Substation,Electrical,,Active
cmic,extinguisher,cambodia,cmic,CMIC-SB-AD-14,CO₂,Electrical,Additive Substation,Electrical,,Active
cmic,extinguisher,cambodia,cmic,CMIC-SB-WS-04,CO₂,Electrical,Workshop Substation,Electrical,,Active
cmic,extinguisher,cambodia,cmic,CMIC-SB-PH-02,CO₂,Electrical,PH Substation,Electrical,,Active
cmic,extinguisher,cambodia,cmic,CMIC-SB-CC-14,CO₂,Electrical,Coal Crusher Substation,Electrical,,Active
cmic,extinguisher,cambodia,cmic,CMIC-SB-CC-15,CO₂,Electrical,Coal Crusher Substation,Electrical,,Active
cmic,extinguisher,cambodia,cmic,CMIC-SB-Main-Sub-15,CO₂,Electrical,Main Substation,Electrical,,Active
cmic,extinguisher,cambodia,cmic,CMIC-SB-Main-Sub-31,CO₂,Electrical,Main Substation,Electrical,,Active
cmic,extinguisher,cambodia,cmic,CMIC-SB-461-2K1-01,CO₂,Electrical,Gas Inlet,Electrical,,Active
cmic,extinguisher,cambodia,cmic,CMIC-SB-441-L61-2K1-02,CO₂,Electrical,Gas coal mill ,Electrical,,Active
cmic,extinguisher,cambodia,cmic,CMIC-ECO-09,ABC Powder,ECOCYCLE,Hazardous Waste Storage Area,ECOCYCLE,,Active
cmic,extinguisher,cambodia,cmic,CMIC-ECO-16,ABC Powder,ECOCYCLE,Shredding Building,ECOCYCLE,,Active
cmic,extinguisher,cambodia,cmic,CMIC-ECO-18,ABC Powder,ECOCYCLE,Shredding Building,ECOCYCLE,,Active
cmic,extinguisher,cambodia,cmic,CMIC-ECO-22,ABC Powder,ECOCYCLE,Biomass-BC3 Dispose,ECOCYCLE,,Active
cmic,extinguisher,cambodia,cmic,CMIC-PP-Lab-02,ABC Powder,Phnom Penh Lab,Concrete Testing Room,Phnom Penh Lab,,Active
cmic,extinguisher,cambodia,cmic,CMIC-SHV-07,ABC Powder,ECOCYCLE (SHV),Electrical Panel,ECOCYCLE (SHV),,Active
cmic,extinguisher,cambodia,cmic,CMIC-SHV-08,ABC Powder,ECOCYCLE (SHV),Electrical Panel,ECOCYCLE (SHV),,Active
cmic,extinguisher,cambodia,cmic,CMIC-LG-15,ABC Powder,Logistic,Logistic WB Inbound,Logistic,,Active
cmic,extinguisher,cambodia,cmic,CMIC-LG-17,ABC Powder,Logistic,Logistic WB Outbound,Logistic,,Active
cmic,extinguisher,cambodia,cmic,CMIC-LG-20,CO₂,Logistic,Logistic Waiting Room,Logistic,,Active
cmic,extinguisher,cambodia,cmic,CMIC-SB-RM-07,CO₂,Electrical,Raw Mill Substation,Electrical,,Active
cmic,extinguisher,cambodia,cmic,CMIC-SB-RM-17,CO₂,Electrical,Raw Mill Substation,Electrical,,Active
cmic,extinguisher,cambodia,cmic,CMIC-SB-PK-01,CO₂,Electrical,Packing Plant Substation,Electrical,,Active
cmic,extinguisher,cambodia,cmic,CMIC-SB-PK-10,CO₂,Electrical,Packing Plant Substation,Electrical,,Active
cmic,extinguisher,cambodia,cmic,CMIC-SB-CM-09,CO₂,Electrical,Cement Mill Substion,Electrical,,Active
cmic,extinguisher,cambodia,cmic,CMIC-SB-CM-20,CO₂,Electrical,Cement Mill Substion,Electrical,,Active
cmic,extinguisher,cambodia,cmic,CMIC-SB-CM-22,CO₂,Electrical,Cement Mill Substion,Electrical,,Active
cmic,extinguisher,cambodia,cmic,CMIC-SB-R-Mat-04,CO₂,Electrical,Raw Material Substation,Electrical,,Active
cmic,extinguisher,cambodia,cmic,CMIC-SB-R-Mat-13,CO₂,Electrical,Raw Material Substation,Electrical,,Active
cmic,extinguisher,cambodia,cmic,CMIC-SB-KC-21,CO₂,Electrical,Kiln & Cooler Substation,Electrical,,Active
cmic,extinguisher,cambodia,cmic,CMIC-SB-CO-06,CO₂,Electrical,Coal Mill Substation,Electrical,,Active
cmic,extinguisher,cambodia,cmic,CMIC-SB-CO-10,CO₂,Electrical,Coal Mill Substation,Electrical,,Active
cmic,extinguisher,cambodia,cmic,CMIC-SB-LS-12,CO₂,Electrical,Limestone Substation,Electrical,,Active
cmic,extinguisher,cambodia,cmic,CMIC-SB-LS-13,CO₂,Electrical,Limestone Substation,Electrical,,Active
cmic,extinguisher,cambodia,cmic,CMIC-SB-LS-16,CO₂,Electrical,Limestone Substation,Electrical,,Active
cmic,extinguisher,cambodia,cmic,CMIC-SB-WHR-01,CO₂,Electrical,WHR Substation,Electrical,,Active
cmic,extinguisher,cambodia,cmic,CMIC-SB-WHR-08,CO₂,Electrical,WHR Substation,Electrical,,Active
cmic,extinguisher,cambodia,cmic,CMIC-SB-WS-01,CO₂,Electrical,Workshop Substation,Electrical,,Active
cmic,extinguisher,cambodia,cmic,CMIC-SB-WMS-09,CO₂,Electrical,WMS Substation,Electrical,,Active
cmic,extinguisher,cambodia,cmic,CMIC-SB-CC-03,CO₂,Electrical,Coal Crusher Substation,Electrical,,Active
cmic,extinguisher,cambodia,cmic,CMIC-SB-CC-06,CO₂,Electrical,Coal Crusher Substation,Electrical,,Active
cmic,extinguisher,cambodia,cmic,CMIC-SB-CC-09,CO₂,Electrical,Coal Crusher Substation,Electrical,,Active
cmic,extinguisher,cambodia,cmic,CMIC-SB-Main-Sub-07,CO₂,Electrical,Main Substation,Electrical,,Active
cmic,extinguisher,cambodia,cmic,CMIC-SB-Main-Sub-14,CO₂,Electrical,Main Substation,Electrical,,Active
cmic,extinguisher,cambodia,cmic,CMIC-SB-Main-Sub-30,CO₂,Electrical,Main Substation,Electrical,,Active
cmic,extinguisher,cambodia,cmic,CMIC-SB-Main-Sub-37,ABC Powder,Electrical,Main Substation,Electrical,,Active
cmic,extinguisher,cambodia,cmic,CMIC-ECO-07,ABC Powder,ECOCYCLE,Hazardous Waste Storage Area,ECOCYCLE,,Active
cmic,extinguisher,cambodia,cmic,CMIC-ECO-10,ABC Powder,ECOCYCLE,Hazardous Waste Storage Area,ECOCYCLE,,Active
cmic,extinguisher,cambodia,cmic,CMIC-ECO-12,ABC Powder,ECOCYCLE,Hazardous Waste Storage Area,ECOCYCLE,,Active
cmic,extinguisher,cambodia,cmic,CMIC-ECO-13,ABC Powder,ECOCYCLE,Shredding Building,ECOCYCLE,,Active
cmic,extinguisher,cambodia,cmic,CMIC-ECO-14,ABC Powder,ECOCYCLE,Shredding Building,ECOCYCLE,,Active
cmic,extinguisher,cambodia,cmic,CMIC-ECO-28,ABC Powder,ECOCYCLE,V8-WF1 Motor of Preheater C4,ECOCYCLE,,Active
cmic,extinguisher,cambodia,cmic,CMIC-LG-19,ABC Powder,Logistic,Logistic office,Logistic,,Active
cmic,extinguisher,cambodia,cmic,CMIC-WH-10,ABC Powder,Warehouse,Warehouse ,Warehouse,,Active
cmic,extinguisher,cambodia,cmic,CMIC-WH-13,CO₂,Warehouse,Warehouse ,Warehouse,,Active
cmic,extinguisher,cambodia,cmic,CMIC-WH-16,ABC Powder,Warehouse,Diesel Station,Warehouse,,Active
cmic,extinguisher,cambodia,cmic,CMIC-WH-17,ABC Powder,Warehouse,Diesel Station,Warehouse,,Active
cmic,extinguisher,cambodia,cmic,CMIC-WH-18,ABC Powder,Warehouse,Diesel Station,Warehouse,,Active
cmic,extinguisher,cambodia,cmic,CMIC-WH-19,ABC Powder,Warehouse,Diesel Station,Warehouse,,Active
cmic,extinguisher,cambodia,cmic,CMIC-WH-20,ABC Powder,Warehouse,Diesel Station,Warehouse,,Active
cmic,extinguisher,cambodia,cmic,CMIC-SB-RM-02,CO₂,Electrical,Raw Mill Substation,Electrical,,Active
cmic,extinguisher,cambodia,cmic,CMIC-SB-RM-05,CO₂,Electrical,Raw Mill Substation,Electrical,,Active
cmic,extinguisher,cambodia,cmic,CMIC-SB-RM-18,CO₂,Electrical,Raw Mill Substation,Electrical,,Active
cmic,extinguisher,cambodia,cmic,CMIC-SB-CM-02,CO₂,Electrical,Cement Mill Substion,Electrical,,Active
cmic,extinguisher,cambodia,cmic,CMIC-SB-CM-03,CO₂,Electrical,Cement Mill Substion,Electrical,,Active
cmic,extinguisher,cambodia,cmic,CMIC-SB-CM-18,CO₂,Electrical,Cement Mill Substion,Electrical,,Active
cmic,extinguisher,cambodia,cmic,CMIC-SB-R-Mat-09,CO₂,Electrical,Raw Material Substation,Electrical,,Active
cmic,extinguisher,cambodia,cmic,CMIC-SB-KC-13,CO₂,Electrical,Kiln & Cooler Substation,Electrical,,Active
cmic,extinguisher,cambodia,cmic,CMIC-SB-LS-10,CO₂,Electrical,Limestone Substation,Electrical,,Active
cmic,extinguisher,cambodia,cmic,CMIC-SB-AD-12,CO₂,Electrical,Additive Substation,Electrical,,Active
cmic,extinguisher,cambodia,cmic,CMIC-SB-WHR-02,CO₂,Electrical,WHR Substation,Electrical,,Active
cmic,extinguisher,cambodia,cmic,CMIC-SB-WHR-07,CO₂,Electrical,WHR Substation,Electrical,,Active
cmic,extinguisher,cambodia,cmic,CMIC-SB-WHR-10,CO₂,Electrical,WHR Substation,Electrical,,Active
cmic,extinguisher,cambodia,cmic,CMIC-SB-WMS-07,CO₂,Electrical,WMS Substation,Electrical,,Active
cmic,extinguisher,cambodia,cmic,CMIC-SB-CC-05,CO₂,Electrical,Coal Crusher Substation,Electrical,,Active
cmic,extinguisher,cambodia,cmic,CMIC-SB-Main-Sub-09,CO₂,Electrical,Main Substation,Electrical,,Active
cmic,extinguisher,cambodia,cmic,CMIC-SB-Main-Sub-28,CO₂,Electrical,Main Substation,Electrical,,Active
cmic,extinguisher,cambodia,cmic,CMIC-SB-Main-Sub-29,CO₂,Electrical,Main Substation,Electrical,,Active
cmic,extinguisher,cambodia,cmic,CMIC-SB-L91-2K2-02,CO₂,Electrical,Calciner Bin,Electrical,,Active
cmic,extinguisher,cambodia,cmic,CMIC-SB-L61-FN1-01,CO₂,Electrical,Coal Mill FAN,Electrical,,Active
cmic,extinguisher,cambodia,cmic,CMIC-ECO-15,ABC Powder,ECOCYCLE,Shredding Building,ECOCYCLE,,Active
cmic,extinguisher,cambodia,cmic,CMIC-ECO-23,ABC Powder,ECOCYCLE,V6-WF01 near BC4 Ground,ECOCYCLE,,Active
cmic,extinguisher,cambodia,cmic,CMIC-ECO-29,ABC Powder,ECOCYCLE,V8-AF1 Motor of Preheater C3,ECOCYCLE,,Active
cmic,extinguisher,cambodia,cmic,CMIC-ECO-32,ABC Powder,ECOCYCLE,Ecocycle Lab,ECOCYCLE,,Active
cmic,extinguisher,cambodia,cmic,CMIC-WH-KS-04,ABC Powder,Ecocycle (Kour Srov),Warehouse Kour srov,Ecocycle (Kour Srov),,Active
cmic,extinguisher,cambodia,cmic,CMIC-PHN-04,BC Powder,Phnom Penh Office,Next to HR department,Phnom Penh Office,,Active
cmic,extinguisher,cambodia,cmic,CMIC-SHV-05,ABC Powder,ECOCYCLE (SHV),SHV Warhdouse next to door,ECOCYCLE (SHV),,Active
cmic,extinguisher,cambodia,cmic,CMIC-WH-06,ABC Powder,Warehouse,Warehouse ,Warehouse,,Active
cmic,extinguisher,cambodia,cmic,CMIC-WH-09,ABC Powder,Warehouse,Warehouse ,Warehouse,,Active
cmic,extinguisher,cambodia,cmic,CMIC-WH-21,ABC Powder,Warehouse,Diesel Station,Warehouse,,Active
cmic,extinguisher,cambodia,cmic,CMIC-SB-RM-12,CO₂,Electrical,Raw Mill Substation,Electrical,,Active
cmic,extinguisher,cambodia,cmic,CMIC-SB-PK-07,CO₂,Electrical,Packing Plant Substation,Electrical,,Active
cmic,extinguisher,cambodia,cmic,CMIC-SB-CM-19,CO₂,Electrical,Cement Mill Substion,Electrical,,Active
cmic,extinguisher,cambodia,cmic,CMIC-SB-R-Mat-01,CO₂,Electrical,Raw Material Substation,Electrical,,Active
cmic,extinguisher,cambodia,cmic,CMIC-SB-R-Mat-10,CO₂,Electrical,Raw Material Substation,Electrical,,Active
cmic,extinguisher,cambodia,cmic,CMIC-SB-R-Mat-12,CO₂,Electrical,Raw Material Substation,Electrical,,Active
cmic,extinguisher,cambodia,cmic,CMIC-SB-KC-01,CO₂,Electrical,Kiln & Cooler Substation,Electrical,,Active
cmic,extinguisher,cambodia,cmic,CMIC-SB-KC-03,CO₂,Electrical,Kiln & Cooler Substation,Electrical,,Active
cmic,extinguisher,cambodia,cmic,CMIC-SB-CO-01,CO₂,Electrical,Coal Mill Substation,Electrical,,Active
cmic,extinguisher,cambodia,cmic,CMIC-SB-CO-03,CO₂,Electrical,Coal Mill Substation,Electrical,,Active
cmic,extinguisher,cambodia,cmic,CMIC-SB-CO-07,CO₂,Electrical,Coal Mill Substation,Electrical,,Active
cmic,extinguisher,cambodia,cmic,CMIC-SB-CO-12,CO₂,Electrical,Coal Mill Substation,Electrical,,Active
cmic,extinguisher,cambodia,cmic,CMIC-SB-CO-14,CO₂,Electrical,Coal Mill Substation,Electrical,,Active
cmic,extinguisher,cambodia,cmic,CMIC-SB-LS-05,CO₂,Electrical,Limestone Substation,Electrical,,Active
cmic,extinguisher,cambodia,cmic,CMIC-SB-AD-10,CO₂,Electrical,Additive Substation,Electrical,,Active
cmic,extinguisher,cambodia,cmic,CMIC-SB-WHR-03,CO₂,Electrical,WHR Substation,Electrical,,Active
cmic,extinguisher,cambodia,cmic,CMIC-SB-WMS-01,CO₂,Electrical,WMS Substation,Electrical,,Active
cmic,extinguisher,cambodia,cmic,CMIC-SB-WMS-02,CO₂,Electrical,WMS Substation,Electrical,,Active
cmic,extinguisher,cambodia,cmic,CMIC-SB-WMS-04,CO₂,Electrical,WMS Substation,Electrical,,Active
cmic,extinguisher,cambodia,cmic,CMIC-SB-WMS-11,CO₂,Electrical,WMS Substation,Electrical,,Active
cmic,extinguisher,cambodia,cmic,CMIC-SB-PH-03,CO₂,Electrical,PH Substation,Electrical,,Active
cmic,extinguisher,cambodia,cmic,CMIC-SB-PH-04,CO₂,Electrical,PH Substation,Electrical,,Active
cmic,extinguisher,cambodia,cmic,CMIC-SB-CC-12,CO₂,Electrical,Coal Crusher Substation,Electrical,,Active
cmic,extinguisher,cambodia,cmic,CMIC-SB-CC-13,CO₂,Electrical,Coal Crusher Substation,Electrical,,Active
cmic,extinguisher,cambodia,cmic,CMIC-SB-Main-Sub-06,CO₂,Electrical,Main Substation,Electrical,,Active
cmic,extinguisher,cambodia,cmic,CMIC-SB-Main-Sub-23,CO₂,Electrical,Main Substation,Electrical,,Active
cmic,extinguisher,cambodia,cmic,CMIC-SB-Main-Sub-25,CO₂,Electrical,Main Substation,Electrical,,Active
cmic,extinguisher,cambodia,cmic,CMIC-SB-Main-Sub-35,CO₂,Electrical,Main Substation,Electrical,,Active
cmic,extinguisher,cambodia,cmic,CMIC-SB-Main-Sub-36,CO₂,Electrical,Main Substation,Electrical,,Active
cmic,extinguisher,cambodia,cmic,CMIC-SB-561-BF1-02,CO₂,Electrical,Cement Mill bacg filter,Electrical,,Active
cmic,extinguisher,cambodia,cmic,CMIC-SB-441-2N1-02,CO₂,Electrical,Gas outlet PH,Electrical,,Active
cmic,extinguisher,cambodia,cmic,CMIC-ECO-04,ABC Powder,ECOCYCLE,Branding Waste Sotrage Area,ECOCYCLE,,Active
cmic,extinguisher,cambodia,cmic,CMIC-ECO-08,Foam,ECOCYCLE,Hazardous Waste Storage Area,ECOCYCLE,,Active
cmic,extinguisher,cambodia,cmic,CMIC-ECO-20,ABC Powder,ECOCYCLE,Wasteria Bunkler Area,ECOCYCLE,,Active
cmic,extinguisher,cambodia,cmic,CMIC-ECO-21,ABC Powder,ECOCYCLE,Wasteria Bunkler Area,ECOCYCLE,,Active
cmic,extinguisher,cambodia,cmic,CMIC-ECO-27,ABC Powder,ECOCYCLE,V8-WF1 Motor of Preheater C4,ECOCYCLE,,Active
cmic,extinguisher,cambodia,cmic,CMIC-ECO-30,ABC Powder,ECOCYCLE,V8-AF1 Motor of Preheater C3,ECOCYCLE,,Active
cmic,extinguisher,cambodia,cmic,CMIC-ECO-31,ABC Powder,ECOCYCLE,V8-AV1 Double Plate Valve,ECOCYCLE,,Active
cmic,extinguisher,cambodia,cmic,CMIC-ECO-34,ABC Powder,ECOCYCLE,Ecoycle AR warehouse,ECOCYCLE,,Active
cmic,extinguisher,cambodia,cmic,CMIC-WH-KS-01,ABC Powder,Ecocycle (Kour Srov),Warehouse Kour srov,Ecocycle (Kour Srov),,Active
cmic,extinguisher,cambodia,cmic,CMIC-WH-KS-02,ABC Powder,Ecocycle (Kour Srov),Warehouse Kour srov,Ecocycle (Kour Srov),,Active
cmic,extinguisher,cambodia,cmic,CMIC-WH-KS-07,CO₂,Ecocycle (Kour Srov),Warehouse Kour srov,Ecocycle (Kour Srov),,Active
cmic,extinguisher,cambodia,cmic,CMIC-PHN-05,ABC Powder,Phnom Penh Office,Infront of meeting room P03,Phnom Penh Office,,Active
cmic,extinguisher,cambodia,cmic,CMIC-SHV-02,CO₂,ECOCYCLE (SHV),SHV Warhdouse next to door,ECOCYCLE (SHV),,Active
cmic,extinguisher,cambodia,cmic,CMIC-SHV-09,ABC Powder,ECOCYCLE (SHV),Electrical Panel,ECOCYCLE (SHV),,Active
cmic,hydrant,cambodia,cmic,CMIC-H-CCR-01,Fire Indoor hydrant,CCR Building,,CCR Building,,
cmic,hydrant,cambodia,cmic,CMIC-H-CCR-02,Fire Indoor hydrant,CCR Building,,CCR Building,,
cmic,hydrant,cambodia,cmic,CMIC-H-CCR-03,Fire Indoor hydrant,CCR Building,,CCR Building,,
cmic,hydrant,cambodia,cmic,CMIC-H-CCR-04,Fire Indoor hydrant,CCR Building,,CCR Building,,
cmic,hydrant,cambodia,cmic,CMIC-H-CCR-05,Fire Indoor hydrant,CCR Building,,CCR Building,,
cmic,hydrant,cambodia,cmic,CMIC-H-CCR-06,Fire Indoor hydrant,CCR Building,,CCR Building,,
cmic,hydrant,cambodia,cmic,CMIC-H-CCR-07,Fire Indoor hydrant,CCR Building,,CCR Building,,
cmic,hydrant,cambodia,cmic,CMIC-H-WHR-01,Fire Indoor hydrant,WHR,,WHR,,
cmic,hydrant,cambodia,cmic,CMIC-H-WHR-02,Fire Indoor hydrant,WHR,,WHR,,
cmic,hydrant,cambodia,cmic,CMIC-H-WHR-03,Fire Indoor hydrant,WHR,,WHR,,
cmic,hydrant,cambodia,cmic,CMIC-H-WHR-04,Fire Indoor hydrant,WHR,,WHR,,
cmic,hydrant,cambodia,cmic,CMIC-H-CoS-01,Fire Indoor hydrant,Coal Mill,,Coal Mill,,
cmic,hydrant,cambodia,cmic,CMIC-H-CoS-02,Fire Indoor hydrant,Coal Mill,,Coal Mill,,
cmic,hydrant,cambodia,cmic,CMIC-H-CoS-03,Fire Indoor hydrant,Coal Mill,,Coal Mill,,
cmic,hydrant,cambodia,cmic,CMIC-H-CoS-04,Fire Indoor hydrant,Coal Mill,,Coal Mill,,
cmic,hydrant,cambodia,cmic,CMIC-H-CoS-05,Fire Indoor hydrant,Coal Mill,,Coal Mill,,
cmic,hydrant,cambodia,cmic,CMIC-H-CoS-06,Fire Indoor hydrant,Coal Mill,,Coal Mill,,
cmic,hydrant,cambodia,cmic,CMIC-H-CoS-07,Fire Indoor hydrant,Coal Mill,,Coal Mill,,
cmic,hydrant,cambodia,cmic,CMIC-H-CoS-08,Fire Indoor hydrant,Coal Mill,,Coal Mill,,
cmic,hydrant,cambodia,cmic,CMIC-H-CoS-09,Fire Indoor hydrant,Coal Mill,,Coal Mill,,
cmic,hydrant,cambodia,cmic,CMIC-H-CoS-10,Fire Indoor hydrant,Coal Mill,,Coal Mill,,
cmic,hydrant,cambodia,cmic,CMIC-H-CoS-11,Fire Indoor hydrant,Coal Mill,,Coal Mill,,
cmic,hydrant,cambodia,cmic,CMIC-H-CoS-12,Fire Indoor hydrant,Coal Mill,,Coal Mill,,
cmic,hydrant,cambodia,cmic,CMIC-H-CoS-13,Fire Indoor hydrant,Coal Mill,,Coal Mill,,
cmic,hydrant,cambodia,cmic,CMIC-H-CoS-14,Fire Indoor hydrant,Coal Mill,,Coal Mill,,
cmic,hydrant,cambodia,cmic,CMIC-H-CoS-15,Fire Indoor hydrant,Coal Mill,,Coal Mill,,
cmic,hydrant,cambodia,cmic,CMIC-H-CoS-16,Fire Indoor hydrant,Coal Mill,,Coal Mill,,
cmic,hydrant,cambodia,cmic,CMIC-H-CoS-17,Fire Indoor hydrant,Coal Mill,,Coal Mill,,
cmic,hydrant,cambodia,cmic,CMIC-H-CoS-18,Fire Indoor hydrant,Coal Mill,,Coal Mill,,
cmic,hydrant,cambodia,cmic,CMIC-H-CoS-19,Fire Indoor hydrant,Coal Mill,,Coal Mill,,
cmic,hydrant,cambodia,cmic,CMIC-H-CoS-20,Fire Indoor hydrant,Coal Mill,,Coal Mill,,
cmic,hydrant,cambodia,cmic,CMIC-H-CoS-21,Fire Indoor hydrant,Coal Mill,,Coal Mill,,
cmic,hydrant,cambodia,cmic,CMIC-H-CoS-22,Fire Indoor hydrant,Coal Mill,,Coal Mill,,
cmic,hydrant,cambodia,cmic,CMIC-H-CoS-23,Fire Indoor hydrant,Coal Mill,,Coal Mill,,
cmic,hydrant,cambodia,cmic,CMIC-H-CoM-01,Fire Indoor hydrant,Coal Mill,,Coal Mill,,
cmic,hydrant,cambodia,cmic,CMIC-H-CoM-02,Fire Indoor hydrant,Coal Mill,,Coal Mill,,
cmic,hydrant,cambodia,cmic,CMIC-H-CoM-03,Fire Indoor hydrant,Coal Mill,,Coal Mill,,
cmic,hydrant,cambodia,cmic,CMIC-H-CoM-04,Fire Indoor hydrant,Coal Mill,,Coal Mill,,
cmic,hydrant,cambodia,cmic,CMIC-H-CoM-05,Fire Indoor hydrant,Coal Mill,,Coal Mill,,
cmic,hydrant,cambodia,cmic,CMIC-H-CoM-06,Fire Indoor hydrant,Coal Mill,,Coal Mill,,
cmic,hydrant,cambodia,cmic,CMIC-H-CoM-07,Fire Indoor hydrant,Coal Mill,,Coal Mill,,
cmic,hydrant,cambodia,cmic,CMIC-H-CoM-08,Fire Indoor hydrant,Coal Mill,,Coal Mill,,
cmic,hydrant,cambodia,cmic,CMIC-H-CoM-09,Fire Indoor hydrant,Coal Mill,,Coal Mill,,
cmic,hydrant,cambodia,cmic,CMIC-H-CoM-10,Fire Indoor hydrant,Coal Mill,,Coal Mill,,
cmic,hydrant,cambodia,cmic,CMIC-H-CoM-11,Fire Indoor hydrant,Coal Mill,,Coal Mill,,
cmic,hydrant,cambodia,cmic,CMIC-H-CoM-12,Fire Indoor hydrant,Coal Mill,,Coal Mill,,
cmic,hydrant,cambodia,cmic,CMIC-H-CoM-13,Fire Indoor hydrant,Coal Mill,,Coal Mill,,
cmic,hydrant,cambodia,cmic,CMIC-H-CoM-14,Fire Indoor hydrant,Coal Mill,,Coal Mill,,
cmic,hydrant,cambodia,cmic,CMIC-H-CoM-15,Fire Indoor hydrant,Coal Mill,,Coal Mill,,
cmic,hydrant,cambodia,cmic,CMIC-H-CoM-16,Fire Indoor hydrant,Coal Mill,,Coal Mill,,
cmic,hydrant,cambodia,cmic,CMIC-H-CoM-17,Fire Indoor hydrant,Coal Mill,,Coal Mill,,
cmic,hydrant,cambodia,cmic,CMIC-H-MN-01,Fire Indoor hydrant,EVE,,EVE,,
cmic,hydrant,cambodia,cmic,CMIC-H-MN-02,Fire Indoor hydrant,Maintenaince workshop,,Maintenaince workshop,,
cmic,hydrant,cambodia,cmic,CMIC-H-MN-03,Fire Indoor hydrant,Maintenaince workshop,,Maintenaince workshop,,
cmic,hydrant,cambodia,cmic,CMIC-H-MN-04,Fire Indoor hydrant,Maintenaince workshop,,Maintenaince workshop,,
cmic,hydrant,cambodia,cmic,CMIC-H-MN-05,Fire Indoor hydrant,Maintenaince workshop,,Maintenaince workshop,,
cmic,hydrant,cambodia,cmic,CMIC-H-MN-06,Fire Indoor hydrant,Maintenaince workshop,,Maintenaince workshop,,
cmic,hydrant,cambodia,cmic,CMIC-H-MN-07,Fire Indoor hydrant,Maintenaince workshop,,Maintenaince workshop,,
cmic,hydrant,cambodia,cmic,CMIC-H-MN-08,Fire Indoor hydrant,Maintenaince workshop,,Maintenaince workshop,,
cmic,hydrant,cambodia,cmic,CMIC-H-MN-09,Fire Indoor hydrant,Maintenaince workshop,,Maintenaince workshop,,
cmic,hydrant,cambodia,cmic,CMIC-H-MN-10,Fire Indoor hydrant,Maintenaince workshop,,Maintenaince workshop,,
cmic,hydrant,cambodia,cmic,CMIC-H-CT-01,Fire Indoor hydrant,Canteen,,Canteen,,
cmic,hydrant,cambodia,cmic,CMIC-H-CT-02,Fire Indoor hydrant,Canteen,,Canteen,,
cmic,hydrant,cambodia,cmic,CMIC-H-CT-03,Fire Indoor hydrant,Canteen,,Canteen,,
cmic,hydrant,cambodia,cmic,CMIC-H-QW-01,Fire Indoor hydrant,Quarry,,Quarry,,
cmic,hydrant,cambodia,cmic,CMIC-H-QW-02,Fire Indoor hydrant,Quarry,,Quarry,,
cmic,hydrant,cambodia,cmic,CMIC-H-QW-03,Fire Indoor hydrant,Quarry,,Quarry,,
cmic,hydrant,cambodia,cmic,CMIC-H-LG-01,Fire Indoor hydrant,Logistic,,Logistic,,
cmic,hydrant,cambodia,cmic,CMIC-H-LG-02,Fire Indoor hydrant,Logistic,,Logistic,,
cmic,hydrant,cambodia,cmic,CMIC-H-ECO-01,Fire Indoor hydrant,Eco Cycle,,Eco Cycle,,
cmic,hydrant,cambodia,cmic,CMIC-H-ECO-02,Fire Indoor hydrant,Eco Cycle,,Eco Cycle,,
cmic,hydrant,cambodia,cmic,CMIC-H-ECO-03,Fire Indoor hydrant,Eco Cycle,,Eco Cycle,,
cmic,hydrant,cambodia,cmic,CMIC-H-ECO-04,Fire Indoor hydrant,Eco Cycle,,Eco Cycle,,
cmic,hydrant,cambodia,cmic,CMIC-H-ECO-05,Fire Indoor hydrant,Eco Cycle,,Eco Cycle,,
cmic,hydrant,cambodia,cmic,CMIC-H-ECO-06,Fire Indoor hydrant,Eco Cycle,,Eco Cycle,,
cmic,hydrant,cambodia,cmic,CMIC-H-ECO-08,Fire Indoor hydrant,Eco Cycle,,Eco Cycle,,
cmic,hydrant,cambodia,cmic,CMIC-H-ECO-09,Fire Indoor hydrant,Eco Cycle,,Eco Cycle,,
cmic,hydrant,cambodia,cmic,CMIC-H-ECO-10,Fire Indoor hydrant,Eco Cycle,,Eco Cycle,,
cmic,hydrant,cambodia,cmic,CMIC-H-ECO-11,Fire Indoor hydrant,Eco Cycle,,Eco Cycle,,
cmic,hydrant,cambodia,cmic,CMIC-H-ECO-12,Fire Indoor hydrant,Eco Cycle,,Eco Cycle,,
cmic,hydrant,cambodia,cmic,CMIC-H-ECO-13,Fire Indoor hydrant,Eco Cycle,,Eco Cycle,,
cmic,hydrant,cambodia,cmic,CMIC-H-ECO-14,Fire Indoor hydrant,Eco Cycle,,Eco Cycle,,
cmic,hydrant,cambodia,cmic,CMIC-H-ECO-15,Fire Indoor hydrant,Eco Cycle,,Eco Cycle,,
cmic,hydrant,cambodia,cmic,CMIC-H-ECO-16,Fire Indoor hydrant,Eco Cycle,,Eco Cycle,,
cmic,hydrant,cambodia,cmic,CMIC-H-ECO-17,Fire Indoor hydrant,Eco Cycle,,Eco Cycle,,
cmic,hydrant,cambodia,cmic,CMIC-H-ECO-18,Fire Indoor hydrant,Eco Cycle,,Eco Cycle,,
cmic,hydrant,cambodia,cmic,CMIC-H-ECO-19,Fire Indoor hydrant,Eco Cycle,,Eco Cycle,,
cmic,hydrant,cambodia,cmic,CMIC-H-ECO-20,Fire Indoor hydrant,Eco Cycle,,Eco Cycle,,
cmic,hydrant,cambodia,cmic,CMIC-H-SHV-01,Fire Indoor hydrant,Eco Cycle warehouse SHV,,Eco Cycle warehouse SHV,,
cmic,hydrant,cambodia,cmic,CMIC-H-SHV-02,Fire Indoor hydrant,Eco Cycle warehouse SHV,,Eco Cycle warehouse SHV,,
cmic,hydrant,cambodia,cmic,CMIC-H-KS-01,Fire Indoor hydrant,Warehouse Kour srov,,Warehouse Kour srov,,
cmic,hydrant,cambodia,cmic,CMIC-H-KS-02,Fire Indoor hydrant,Warehouse Kour srov,,Warehouse Kour srov,,
cmic,hydrant,cambodia,cmic,CMIC-H-PK-01,Fire Indoor hydrant,Packing plant,,Packing plant,,
cmic,hydrant,cambodia,cmic,CMIC-H-PK-02,Fire Indoor hydrant,Packing plant,,Packing plant,,
cmic,hydrant,cambodia,cmic,CMIC-H-PK-03,Fire Indoor hydrant,Packing plant,,Packing plant,,
cmic,hydrant,cambodia,cmic,CMIC-H-PK-04,Fire Indoor hydrant,Packing plant,,Packing plant,,
cmic,hydrant,cambodia,cmic,CMIC-H-PK-05,Fire Indoor hydrant,Packing plant,,Packing plant,,
cmic,hydrant,cambodia,cmic,CMIC-H-PK-06,Fire Indoor hydrant,Packing plant,,Packing plant,,
cmic,hydrant,cambodia,cmic,CMIC-H-PK-07,Fire Indoor hydrant,Packing plant,,Packing plant,,
cmic,harness,cambodia,cmic,CMIC-Test-Harness,Fire Indoor hydrant,Packing plant,,Packing plant,,
cmic,socket,cambodia,cmic,CMIC-Test-Socket,Fire Indoor hydrant,Packing plant,,Packing plant,,
