site,type,country,bu,id,kind,name,sitename,place,location,owner,plantname
log,harness,thailand,th,LOG-KDC-PL-01,Portable Ladder,คลังสินค้าขอนแก่น KDC-PL-01,คลังสินค้าขอนแก่น,สิวะดลบริหารสินค้า สาขาขอนแก่น,"16.47420039225309, 102.84481259425142",บริษัท สิวะดลบริหารสินค้า จำกัด,คลังสินค้าขอนแก่น
log,harness,thailand,th,LOG-KDC-PL-02,Portable Ladder,คลังสินค้าขอนแก่น KDC-PL-02,คลังสินค้าขอนแก่น,สิวะดลบริหารสินค้า สาขาขอนแก่น,"16.47420039225309, 102.84481259425142",บริษัท สิวะดลบริหารสินค้า จำกัด,คลังสินค้าขอนแก่น
log,harness,thailand,th,LOG-UDC-PL-01,Portable Ladder,คลังสินค้าอุดรธานี UDC-PL-01,คลังสินค้าอุดรธานี,บริษัท ปูนซีเมนต์นครหลวง จำกัด (มหาชน) ศูนย์กระจายสินค้าอุดรธานี,"17.33549696163482, 102.83515426429938",บริษัท สิวะดลบริหารสินค้า จำกัด,คลังสินค้าอุดรธานี
log,harness,thailand,th,LOG-UDC-PL-02,Portable Ladder,คลังสินค้าอุดรธานี UDC-PL-02,คลังสินค้าอุดรธานี,บริษัท ปูนซีเมนต์นครหลวง จำกัด (มหาชน) ศูนย์กระจายสินค้าอุดรธานี,"17.33549696163482, 102.83515426429938",บริษัท สิวะดลบริหารสินค้า จำกัด,คลังสินค้าอุดรธานี
log,emergency,thailand,th,LOG-EL.OB.2.06,Emergency Light,,,สำนักงานตึก 1 ชั้น2 ห้องประชุมสันติสุข,,CTC,
log,emergency,thailand,th,LOG-EL.OB.2.07,Emergency Light,,,สำนักงานตึก1 บันไดทางขึ้นชั้น 3,,CTC,
log,emergency,thailand,th,LOG-EL.TC.2.02,Emergency Light,,,อาคาร Lab ชั้น2 ห้องประชุมปทุม 2,,CTC,
log,emergency,thailand,th,LOG-EL.TC.2.03,Emergency Light,,,ห้องพักรับรอง ชั้น2 อาคารหอประชุม,,CTC,
log,emergency,thailand,th,LOG-EL.OB.G.02,Emergency Light,,,สำนักงานตึก1 ชั้น1 ฝั่ง PDD ห้องประชุมเล็ก PDD,,PDD,
log,emergency,thailand,th,LOG-EL.OF.01,Emergency Light,,,อาคาร Lab ชั้น1 ออฟฟิศ PDD,,PDD,
log,emergency,thailand,th,LOG-EL.OF.03,Emergency Light,,,อาคาร Lab ชั้น1 พื้นที่ทดสอบ Trial  Mix  PDD,,PDD,
log,emergency,thailand,th,LOG-EL.OB.G.01,Emergency Light,,,สำนักงานตึก1 ชั้น1 ฝั่งCTC พื้นที่รวม,,CTC,
log,emergency,thailand,th,LOG-EL.OB.1.05,Emergency Light,,,สำนักงานตึก1 บันไดทางขึ้นชั้น 2,,CTC,
log,emergency,thailand,th,LOG-EL.TC.2.01,Emergency Light,,,อาคาร Lab ชั้น2 ห้องประชุมปทุม 1,,CTC,
log,emergency,thailand,th,LOG-EL.OB.G.03,Emergency Light,,,สำนักงานตึก1 ชั้น1 ฝั่ง PDD ห้องทำงานพี่ ดร.วันเฉลิม,,PDD,
log,emergency,thailand,th,LOG-EL.OB.G.04,Emergency Light,,,สำนักงานตึก1 ชั้น1 ฝั่ง PDD พื้นที่รวม,,PDD,
log,emergency,thailand,th,LOG-EL.OF.02,Emergency Light,,,อาคาร Lab ชั้น1 พื้นที่ทดสอบ Trial  Mix  PDD,,PDD,
log,extinguisher,thailand,th,LOG-KDC-FE-004,Dry chemical,,,คลัง B ข้างประตู,คลังสินค้าขอนแก่น ชั้น 1,คลังสินค้าขอนแก่น,
log,extinguisher,thailand,th,LOG-KDC-FE-005,Dry chemical,,,คลัง A ข้างประตู,คลังสินค้าขอนแก่น ชั้น 1,คลังสินค้าขอนแก่น,
log,extinguisher,thailand,th,LOG-OL-SRT-FE-002,BF2000,,,ทางเดินสำนักงานจัดส่ง,office ชั้น 1,ศูนย์กระจายสินค้าสุราษฎร์ธานี,
log,extinguisher,thailand,th,LOG-OL-SRT-FE-008,Dry chemical,,,บันไดทางขึ้นชั้น2,office ชั้น 2,ศูนย์กระจายสินค้าสุราษฎร์ธานี,
log,extinguisher,thailand,th,LOG-OL-SRT-FE-021,BF2000,,,,MDB&MCC1,ศูนย์กระจายสินค้าสุราษฎร์ธานี,
log,extinguisher,thailand,th,LOG-OL-SRT-FE-034,BF2000,,,,PM Office,ศูนย์กระจายสินค้าสุราษฎร์ธานี,
log,extinguisher,thailand,th,LOG-PK-PLOC.012,Dry chemical,,,อาคารจุด Gat-In ( Y.1 ) ช่องที่ 3,ศบล.ชั้น 1,Dispatching,
log,extinguisher,thailand,th,LOG-PK-PLOC.015,Dry chemical,,,อาคารจุด Gat-In ( Y.1 ) ช่องที่ 4,ศบล.ชั้น 1,Dispatching,
log,extinguisher,thailand,th,LOG-PLOC.036,Dry chemical,,,ป้อม รปภ.,ศบล.ชั้น 1,Dispatching,
log,extinguisher,thailand,th,LOG-PLOC.042,Dry chemical,,,ร้านที่ 5 ร้านป้าแหวง,ศบล.ชั้น 1,Dispatching,
log,extinguisher,thailand,th,LOG-PLOC.051,Dry chemical,,,ร้านผลไม้,ศบล.ชั้น 1,Dispatching,
log,extinguisher,thailand,th,LOG-PP2-1-003,Dry chemical,,,ภายในอาคาร Big Bag T1.,Packing 2ชั้น 1,Packing,
log,extinguisher,thailand,th,LOG-PP2-1-012,CO2,,,ข้างห้อง Compressor Silo T1.,Packing 2ชั้น 1,Packing,
log,extinguisher,thailand,th,LOG-PP2-2-016,Dry chemical,,,หน้าห้องประชุม T1.,Packing 2ชั้น 2,Packing,
log,extinguisher,thailand,th,LOG-PP2-2-023,Dry chemical,,,หลังเครื่องบรรจุ Roto PM.3,Packing 2ชั้น 2,Packing,
log,extinguisher,thailand,th,LOG-PP2-2-024,Dry chemical,,,หลังเครื่องบรรจุ Roto PM.3,Packing 2ชั้น 2,Packing,
log,extinguisher,thailand,th,LOG-PP2-3-025,Dry chemical,,,หน้าบันไดชั้นที่ 3,Packing 2ชั้น 3,Packing,
log,extinguisher,thailand,th,LOG-PP2-3-037,Dry chemical,,,ภายในอาคาร New Big Bag,Packing 2ชั้น 3,Packing,
log,extinguisher,thailand,th,LOG-PP2-1-052,Dry chemical,,,เสาทางออกช่องที่ 2 New W/H,Packing 2ชั้น 1,Packing,
log,extinguisher,thailand,th,LOG-PP2-5-074,Dry chemical,,,ติดประตูทางเข้าชั้นที่ 5,Packing 2ชั้น 5,Packing,
log,extinguisher,thailand,th,LOG-PP2-8-077,Dry chemical,,,ติดประตูทางเข้าชั้นที่ 8,Packing 2ชั้น 8,Packing,
log,extinguisher,thailand,th,LOG-DFR-PP3-005,Dry chemical,,,หน้า Roto 9,Packing 3ชั้น,Packing,
log,extinguisher,thailand,th,LOG-DFR-PP3-011,Dry chemical,,,Bucket 1-2,Packing 3ชั้น,Packing,
log,extinguisher,thailand,th,LOG-DFR-PP3-018,Dry chemical,,,หน้าห้อง Spare Part,Packing 3ชั้น,Packing,
log,extinguisher,thailand,th,LOG-DFR-PP3-028,Dry chemical,,,Maggazine 14,Packing 3ชั้น,Packing,
log,extinguisher,thailand,th,LOG-DFR-PP3-037,Dry chemical,,,หน้าห้องจ่ายปูนผง K 6,Packing 3ชั้น,Packing,
log,extinguisher,thailand,th,LOG-DFR-PP3-046,Dry chemical,,,หน้าช่องจ่ายที่ 8,Packing 3ชั้น,Packing,
log,extinguisher,thailand,th,LOG-DFR-PP3-051,Dry chemical,,,หน้าช่องจ่ายที่ 33,Packing 3ชั้น,Packing,
log,extinguisher,thailand,th,LOG-DFR-PP3-052,Dry chemical,,,หน้าช่องจ่ายที่ 33,Packing 3ชั้น,Packing,
log,extinguisher,thailand,th,LOG-DFR-PP3-054,Dry chemical,,,warehouse floor 2,Packing 3ชั้น,Packing,
log,extinguisher,thailand,th,LOG-EE-008,Non CFC,,,ห้อง Sup k 6,Packing 3ชั้น,Packing,
log,extinguisher,thailand,th,LOG-EE-014,Non CFC,,,Sup Bagmaking k 5,Packing 3ชั้น,Packing,
log,extinguisher,thailand,th,LOG-HRF-BMP-001,CO2,,,ชั้น 4 ที่เก็บถุงด้านหน้า K5,Packaging K5ชั้น 4,Packaging,
log,extinguisher,thailand,th,LOG-HRF-BMP-007,CO2,,,ชั้น 4 บริเวณเครื่อง Tuber K5,Packaging K5ชั้น 4,Packaging,
log,extinguisher,thailand,th,LOG-DRF-BMP-004,Dry chemical,,,ชั้น 4 ที่เก็บถุงด้านหน้า K5,Packaging K5ชั้น 4,Packaging,
log,extinguisher,thailand,th,LOG-DRF-BMP-013,Dry chemical,,,ชั้น 4 ข้างกำแพง ด้านในที่เก็บถุง K6,Packaging K6ชั้น 1,Packaging,
log,extinguisher,thailand,th,LOG-DRF-BMP-019,Dry chemical,,,ชั้น 1 เสาด้านในอาคารเก็บม้วนกระดาษ ตรงจุดเก็บถุง,Packaging K5ชั้น 4,Packaging,
log,extinguisher,thailand,th,LOG-FHC-PP3-001,Fire Pump,,,ช้น1หน้าห้องเก็บม้วนK5,Packaging K5,Packing,
log,extinguisher,thailand,th,LOG-FHC-PP3-005,Fire Pump,,,ชั้น4หน้าทางเข้าแผนกผลิตถุง K5,Packaging K5,Packing,
log,extinguisher,thailand,th,LOG-FE-LA-02,Dry Chemical,,,ห้องทดสอบก้อนตัวอย่าง,"ESB, Lab Amatacity",CTC,
log,extinguisher,thailand,th,LOG-FE-UD-O1,Dry Chemical,,,ห้องทดสอบก้อนตัวอย่าง,"Udonthani, Lab UdonThani",CTC,
log,extinguisher,thailand,th,LOG-FE.OB.2.04,Dry Chemical,,,ทางเข้าสำนักงาน,"ITSC, Metro",CTC,
log,extinguisher,thailand,th,LOG-FE.TC.1.03,CO2,,,ห้องโชว์รูม,"ITSC, Metro",CTC,
log,extinguisher,thailand,th,LOG-FE.TC.1.04-1,CO2,,,หน้าห้องลาดหลุมแก้ว,"ITSC, Metro",CTC,
log,extinguisher,thailand,th,LOG-FE.TC.2.05,CO2,,,ห้องประชุมปทุม 1,"ITSC, Metro",CTC,
log,extinguisher,thailand,th,LOG-FE.SP.0.01,Dry Chemical,,,ถังสำรอง จัดเก็บอาคารโกดัง,"ITSC, Metro",CTC,
log,extinguisher,thailand,th,LOG-OL-SRT-FE-013,Dry chemical,,,ทางเดินชั้น 3,office ชั้น 3,ศูนย์กระจายสินค้าสุราษฎร์ธานี,
log,extinguisher,thailand,th,LOG-OL-SRT-FE-018,Dry chemical,,,,ซ่่อมบำรุง,ศูนย์กระจายสินค้าสุราษฎร์ธานี,
log,extinguisher,thailand,th,LOG-OL-SRT-FE-020,Foam,,,,ห้้องเก็บน้ำมัน,ศูนย์กระจายสินค้าสุราษฎร์ธานี,
log,extinguisher,thailand,th,LOG-OL-SRT-FE-036,BF2000,,,,งานPM,ศูนย์กระจายสินค้าสุราษฎร์ธานี,
log,extinguisher,thailand,th,LOG-PK-PLOC.021,Non CFC,,,ห้องชั่งรถยนต์โรงงาน 1,ห้องชั่ง รง. 1ชั้น 1,Dispatching,
log,extinguisher,thailand,th,LOG-PLOC.037,Dry chemical,,,ป้อม รปภ.,ศบล.ชั้น 1,Dispatching,
log,extinguisher,thailand,th,LOG-PLOC.039,Dry chemical,,,อาคาร Y ชั้น 2,ศบล.ชั้น 2,Dispatching,
log,extinguisher,thailand,th,LOG-PLOC.041,Dry chemical,,,ร้านที่ 6 ร้านขายข้าวขาหมู,ศบล.ชั้น 1,Dispatching,
log,extinguisher,thailand,th,LOG-PLOC.050,Dry chemical,,,ร้านที่ 1 ร้านขายของมินิมาร์ท,ศบล.ชั้น 1,Dispatching,
log,extinguisher,thailand,th,LOG-PP2-1-013,Dry chemical,,,ข้างห้อง Compressor Silo T1.,Packing 2ชั้น 1,Packing,
log,extinguisher,thailand,th,LOG-PP2-1-043,CO2,,,ข้างห้องเก็บน้ำมันดีเซล,Packing 2ชั้น 1,Packing,
log,extinguisher,thailand,th,LOG-PP2-1-044,CO2,,,ข้างห้องเก็บน้ำมันดีเซล,Packing 2ชั้น 1,Packing,
log,extinguisher,thailand,th,LOG-PP2-1-047,Dry chemical,,,หน้าห้องเก็บน้ำมันหล่อลื่น,Packing 2ชั้น 1,Packing,
log,extinguisher,thailand,th,LOG-PP2-1-055,Dry chemical,,,เสาด้านหลังจุดจอดรถ Forklift,Packing 2ชั้น 1,Packing,
log,extinguisher,thailand,th,LOG-PP2-1-059,Dry chemical,,,หน้าประตูห้องเก็บ Sparepart ซ่อม,Packing 2ชั้น 1,Packing,
log,extinguisher,thailand,th,LOG-PP2-4-071,Dry chemical,,,เสาหน้าเครื่อง Magazine Line 10,Packing 2ชั้น 4,Packing,
log,extinguisher,thailand,th,LOG-PP2-6-075,Dry chemical,,,ติดประตูทางเข้าชั้นที่ 6,Packing 2ชั้น 6,Packing,
log,extinguisher,thailand,th,LOG-DRF-BMP2-07,Dry chemical,,,อาคารเก็บม้วนกระดาษ เสาที่10 Packing2,Packing 2ชั้น 1,Packing,
log,extinguisher,thailand,th,LOG-DFR-PP3-003,Dry chemical,,,หน้า Roto 5,Packing 3ชั้น,Packing,
log,extinguisher,thailand,th,LOG-DFR-PP3-013,Dry chemical,,,Maggazine 2,Packing 3ชั้น,Packing,
log,extinguisher,thailand,th,LOG-DFR-PP3-030,Dry chemical,,,Maggazine 18,Packing 3ชั้น,Packing,
log,extinguisher,thailand,th,LOG-DFR-PP3-031,Dry chemical,,,หน้าห้อง Compressor,Packing 3ชั้น,Packing,
log,extinguisher,thailand,th,LOG-DFR-PP3-033,Dry chemical,,,หน้าห้อง Compressor,Packing 3ชั้น,Packing,
log,extinguisher,thailand,th,LOG-DFR-PP3-038,Dry chemical,,,Stock PP Bag ชั้น 2 k 6,Packing 3ชั้น,Packing,
log,extinguisher,thailand,th,LOG-DFR-PP3-039,Dry chemical,,,ป้อมรปภ,Packing 3ชั้น,Packing,
log,extinguisher,thailand,th,LOG-EE-002,Non CFC,,,ห้อง Sup k 5,Packing 3ชั้น,Packing,
log,extinguisher,thailand,th,LOG-EE-004,Non CFC,,,ห้อง Sup k 5,Packing 3ชั้น,Packing,
log,extinguisher,thailand,th,LOG-EE-020,CO2,,,Sup Mixing plant,Packing 3ชั้น,Packing,
log,extinguisher,thailand,th,LOG-DFR-ME3-003,Dry chemical,,,WORKSHOP Packing 3,Packing 3ชั้น,Packing,
log,extinguisher,thailand,th,LOG-HRF-BMP-004,CO2,,,ชั้น 4 บริเวณเครื่อง Bottomer K5,Packaging K5ชั้น 4,Packaging,
log,extinguisher,thailand,th,LOG-DRF-BMP-011,Dry chemical,,,ชั้น 1 ด้านหน้าทางเข้าห้องเก็บถุงชั้นล่าง K6,Packaging K6ชั้น 1,Packaging,
log,extinguisher,thailand,th,LOG-FHC-PP3-002,Fire Pump,,,ชั้น4ภายในแผนกผลิตถุงK5 Tuber 1,Packaging K5,Packing,
log,extinguisher,thailand,th,LOG-FHC-PP3-011,Fire Pump,,,ชั้น4Magazine18 K6,Packaging K6,Packing,
log,extinguisher,thailand,th,LOG-FHC-BMP2-04,สายฉีดน้ำดับเพลิง,,,อาคารเก็บม้วนกระดาษ,Packing 2,Packing,
log,extinguisher,thailand,th,LOG-FE-LB-04,Dry Chemical,,,หน้าห้องออกผลทดสอบ,"EBKK, Lab Bangna",CTC,
log,extinguisher,thailand,th,LOG-FE.OB.3.07,Dry Chemical,,,ฝั่งซ้ายเข้าห้องพนักงาน,"ITSC, Metro",CTC,
log,extinguisher,thailand,th,LOG-KDC-FE-003,Dry chemical,,,คลัง B ข้างประตู,คลังสินค้าขอนแก่น ชั้น 1,คลังสินค้าขอนแก่น,
log,extinguisher,thailand,th,LOG-UDC-FE-001,Dry chemical,,,ออฟฟิศ ชั้นล่าง,คลังสินค้าอุดรธานี ชั้น 1,คลังสินค้าอุดรธานี,
log,extinguisher,thailand,th,LOG-SCCC-MHE-003,Dry chemical,,,ออฟฟิตคลังพาเลท,คลังพาเลท ชั้น 1,คลังพาเลท,
log,extinguisher,thailand,th,LOG-OL-SRT-FE-001,BF2000,,,หน้าสำนักงานจัดส่ง,office ชั้น 1,ศูนย์กระจายสินค้าสุราษฎร์ธานี,
log,extinguisher,thailand,th,LOG-OL-SRT-FE-004,BF2000,,,หน้าสำนักงานขาย,office ชั้น 1,ศูนย์กระจายสินค้าสุราษฎร์ธานี,
log,extinguisher,thailand,th,LOG-OL-SRT-FE-005,Dry chemical,,,สำนักงานจัดส่ง,office ชั้น 1,ศูนย์กระจายสินค้าสุราษฎร์ธานี,
log,extinguisher,thailand,th,LOG-OL-SRT-FE-009,CO2,,,office safety,office ชั้น 2,ศูนย์กระจายสินค้าสุราษฎร์ธานี,
log,extinguisher,thailand,th,LOG-OL-SRT-FE-012,Dry chemical,,,ทางเดินชั้น 3,office ชั้น 3,ศูนย์กระจายสินค้าสุราษฎร์ธานี,
log,extinguisher,thailand,th,LOG-OL-SRT-FE-023,Dry chemical,,,,MDB&MCC1,ศูนย์กระจายสินค้าสุราษฎร์ธานี,
log,extinguisher,thailand,th,LOG-OL-SRT-FE-029,Dry chemical,,,,ป้อม รปภ,ศูนย์กระจายสินค้าสุราษฎร์ธานี,
log,extinguisher,thailand,th,LOG-PLOC.003,Dry chemical,,,อาคารศูนย์บริการลูกค้าชั้น1ช่องทางเดิน,ศบล.ชั้น 1,Dispatching,
log,extinguisher,thailand,th,LOG-PLOC.006,Non CFC,,,อาคารศูนย์บริการลูกค้าชั้น 1,ศบล.ชั้น 1,Dispatching,
log,extinguisher,thailand,th,LOG-PLOC.007,Non CFC,,,อาคารศูนย์บริการลูกค้าชั้น1หน้าห้อง In-Plant,ศบล.ชั้น 1,Dispatching,
log,extinguisher,thailand,th,LOG-PK-PLOC.023,Non CFC,,,ห้องชั่งรถยนต์โรงงาน 2 ( Taffa 1 ),ห้องชั่ง รง. 2ชั้น 1,Dispatching,
log,extinguisher,thailand,th,LOG-WB-PLOC.026,Non CFC,,,ห้องชั่งรถยนต์โรงงาน 2 ( Taffa 2 ),ห้องชั่ง รง. 2ชั้น 1,Dispatching,
log,extinguisher,thailand,th,LOG-WB-PLOC.028,CO2 (11.10kg),,,ห้องชั่งรถยนต์โรงงาน 3,ห้องชั่ง รง. 3ชั้น 1,Dispatching,
log,extinguisher,thailand,th,LOG-PLOC.045,Dry chemical,,,ร้านที่ 4 ร้านขายข้าวแกงป้าหวัน,ศบล.ชั้น 1,Dispatching,
log,extinguisher,thailand,th,LOG-PLOC.048,Non CFC,,,อาคารออกเอกสารตู้ Kiosk K1,ศบล.ชั้น 1,Dispatching,
log,extinguisher,thailand,th,LOG-PLOC.049,Non CFC,,,ห้องออกเอกสาร K1,ศบล.ชั้น 1,Dispatching,
log,extinguisher,thailand,th,LOG-PP2-1-002,Dry chemical,,,ภายในอาคาร Big Bag T1.,Packing 2ชั้น 1,Packing,
log,extinguisher,thailand,th,LOG-PP2-1-004,Dry chemical,,,ใต้ Bin Bag T1.,Packing 2ชั้น 1,Packing,
log,extinguisher,thailand,th,LOG-PP2-1-007,Dry chemical,,,หน้าห้องควบคุมไฟฟ้า T1.,Packing 2ชั้น 1,Packing,
log,extinguisher,thailand,th,LOG-PP2-2-015,CO2,,,หน้าห้องแผงควบคุมเก่า T1.,Packing 2ชั้น 2,Packing,
log,extinguisher,thailand,th,LOG-PP2-3-029,Dry chemical,,,ภายในอาคาร Stock ถุงบรรจุ,Packing 2ชั้น 3,Packing,
log,extinguisher,thailand,th,LOG-PP2-3-030,Dry chemical,,,ภายในอาคาร Stock ถุงบรรจุ,Packing 2ชั้น 3,Packing,
log,extinguisher,thailand,th,LOG-PP2-3-031,Dry chemical,,,ภายในอาคาร Stock ถุงบรรจุ,Packing 2ชั้น 3,Packing,
log,extinguisher,thailand,th,LOG-PP2-3-039,Dry chemical,,,ใต้ Bin Tank New Big Bag ชั้นที่ 2,Packing 2ชั้น 3,Packing,
log,extinguisher,thailand,th,LOG-PP2-3-040,Dry chemical,,,ใต้ Bin Tank New Big Bag ชั้นที่ 3,Packing 2ชั้น 3,Packing,
log,extinguisher,thailand,th,LOG-PP2-5-042,Dry chemical,,,ใต้ Bin Tank New Big Bag ชั้นที่ 5,Packing 2ชั้น 5,Packing,
log,extinguisher,thailand,th,LOG-PP2-1-046,Dry chemical,,,หน้าห้องเก็บน้ำมันหล่อลื่น,Packing 2ชั้น 1,Packing,
log,extinguisher,thailand,th,LOG-PP2-1-051,Dry chemical,,,เสาทางออกช่องที่ 1 New W/H,Packing 2ชั้น 1,Packing,
log,extinguisher,thailand,th,LOG-PP2-1-053,Dry chemical,,,เสาทางออกช่องที่ 3 New W/H,Packing 2ชั้น 1,Packing,
log,extinguisher,thailand,th,LOG-PP2-1-054,Dry chemical,,,เสาข้างห้องจ่ายปูน New W/H,Packing 2ชั้น 1,Packing,
log,extinguisher,thailand,th,LOG-PP2-1-056,Dry chemical,,,เสาหน้า Pallettizer Line 3,Packing 2ชั้น 1,Packing,
log,extinguisher,thailand,th,LOG-PP2-1-065,Dry chemical,,,เสาช่องจ่ายปูนผงใต้ Silo 15,Packing 2ชั้น 1,Packing,
log,extinguisher,thailand,th,LOG-DRF-BMP2-06,Dry chemical,,,อาคารเก็บม้วนกระดาษ เสาที่9 Packing2,Packing 2ชั้น 1,Packing,
log,extinguisher,thailand,th,LOG-DRF-BMP2-08,Dry chemical,,,อาคารเก็บม้วนกระดาษ เสาที่11 Packing2,Packing 2ชั้น 1,Packing,
log,extinguisher,thailand,th,LOG-DRF-BMP2-09,Dry chemical,,,อาคารเก็บม้วนกระดาษ เสาที12 Packing2,Packing 2ชั้น 1,Packing,
log,extinguisher,thailand,th,LOG-DFR-PP3-004,Dry chemical,,,หน้า Roto 7,Packing 3ชั้น,Packing,
log,extinguisher,thailand,th,LOG-HAF-PP3-020,Non CFC,,,ห้องแผง K 6,Packing 3ชั้น,Packing,
log,extinguisher,thailand,th,LOG-DFR-PP3-021,Dry chemical,,,Bucket 3,Packing 3ชั้น,Packing,
log,extinguisher,thailand,th,LOG-DFR-PP3-023,Dry chemical,,,หน้า Roto 12,Packing 3ชั้น,Packing,
log,extinguisher,thailand,th,LOG-DFR-PP3-027,Dry chemical,,,Maggazine 12,Packing 3ชั้น,Packing,
log,extinguisher,thailand,th,LOG-DFR-PP3-032,Dry chemical,,,หน้าห้อง Compressor,Packing 3ชั้น,Packing,
log,extinguisher,thailand,th,LOG-EE-001,Dry chemical,,,ห้อง Sup k 5,Packing 3ชั้น,Packing,
log,extinguisher,thailand,th,LOG-EE-006,Non CFC,,,ห้อง Sup k 5,Packing 3ชั้น,Packing,
log,extinguisher,thailand,th,LOG-EE-016,Non CFC,,,Sup Bagmaking k 6,Packing 3ชั้น,Packing,
log,extinguisher,thailand,th,LOG-DFR-ME3-001,Dry chemical,,,WORKSHOP Packing 3,Packing 3ชั้น,Packing,
log,extinguisher,thailand,th,LOG-DRF-BMP-010,Dry chemical,,,ชั้น 1 ด้านหน้าทางเข้าห้องเก็บถุงชั้นล่าง K6,Packaging K6ชั้น 1,Packaging,
log,extinguisher,thailand,th,LOG-DRF-BMP-018,Dry chemical,,,ชั้น 1 เสาด้านในอาคารเก็บม้วนกระดาษ ตรงข้ามที่เก็บถังสี,Packaging K5ชั้น 4,Packaging,
log,extinguisher,thailand,th,LOG-FHC-PP3-006,Fire Pump,,,ชั้น4Magazine 3 K5,Packaging K5,Packing,
log,extinguisher,thailand,th,LOG-FHC-PP3-012,Fire Pump,,,ชั้น4Magazine20 K6,Packaging K6,Packing,
log,extinguisher,thailand,th,LOG-FE-SRB-01,CO2,,,PDD-SRB/หน้าอาคาร,อาคารวิจัยและพัฒนา,PDD,
log,extinguisher,thailand,th,LOG-FE.TC.1.04-2,CO2,,,ห้องทดสอบ,"ITSC, Metro",CTC,
log,extinguisher,thailand,th,LOG-FE.TC.1.08,CO2,,,ข้างบ่อบ่มลูกปูนแทงค์น้ำ,"ITSC, Metro",CTC,
log,extinguisher,thailand,th,LOG-FE.TC.1.09,CO2,,,พื้นที่ทดสอบฝ่ายPDD,"ITSC, PDD-ITSC",PDD,
log,extinguisher,thailand,th,LOG-FE.TC.2.04,CO2,,,ห้องประชุมปทุม 2,"ITSC, Metro",CTC,
log,extinguisher,thailand,th,LOG-KDC-FE-002,Dry chemical,,,ในออฟฟิศ,คลังสินค้าขอนแก่น ชั้น 1,คลังสินค้าขอนแก่น,
log,extinguisher,thailand,th,LOG-UDC-FE-002,Dry chemical,,,ออฟฟิศ ชั้นล่าง,คลังสินค้าอุดรธานี ชั้น 1,คลังสินค้าอุดรธานี,
log,extinguisher,thailand,th,LOG-UDC-FE-003,Dry chemical,,,คลังสินค้าประตูหน้า,คลังสินค้าอุดรธานี ชั้น 1,คลังสินค้าอุดรธานี,
log,extinguisher,thailand,th,LOG-UDC-FE-004,Dry chemical,,,คลังสินค้าประตูหน้า,คลังสินค้าอุดรธานี ชั้น 1,คลังสินค้าอุดรธานี,
log,extinguisher,thailand,th,LOG-OL-SRT-FE-010,Dry chemical,,,ทางเดินชั้น 3,office ชั้น 3,ศูนย์กระจายสินค้าสุราษฎร์ธานี,
log,extinguisher,thailand,th,LOG-OL-SRT-FE-015,Dry chemical,,,ทางเดินชั้น 4,office ชั้น 4,ศูนย์กระจายสินค้าสุราษฎร์ธานี,
log,extinguisher,thailand,th,LOG-OL-SRT-FE-016,BF2000,,,,MDB&MCC 2,ศูนย์กระจายสินค้าสุราษฎร์ธานี,
log,extinguisher,thailand,th,LOG-OL-SRT-FE-024,Dry chemical,,,,MDB&MCC1,ศูนย์กระจายสินค้าสุราษฎร์ธานี,
log,extinguisher,thailand,th,LOG-OL-SRT-FE-025,Dry chemical,,,,ท่าเทียบเรือ,ศูนย์กระจายสินค้าสุราษฎร์ธานี,
log,extinguisher,thailand,th,LOG-OL-SRT-FE-027,Dry chemical,,,,ท่าเทียบเรือ,ศูนย์กระจายสินค้าสุราษฎร์ธานี,
log,extinguisher,thailand,th,LOG-PK-PLOC.013,Dry chemical/Non CFC,,,อาคารจุดออกเอกสาร K.16,ศบล.ชั้น 1,Dispatching,
log,extinguisher,thailand,th,LOG-PK-PLOC.019,Dry chemical,,,อาคารจุด Gat-Out ( Y.2 ) ช่องที่ 3,ศบล.ชั้น 1,Dispatching,
log,extinguisher,thailand,th,LOG-PLOC.038,Dry chemical,,,อาคาร Y ชั้น 2,ศบล.ชั้น 2,Dispatching,
log,extinguisher,thailand,th,LOG-PLOC.044,Dry chemical,,,ร้านที่ 2 ร้านขายข้าวมันไก่,ศบล.ชั้น 1,Dispatching,
log,extinguisher,thailand,th,LOG-PP2-1-001,Dry chemical,,,ภายในอาคาร Big Bag T1.,Packing 2ชั้น 1,Packing,
log,extinguisher,thailand,th,LOG-PP2-1-006,Dry chemical,,,หน้าห้องควบคุมไฟฟ้า T1.,Packing 2ชั้น 1,Packing,
log,extinguisher,thailand,th,LOG-PP2-1-010,Dry chemical,,,หน้าช่องจ่ายปูนผงใต้ Silo 11,Packing 2ชั้น 1,Packing,
log,extinguisher,thailand,th,LOG-PP2-1-060,Dry chemical,,,เสาหน้าบันไดขึ้นอาคารห้องควบคุม T2.,Packing 2ชั้น 1,Packing,
log,extinguisher,thailand,th,LOG-PP2-1-061,Dry chemical,,,เสาหน้าช่องจ่ายปูนถุง 12 - 13 T2.,Packing 2ชั้น 1,Packing,
log,extinguisher,thailand,th,LOG-PP2-1-064,Dry chemical,,,เสาช่องจ่ายปูนผงใต้ Silo 15,Packing 2ชั้น 1,Packing,
log,extinguisher,thailand,th,LOG-PP2-3-068,Dry chemical,,,เสาระหว่าง Roto 6 - 7,Packing 2ชั้น 3,Packing,
log,extinguisher,thailand,th,LOG-PP2-4-072,Dry chemical,,,ผนังอาคารทางขนถุงเข้า - ออก ลิฟท์,Packing 2ชั้น 4,Packing,
log,extinguisher,thailand,th,LOG-PP2-4-073,Dry chemical,,,ผนังอาคารทางขนถุงเข้า - ออก ลิฟท์,Packing 2ชั้น 4,Packing,
log,extinguisher,thailand,th,LOG-PP2-7-076,Dry chemical,,,ติดประตูทางเข้าชั้นที่ 7,Packing 2ชั้น 7,Packing,
log,extinguisher,thailand,th,LOG-DRF-BMP2-02,Dry chemical,,,อาคารเก็บม้วนกระดาษ เสาที่3 Packing2,Packing 2ชั้น 1,Packing,
log,extinguisher,thailand,th,LOG-DRF-BMP2-04,Dry chemical,,,อาคารเก็บม้วนกระดาษ เสาที่7 Packing2,Packing 2ชั้น 1,Packing,
log,extinguisher,thailand,th,LOG-DFR-PP3-007,Dry chemical,,,หน้าห้อง Compressor,Packing 3ชั้น,Packing,
log,extinguisher,thailand,th,LOG-DFR-PP3-019,Dry chemical,,,หน้าช่องจ่ายที่ 4,Packing 3ชั้น,Packing,
log,extinguisher,thailand,th,LOG-DFR-PP3-034,Dry chemical,,,หน้าห้อง Compressor,Packing 3ชั้น,Packing,
log,extinguisher,thailand,th,LOG-DFR-PP3-041,Dry chemical,,,เสากลางอาคาร WH,Packing 3ชั้น,Packing,
log,extinguisher,thailand,th,LOG-DFR-PP3-049,Dry chemical,,,หน้าช่องจ่ายที่ 25,Packing 3ชั้น,Packing,
log,extinguisher,thailand,th,LOG-DFR-PP3-055,Dry chemical,,,warehouse floor 2,Packing 3ชั้น,Packing,
log,extinguisher,thailand,th,LOG-EE-012,Non CFC,,,ห้อง Sup k 6,Packing 3ชั้น,Packing,
log,extinguisher,thailand,th,LOG-EE-017,Dry chemical,,,อาคาร ตราม้า,Packing 3ชั้น,Packing,
log,extinguisher,thailand,th,LOG-DFR-ME3-002,Dry chemical,,,WORKSHOP Packing 3,Packing 3ชั้น,Packing,
log,extinguisher,thailand,th,LOG-HRF-BMP-005,CO2,,,ชั้น 4 บริเวณเครื่อง Bottomer K5,Packaging K5ชั้น 4,Packaging,
log,extinguisher,thailand,th,LOG-HRF-BMP-009,CO2,,,ชั้น 4 บริเวณเครื่อง Tuber K5,Packaging K5ชั้น 4,Packaging,
log,extinguisher,thailand,th,LOG-DRF-BMP-003,Dry chemical,,,ชั้น 1 ด้านหน้าทางเข้าอาคารเก็บม้วนกระดาษ K5 ข้างลิฟท์ขนถุงขวามือ,Packaging K5ชั้น 1,Packaging,
log,extinguisher,thailand,th,LOG-DRF-BMP-007,Dry chemical,,,ชั้น 4 ด้านในที่เก็บถุง K5,Packaging K5ชั้น 4,Packaging,
log,extinguisher,thailand,th,LOG-DRF-BMP-016,Dry chemical,,,ชั้น 1 ประตูทางเข้าอาคารเก็บม้วนกระดาษด้านข้างช่องจ่าย 18,Packaging K5ชั้น 4,Packaging,
log,extinguisher,thailand,th,LOG-FHC-PP3-004,Fire Pump,,,ชั้น4หน้าทางเข้าแผนกผลิตถุง K5,Packaging K5,Packing,
log,extinguisher,thailand,th,LOG-FHC-PP3-009,Fire Pump,,,ชั้น4Magazine13 K6,Packaging K6,Packing,
log,extinguisher,thailand,th,LOG-FHC-PP3-013,Fire Pump,,,ชั้น3 บริเวณด้านข้างห้องน้ำ - office ตราม้า,ห้องน้ำ office ตราม้า,Packing,
log,extinguisher,thailand,th,LOG-FE-LB-03,Dry Chemical,,,หน้าห้องทดสอบ,"EBKK, Lab Bangna",CTC,
log,extinguisher,thailand,th,LOG-FE.OB.G.01,CO2,,,ทางเข้าสำนักงาน,"ITSC, Metro",CTC,
log,extinguisher,thailand,th,LOG-FE.OB.2.06,Dry Chemical,,,ฝั่งTelecon.,"ITSC, Metro",CTC,
log,extinguisher,thailand,th,LOG-FE.WH.1.01,Dry Chemical,,,หน้าโกดังCTC,"ITSC, Metro",CTC,
log,extinguisher,thailand,th,LOG-FE.OB.G.00,Dry Chemical,,,ป้อม รปภ. หน้าประตูทางเข้า,"ITSC, Metro",CTC,
log,extinguisher,thailand,th,LOG-OL-FE-003,Dry chemical,,,อาคารศูนย์บริการลูกค้าชั้น 2,ศูนย์บริการลูกค้า ชั้น 2,ศูนย์บริการลูกค้า,
log,extinguisher,thailand,th,LOG-UDC-FE-006,Dry chemical,,,คลังสินค้าประตูหลัง,คลังสินค้าอุดรธานี ชั้น 1,คลังสินค้าอุดรธานี,
log,extinguisher,thailand,th,LOG-SCCC-MHE-001,Dry chemical,,,อาคารคลังพาเลท,คลังพาเลท ชั้น 1,คลังพาเลท,
log,extinguisher,thailand,th,LOG-SCCC-MHE-004,Dry chemical,,,ออฟฟิตคลังพาเลท,คลังพาเลท ชั้น 1,คลังพาเลท,
log,extinguisher,thailand,th,LOG-OL-SRT-FE-006,Dry chemical,,,สำนักงานขาย,office ชั้น 1,ศูนย์กระจายสินค้าสุราษฎร์ธานี,
log,extinguisher,thailand,th,LOG-OL-SRT-FE-026,Dry chemical,,,,ท่าเทียบเรือ,ศูนย์กระจายสินค้าสุราษฎร์ธานี,
log,extinguisher,thailand,th,LOG-OL-SRT-FE-031,BF2000,,,,compresser room 1,ศูนย์กระจายสินค้าสุราษฎร์ธานี,
log,extinguisher,thailand,th,LOG-OL-SRT-FE-032,CO2,,,,"Bulk 3,4",ศูนย์กระจายสินค้าสุราษฎร์ธานี,
log,extinguisher,thailand,th,LOG-OL-SRT-FE-037,BF2000,,,,"Solar Rooftop, ดาดฟ้า",ศูนย์กระจายสินค้าสุราษฎร์ธานี,
log,extinguisher,thailand,th,LOG-PLOC.004,Dry chemical,,,อาคารศูนย์บริการลูกค้าชั้น 1ช่องทางเดิน,ศบล.ชั้น 1,Dispatching,
log,extinguisher,thailand,th,LOG-PP2-1-009,Dry chemical,,,เสาหน้าช่องจ่ายปูนถุง 4 - 5 T1.,Packing 2ชั้น 1,Packing,
log,extinguisher,thailand,th,LOG-PP2-1-011,Dry chemical,,,หน้าช่องจ่ายปูนผงใต้ Silo 12,Packing 2ชั้น 1,Packing,
log,extinguisher,thailand,th,LOG-PP2-2-018,CO2,,,เสาข้างสายพานหน้า PM.5 ไป WH.,Packing 2ชั้น 2,Packing,
log,extinguisher,thailand,th,LOG-PP2-2-022,Dry chemical,,,หลังเครื่องบรรจุ Bucket PM.1,Packing 2ชั้น 2,Packing,
log,extinguisher,thailand,th,LOG-PP2-3-034,Dry chemical,,,ภายในอาคาร New Big Bag,Packing 2ชั้น 3,Packing,
log,extinguisher,thailand,th,LOG-PP2-1-049,Dry chemical,,,เสาข้างถังลม Pallettizer Line 5,Packing 2ชั้น 1,Packing,
log,extinguisher,thailand,th,LOG-PP2-1-062,Dry chemical,,,เสาหน้าช่องจ่ายปูนถุง 17 - 18 T2.,Packing 2ชั้น 1,Packing,
log,extinguisher,thailand,th,LOG-PP2-1-063,Dry chemical,,,เสาช่องจ่ายปูนผงใต้ Silo 15,Packing 2ชั้น 1,Packing,
log,extinguisher,thailand,th,LOG-PP2-4-070,Dry chemical,,,เสาหน้าเครื่อง Magazine Line 10,Packing 2ชั้น 4,Packing,
log,extinguisher,thailand,th,LOG-PP2-1-078,Dry chemical,,,หน้าลิฟท์ขนถุง T1,Packing 2ชั้น 1,Packing,
log,extinguisher,thailand,th,LOG-DFR-PP3-002,Dry chemical,,,หน้า Roto 2,Packing 3ชั้น,Packing,
log,extinguisher,thailand,th,LOG-DFR-PP3-010,Dry chemical,,,หน้าห้อง Compressor,Packing 3ชั้น,Packing,
log,extinguisher,thailand,th,LOG-DFR-PP3-014,Dry chemical,,,Maggazine 4,Packing 3ชั้น,Packing,
log,extinguisher,thailand,th,LOG-DFR-PP3-016,Dry chemical,,,Maggazine 9,Packing 3ชั้น,Packing,
log,extinguisher,thailand,th,LOG-DFR-PP3-017,Dry chemical,,,หน้าห้อง Spare Part,Packing 3ชั้น,Packing,
log,extinguisher,thailand,th,LOG-DFR-PP3-024,Dry chemical,,,หน้า Roto 15,Packing 3ชั้น,Packing,
log,extinguisher,thailand,th,LOG-DFR-PP3-029,Dry chemical,,,Maggazine 16,Packing 3ชั้น,Packing,
log,extinguisher,thailand,th,LOG-EE-003,Non CFC,,,ห้อง Sup k 5,Packing 3ชั้น,Packing,
log,extinguisher,thailand,th,LOG-EE-015,Non CFC,,,Sup Bagmaking k 6,Packing 3ชั้น,Packing,
log,extinguisher,thailand,th,LOG-EE-022,CO2,,,Sup Mixing plant,Packing 3ชั้น,Packing,
log,extinguisher,thailand,th,LOG-HRF-BMP-003,CO2,,,ชั้น 4 ที่เก็บถุงด้านหน้า K5,Packaging K5ชั้น 4,Packaging,
log,extinguisher,thailand,th,LOG-HRF-BMP-006,CO2,,,ชั้น 4 บริเวณเครื่อง Bottomer K5,Packaging K5ชั้น 4,Packaging,
log,extinguisher,thailand,th,LOG-HRF-BMP-008,CO2,,,ชั้น 4 บริเวณเครื่อง Tuber K5,Packaging K5ชั้น 4,Packaging,
log,extinguisher,thailand,th,LOG-HRF-BMP-010,CO2,,,ชั้น 4 บริเวณเครื่อง Tuber K5,Packaging K5ชั้น 4,Packaging,
log,extinguisher,thailand,th,LOG-DRF-BMP-001,Dry chemical,,,ชั้น 1 ด้านหน้าทางเข้าอาคารเก็บม้วนกระดาษ K5 ข้างลิฟท์ขนถุงขวามือ,Packaging K5ชั้น 1,Packaging,
log,extinguisher,thailand,th,LOG-DRF-BMP-006,Dry chemical,,,ชั้น 4 ด้านในที่เก็บถุง K5,Packaging K5ชั้น 4,Packaging,
log,extinguisher,thailand,th,LOG-FE-LA-01,CO2,,,ห้องออกผลทดสอบ,"ESB, Lab Amatacity",CTC,
log,extinguisher,thailand,th,LOG-FE.OB.G.02,Dry Chemical,,,ทางเข้าสำนักงานฝั่งPDD,"ITSC, Metro",PDD,
log,extinguisher,thailand,th,LOG-FE.TC.1.05,CO2,,,ห้องทดสอบ,"ITSC, Metro",CTC,
log,extinguisher,thailand,th,LOG-FE.TC.1.06,CO2,,,ห้องทดสอบ,"ITSC, Metro",CTC,
log,extinguisher,thailand,th,LOG-FE.TC.2.03,CO2,,,หน้าห้องประชุมปทุม 1-2,"ITSC, Metro",CTC,
log,extinguisher,thailand,th,LOG-OL-FE-002,Dry chemical,,,อาคารศูนย์บริการลูกค้าชั้น 2,ศูนย์บริการลูกค้า ชั้น 2,ศูนย์บริการลูกค้า,
log,extinguisher,thailand,th,LOG-SCCC-MHE-002,Dry chemical,,,อาคารคลังพาเลท,คลังพาเลท ชั้น 1,คลังพาเลท,
log,extinguisher,thailand,th,LOG-OL-SRT-FE-011,Dry chemical,,,ทางเดินชั้น 3,office ชั้น 3,ศูนย์กระจายสินค้าสุราษฎร์ธานี,
log,extinguisher,thailand,th,LOG-OL-SRT-FE-014,Dry chemical,,,ทางเดินชั้น 4,office ชั้น 4,ศูนย์กระจายสินค้าสุราษฎร์ธานี,
log,extinguisher,thailand,th,LOG-OL-SRT-FE-022,BF2000,,,,MDB&MCC1,ศูนย์กระจายสินค้าสุราษฎร์ธานี,
log,extinguisher,thailand,th,LOG-OL-SRT-FE-028,Dry chemical,,,,ท่าเทียบเรือ,ศูนย์กระจายสินค้าสุราษฎร์ธานี,
log,extinguisher,thailand,th,LOG-OL-SRT-FE-030,BF2000,,,,compresser room 1,ศูนย์กระจายสินค้าสุราษฎร์ธานี,
log,extinguisher,thailand,th,LOG-PLOC.005,Dry chemical,,,อาคารศูนย์บริการลูกค้าชั้น 1ช่องทางเดิน,ศบล.ชั้น 1,Dispatching,
log,extinguisher,thailand,th,LOG-PLOC.008,Non CFC,,,อาคารศูนย์บริการลูกค้าชั้น1ห้อง In-Plant,ศบล.ชั้น 1,Dispatching,
log,extinguisher,thailand,th,LOG-PLOC.040,Dry chemical,,,ร้านที่ 8 ร้านขายไก่ทอด,ศบล.ชั้น 1,Dispatching,
log,extinguisher,thailand,th,LOG-PP2-1-008,Dry chemical,,,เสาหน้าช่องจ่ายปูนถุง 6 - 7 T1.,Packing 2ชั้น 1,Packing,
log,extinguisher,thailand,th,LOG-PP2-2-019,Dry chemical,,,เสาหลัง Truck Loader 3 -4 T1,Packing 2ชั้น 2,Packing,
log,extinguisher,thailand,th,LOG-PP2-3-026,Dry chemical,,,ประตูทางเข้าอาคารเก็บ Stock ถุง,Packing 2ชั้น 3,Packing,
log,extinguisher,thailand,th,LOG-PP2-3-028,Dry chemical,,,ประตูทางเข้าอาคารเก็บ Stock ถุง,Packing 2ชั้น 3,Packing,
log,extinguisher,thailand,th,LOG-PP2-3-038,Dry chemical,,,ภายในอาคาร New Big Bag,Packing 2ชั้น 3,Packing,
log,extinguisher,thailand,th,LOG-PP2-4-041,Dry chemical,,,ใต้ Bin Tank New Big Bag ชั้นที่ 4,Packing 2ชั้น 4,Packing,
log,extinguisher,thailand,th,LOG-PP2-1-048,Dry chemical,,,หน้าห้องเก็บน้ำมันหล่อลื่น,Packing 2ชั้น 1,Packing,
log,extinguisher,thailand,th,LOG-PP2-1-058,Dry chemical,,,หน้าห้องหม้อแปลงพลังงานไฟฟ้าแสงอาทิตย์,Packing 2ชั้น 1,Packing,
log,extinguisher,thailand,th,LOG-PP2-3-067,CO2,,,หน้าห้องแผงควบคุมเก่า T2.,Packing 2ชั้น 3,Packing,
log,extinguisher,thailand,th,LOG-DRF-BMP2-01,Dry chemical,,,อาคารเก็บม้วนกระดาษ เสาที่2 Packing2,Packing 2ชั้น 1,Packing,
log,extinguisher,thailand,th,LOG-DFR-PP3-006,Dry chemical,,,หน้าห้อง Compressor,Packing 3ชั้น,Packing,
log,extinguisher,thailand,th,LOG-DFR-PP3-012,Dry chemical,,,Bucket 1-2,Packing 3ชั้น,Packing,
log,extinguisher,thailand,th,LOG-DFR-PP3-015,Dry chemical,,,Maggazine 6,Packing 3ชั้น,Packing,
log,extinguisher,thailand,th,LOG-DFR-PP3-026,Dry chemical,,,หน้า Roto 19,Packing 3ชั้น,Packing,
log,extinguisher,thailand,th,LOG-DFR-PP3-048,Dry chemical,,,หน้าช่องจ่ายที่ 15,Packing 3ชั้น,Packing,
log,extinguisher,thailand,th,LOG-DFR-PP3-056,Foam,,,คลังน้ำมัน warehouse,Packing 3ชั้น,Packing,
log,extinguisher,thailand,th,LOG-HAF-PP3-057,Non CFC,,,ห้องแผง k 6,Packing 3ชั้น,Packing,
log,extinguisher,thailand,th,LOG-EE-005,Non CFC,,,ห้อง Sup k 5,Packing 3ชั้น,Packing,
log,extinguisher,thailand,th,LOG-EE-007,Non CFC,,,ห้อง Sup k 5,Packing 3ชั้น,Packing,
log,extinguisher,thailand,th,LOG-EE-021,CO2,,,Sup Mixing plant,Packing 3ชั้น,Packing,
log,extinguisher,thailand,th,LOG-DRF-BMP-008,Dry chemical,,,ชั้น 4 ด้านในที่เก็บถุง K5,Packaging K5ชั้น 4,Packaging,
log,extinguisher,thailand,th,LOG-DRF-BMP-017,Dry chemical,,,ชั้น 1 เสาด้านในอาคารเก็บม้วนกระดาษ ตรงข้ามที่เก็บถังสี,Packaging K5ชั้น 4,Packaging,
log,extinguisher,thailand,th,LOG-FHC-PP3-007,Fire Pump,,,ชั้น4Magazine 9 K5,Packaging K5,Packing,
log,extinguisher,thailand,th,LOG-FHC-PP3-008,Fire Pump,,,ชั้น1หน้าห้องเก็บม้วนกระดาษK6,Packaging K6,Packing,
log,extinguisher,thailand,th,LOG-FHC-BMP2-02,สายฉีดน้ำดับเพลิง,,,อาคารเก็บม้วนกระดาษ,Packing 2,Packing,
log,extinguisher,thailand,th,LOG-FE-SRB-02,CO2,,,PDD-SRB/หน้าอาคาร,อาคารวิจัยและพัฒนา,PDD,
log,extinguisher,thailand,th,LOG-FE.WH.1.02,Dry Chemical,,,หน้าโกดัง Mortar,"ITSC, Metro",CTC,
log,extinguisher,thailand,th,LOG-OL-FE-001,CO2,,,อาคารศูนย์บริการลูกค้าชั้น 2,ศูนย์บริการลูกค้า ชั้น 2,ศูนย์บริการลูกค้า,
log,extinguisher,thailand,th,LOG-KDC-FE-006,Dry chemical,,,คลัง A ข้างประตู,คลังสินค้าขอนแก่น ชั้น 1,คลังสินค้าขอนแก่น,
log,extinguisher,thailand,th,LOG-UDC-FE-007,Dry chemical,,,คลังสินค้าประตูหลัง,คลังสินค้าอุดรธานี ชั้น 1,คลังสินค้าอุดรธานี,
log,extinguisher,thailand,th,LOG-OL-SRT-FE-007,Dry chemical,,,บันไดทางขึ้นชั้น2,office ชั้น 2,ศูนย์กระจายสินค้าสุราษฎร์ธานี,
log,extinguisher,thailand,th,LOG-OL-SRT-FE-019,Dry chemical,,,,ห้องเก็บน้ำมัน,ศูนย์กระจายสินค้าสุราษฎร์ธานี,
log,extinguisher,thailand,th,LOG-OL-SRT-FE-033,CO2,,,,"Weighbridge 3,4",ศูนย์กระจายสินค้าสุราษฎร์ธานี,
log,extinguisher,thailand,th,LOG-OL-SRT-FE-035,Foam,,,,PM Office,ศูนย์กระจายสินค้าสุราษฎร์ธานี,
log,extinguisher,thailand,th,LOG-OL-SRT-FE-038,BF2000,,,,"Solar Rooftop, ดาดฟ้า",ศูนย์กระจายสินค้าสุราษฎร์ธานี,
log,extinguisher,thailand,th,LOG-PK-PLOC.014,Non CFC,,,อาคารจุดออกเอกสาร K.16,ศบล.ชั้น 1,Dispatching,
log,extinguisher,thailand,th,LOG-PK-PLOC.017,Dry chemical,,,อาคารจุด Gat-Out ( Y.2 ) ช่องที่ 1,ศบล.ชั้น 1,Dispatching,
log,extinguisher,thailand,th,LOG-PK-PLOC.022,Non CFC,,,ห้องชั่งรถยนต์โรงงาน 1,ห้องชั่ง รง. 1ชั้น 1,Dispatching,
log,extinguisher,thailand,th,LOG-PK-PLOC.024,Non CFC,,,ห้องชั่งรถยนต์โรงงาน 2 ( Taffa 1 ),ห้องชั่ง รง. 2ชั้น 1,Dispatching,
log,extinguisher,thailand,th,LOG-PK-PLOC.025,Non CFC,,,ห้องชั่งรถยนต์โรงงาน 2 ( Taffa 2 ),ห้องชั่ง รง. 2ชั้น 1,Dispatching,
log,extinguisher,thailand,th,LOG-PLOC.043,Dry chemical,,,ร้านที่ 3 ร้านขายข้าวแกงป้านวล,ศบล.ชั้น 1,Dispatching,
log,extinguisher,thailand,th,LOG-PP2-1-005,Dry chemical,,,ใต้ Bin Bag T1.,Packing 2ชั้น 1,Packing,
log,extinguisher,thailand,th,LOG-PP2-2-014,Dry chemical,,,หน้าห้องแผงควบคุมเก่า T1.,Packing 2ชั้น 2,Packing,
log,extinguisher,thailand,th,LOG-PP2-2-021,Dry chemical,,,หลังเครื่องบรรจุ Bucket PM.1,Packing 2ชั้น 2,Packing,
log,extinguisher,thailand,th,LOG-PP2-3-027,Dry chemical,,,ประตูทางเข้าอาคารเก็บ Stock ถุง,Packing 2ชั้น 3,Packing,
log,extinguisher,thailand,th,LOG-PP2-3-035,Dry chemical,,,ภายในอาคาร New Big Bag,Packing 2ชั้น 3,Packing,
log,extinguisher,thailand,th,LOG-PP2-3-036,Dry chemical,,,ภายในอาคาร New Big Bag,Packing 2ชั้น 3,Packing,
log,extinguisher,thailand,th,LOG-PP2-1-050,Dry chemical,,,เสาหน้าลานจอดรถยนต์ New W/H,Packing 2ชั้น 1,Packing,
log,extinguisher,thailand,th,LOG-PP2-1-057,Dry chemical,,,โรงเก็บเศษวัสดุหลัง W/H,Packing 2ชั้น 1,Packing,
log,extinguisher,thailand,th,LOG-DRF-BMP2-10,Dry chemical,,,อาคารเก็บม้วนกระดาษ เสาที่14 Packing2,Packing 2ชั้น 1,Packing,
log,extinguisher,thailand,th,LOG-DFR-PP3-008,Dry chemical,,,หน้าห้อง Compressor,Packing 3ชั้น,Packing,
log,extinguisher,thailand,th,LOG-DFR-PP3-022,Dry chemical,,,Bucket 3,Packing 3ชั้น,Packing,
log,extinguisher,thailand,th,LOG-DFR-PP3-025,Dry chemical,,,หน้า Roto 17,Packing 3ชั้น,Packing,
log,extinguisher,thailand,th,LOG-DFR-PP3-036,Dry chemical,,,หน้าห้องจ่ายปูนผง K 6,Packing 3ชั้น,Packing,
log,extinguisher,thailand,th,LOG-DFR-PP3-040,Dry chemical,,,ป้อมรปภ,Packing 3ชั้น,Packing,
log,extinguisher,thailand,th,LOG-DFR-PP3-050,Dry chemical,,,หน้าช่องจ่ายที่ 25,Packing 3ชั้น,Packing,
log,extinguisher,thailand,th,LOG-DFR-PP3-053,Dry chemical,,,หน้าห้องจ่ายปูนผง K 5,Packing 3ชั้น,Packing,
log,extinguisher,thailand,th,LOG-EE-009,Non CFC,,,ห้อง Sup k 6,Packing 3ชั้น,Packing,
log,extinguisher,thailand,th,LOG-EE-010,Dry chemical,,,ห้อง Sup k 6,Packing 3ชั้น,Packing,
log,extinguisher,thailand,th,LOG-EE-011,Non CFC,,,ห้อง Sup k 6,Packing 3ชั้น,Packing,
log,extinguisher,thailand,th,LOG-EE-018,CO2,,,Sup Warehouse,Packing 3ชั้น,Packing,
log,extinguisher,thailand,th,LOG-DRF-BMP-002,Dry chemical,,,ชั้น 1 ด้านหน้าทางเข้าอาคารเก็บม้วนกระดาษ K5 ข้างลิฟท์ขนถุงขวามือ,Packaging K5ชั้น 1,Packaging,
log,extinguisher,thailand,th,LOG-DRF-BMP-009,Dry chemical,,,ชั้น 1 ด้านหน้าทางเข้าห้องเก็บถุงชั้นล่าง K6,Packaging K6ชั้น 1,Packaging,
log,extinguisher,thailand,th,LOG-DRF-BMP-012,Dry chemical,,,ชั้น 4 ข้างห้องเก็บของ ด้านในที่เก็บถุง K6,Packaging K6ชั้น 1,Packaging,
log,extinguisher,thailand,th,LOG-FHC-BMP2-03,สายฉีดน้ำดับเพลิง,,,อาคารเก็บม้วนกระดาษ,Packing 2,Packing,
log,extinguisher,thailand,th,LOG-FE-RE-O1,Dry Chemical,,,ห้องทดสอบก้อนตัวอย่าง,"Roi-Et, Lab Roi-Et",CTC,
log,extinguisher,thailand,th,LOG-FE-LB-01,Dry Chemical,,,พื้นที่เก็บโมล,"EBKK, Lab Bangna",CTC,
log,extinguisher,thailand,th,LOG-FE.TC.1.01,CO2,,,ประตูทางเข้า,"ITSC, Metro",CTC,
log,extinguisher,thailand,th,LOG-KDC-FE-001,Dry chemical,,,ด้านหน้าออฟฟิศ,คลังสินค้าขอนแก่น ชั้น 1,คลังสินค้าขอนแก่น,
log,extinguisher,thailand,th,LOG-UDC-FE-005,Dry chemical,,,คลังสินค้าประตูหน้า,คลังสินค้าอุดรธานี ชั้น 1,คลังสินค้าอุดรธานี,
log,extinguisher,thailand,th,LOG-OL-SRT-FE-003,BF2000,,,ทางเดินสำนักงานขาย,office ชั้น 1,ศูนย์กระจายสินค้าสุราษฎร์ธานี,
log,extinguisher,thailand,th,LOG-OL-SRT-FE-017,Dry chemical,,,,ซ่อมบำรุง,ศูนย์กระจายสินค้าสุราษฎร์ธานี,
log,extinguisher,thailand,th,LOG-WB-PLOC.027,CO2 (11.9kg),,,ห้องชั่งรถยนต์โรงงาน 3,ห้องชั่ง รง. 3ชั้น 1,Dispatching,
log,extinguisher,thailand,th,LOG-WB-PLOC.054,Dry chemical,,,อาคารจุด Gat-Out โรงงาน2,ห้องชั่งโรงงาน 2ชั้น 1,Dispatching,
log,extinguisher,thailand,th,LOG-PLOC.047,Non CFC,,,อาคารออกเอกสารตู้ Kiosk K1,ศบล.ชั้น 1,Dispatching,
log,extinguisher,thailand,th,LOG-PP2-2-017,Dry chemical,,,หน้าห้องประชุม T1.,Packing 2ชั้น 2,Packing,
log,extinguisher,thailand,th,LOG-PP2-2-020,Dry chemical,,,เสาหลัง Truck Loader 3 -4 T1,Packing 2ชั้น 2,Packing,
log,extinguisher,thailand,th,LOG-PP2-3-032,Dry chemical,,,หน้าบันไดชั้นที่ 4,Packing 2ชั้น 3,Packing,
log,extinguisher,thailand,th,LOG-PP2-3-033,Dry chemical,,,หน้าบันไดชั้นที่ 5,Packing 2ชั้น 3,Packing,
log,extinguisher,thailand,th,LOG-PP2-1-045,CO2,,,ข้างห้องเก็บน้ำมันดีเซล,Packing 2ชั้น 1,Packing,
log,extinguisher,thailand,th,LOG-PP2-2-066,CO2,,,หน้าห้องแผงควบคุมใหม่ T2.,Packing 2ชั้น 2,Packing,
log,extinguisher,thailand,th,LOG-PP2-3-069,Dry chemical,,,เสาระหว่าง Roto 10 - 11,Packing 2ชั้น 3,Packing,
log,extinguisher,thailand,th,LOG-DRF-BMP2-03,Dry chemical,,,อาคารเก็บม้วนกระดาษ เสาที่6 Packing2,Packing 2ชั้น 1,Packing,
log,extinguisher,thailand,th,LOG-DRF-BMP2-05,Dry chemical,,,อาคารเก็บม้วนกระดาษ เสาที่8 Packing2,Packing 2ชั้น 1,Packing,
log,extinguisher,thailand,th,LOG-HAF-PP3-001,Non CFC,,,ห้องแผง K 5,Packing 3ชั้น,Packing,
log,extinguisher,thailand,th,LOG-DFR-PP3-009,Dry chemical,,,หน้าห้อง Compressor,Packing 3ชั้น,Packing,
log,extinguisher,thailand,th,LOG-DFR-PP3-035,Dry chemical,,,หน้าห้อง Compressor,Packing 3ชั้น,Packing,
log,extinguisher,thailand,th,LOG-DFR-PP3-042,Dry chemical,,,Paletizer 15,Packing 3ชั้น,Packing,
log,extinguisher,thailand,th,LOG-DFR-PP3-043,Dry chemical,,,Paletizer 17,Packing 3ชั้น,Packing,
log,extinguisher,thailand,th,LOG-DFR-PP3-044,Dry chemical,,,Paletizer 17,Packing 3ชั้น,Packing,
log,extinguisher,thailand,th,LOG-DFR-PP3-045,Dry chemical,,,หน้าช่องจ่ายที่ 8,Packing 3ชั้น,Packing,
log,extinguisher,thailand,th,LOG-DFR-PP3-047,Dry chemical,,,หน้าช่องจ่ายที่ 15,Packing 3ชั้น,Packing,
log,extinguisher,thailand,th,LOG-DFR-PP3-058,Dry chemical,,,ช่องจ่ายที่ 4,Packing 3ชั้น,Packing,
log,extinguisher,thailand,th,LOG-EE-013,Non CFC,,,ห้อง Sup k 6,Packing 3ชั้น,Packing,
log,extinguisher,thailand,th,LOG-EE-019,CO2,,,Sup Mixing plant,Packing 3ชั้น,Packing,
log,extinguisher,thailand,th,LOG-HRF-BMP-002,CO2,,,ชั้น 4 ที่เก็บถุงด้านหน้า K5,Packaging K5ชั้น 4,Packaging,
log,extinguisher,thailand,th,LOG-DRF-BMP-005,Dry chemical,,,ชั้น 4 ที่เก็บถุงด้านหน้า K5,Packaging K5ชั้น 4,Packaging,
log,extinguisher,thailand,th,LOG-FHC-PP3-003,Fire Pump,,,ชั้น4ภายในแผนกผลิตถุงK6 Bottomer1,Packaging K6,Packing,
log,extinguisher,thailand,th,LOG-FHC-PP3-010,Fire Pump,,,ชั้น4Magazine16 K6,Packaging K6,Packing,
log,extinguisher,thailand,th,LOG-FHC-PP3-014,Fire Pump,,,Wearhouse บริเวณด้านหน้าห้อง Fire pump,Warehouse PP3,Packing,
log,extinguisher,thailand,th,LOG-FHC-PP3-015,Fire Pump,,,Wearhouse บริเวณด้านหน้า Palletizer,Warehouse PP3,Packing,
log,extinguisher,thailand,th,LOG-FHC-BMP2-01,สายฉีดน้ำดับเพลิง,,,อาคารเก็บม้วนกระดาษ,Packing 2,Packing,
log,extinguisher,thailand,th,LOG-FE-LB-02,Dry Chemical,,,ข้างโม่ผสมคอนกรีต,"EBKK, Lab Bangna",CTC,
log,extinguisher,thailand,th,LOG-FE-LS-01,Dry Chemical,,,ห้องทดสอบก้อนตัวอย่าง,"Suratthani, Lab Suratthani",CTC,
log,extinguisher,thailand,th,LOG-FE-SRB-03,Dry Chemical,,,PDD-SRB/ห้องทดสอบ Mortar,อาคารปฏิบัติการฟิสิกส์,PDD,
log,extinguisher,thailand,th,LOG-FE.OB.2.05,CO2,,,ห้องประชุมสันติสุข,"ITSC, Metro",CTC,
log,extinguisher,thailand,th,LOG-FE.OB.3.08,Dry Chemical,,,ที่พักพนักงาน Outsource,"ITSC, Metro",CTC,
log,extinguisher,thailand,th,LOG-FE.TC.1.02,CO2,,,ทางเข้าห้องน้ำ,"ITSC, Metro",CTC,
log,extinguisher,thailand,th,LOG-FE.TC.1.10,CO2,,,หน้าห้องเก็บสารเคมี PDD,"ITSC, PDD-ITSC",PDD,
log,extinguisher,thailand,th,LOG-PP2-1-079,Dry Chemical,,,ข้างที่ชาร์ทแบตเตอรี่รถ 7 ตัน,Packing 2,Packing,
log,extinguisher,thailand,th,LOG-PP2-1-080,Dry Chemical,,,หม้อแปลงแสงอาทิตย์,Packing 2,Packing,
log,extinguisher,thailand,th,LOG-DRF-PP3-059,Dry Chemical,,,warehouse ,Packing 3,Packing,
log,extinguisher,thailand,th,LOG-DRF-PP3-060,Dry Chemical,,,warehouse ,Packing 3,Packing,
