cluster,type,owner,plantname,lastAccidentDate,endDate,id,country,status,beginDate,site,bu
EBKK,plant,C301-หน่วยผลิต บางนา,หน่วยผลิต บางนา,,kanchit.chincharoentham@siamcitycement.com,C301,thailand,Active,subin.jumpa@siamcitycement.com,ebkk,th
EBKK,plant,C302-หน่วยผลิต บางบ่อ,หน่วยผลิต บางบ่อ,,kanchit.chincharoentham@siamcitycement.com,C302,thailand,Active,natthapat.rurgchaisri@siamcitycement.com,ebkk,th
EBKK,plant,C305-หน่วยผลิต กิ่งแก้ว,หน่วยผลิต กิ่งแก้ว,,kanchit.chincharoentham@siamcitycement.com,C305,thailand,Active,subin.jumpa@siamcitycement.com,ebkk,th
EBKK,plant,C318-หน่วยผลิต คลองสุวรรณภูมิ,หน่วยผลิต คลองสุวรรณภูมิ,,kanchit.chincharoentham@siamcitycement.com,C318,thailand,Active,natthapat.rurgchaisri@siamcitycement.com,ebkk,th
EBKK,plant,C345-หน่วยผลิต บางเสาธง,หน่วยผลิต บางเสาธง,,kanchit.chincharoentham@siamcitycement.com,C345,thailand,Active,natthapat.rurgchaisri@siamcitycement.com,ebkk,th
EBKK,plant,C362-หน่วยผลิต สวนหลวง,หน่วยผลิต สวนหลวง,,kanchit.chincharoentham@siamcitycement.com,C362,thailand,Active,yotsakon.palakarn@siamcitycement.com,ebkk,th
EBKK,plant,C365-หน่วยผลิต วงแหวนใต้2,หน่วยผลิต วงแหวนใต้2,,kanchit.chincharoentham@siamcitycement.com,C365,thailand,Active,somsak.onthong@siamcitycement.com,ebkk,th
EBKK,plant,C429-หน่วยผลิต บางปู,หน่วยผลิต บางปู,,kanchit.chincharoentham@siamcitycement.com,C429,thailand,Active,somsak.onthong@siamcitycement.com,ebkk,th
EBKK,plant,C434-หน่วยผลิต เอเชีย ไออี,หน่วยผลิต เอเชีย ไออี,,kanchit.chincharoentham@siamcitycement.com,C434,thailand,Active,yotsakon.palakarn@siamcitycement.com,ebkk,th
EBKK,plant,C449-หน่วยผลิต ลาดกระบัง 2,หน่วยผลิต ลาดกระบัง 2,Thu Apr 19 2018 00:00:00 GMT+0700 (Indochina Time),kanchit.chincharoentham@siamcitycement.com,C449,thailand,Active,yotsakon.palakarn@siamcitycement.com,ebkk,th
EBKK,plant,C493-หน่วยผลิต ไอทีดี สุวรรณภูมิ 1-2,หน่วยผลิต ไอทีดี สุวรรณภูมิ 1-2,,kanchit.chincharoentham@siamcitycement.com,C493,thailand,Active,amornmit.kaewsri@siamcitycement.com,ebkk,th
EBKK,plant,C494-หน่วยผลิต ไอทีดี สุวรรณภูมิ 3-4,หน่วยผลิต ไอทีดี สุวรรณภูมิ 3-4,,kanchit.chincharoentham@siamcitycement.com,C494,thailand,Active,amornmit.kaewsri@siamcitycement.com,ebkk,th
EBKK,plant,C497-หน่วยผลิต บางปู 4,หน่วยผลิต บางปู 4,,kanchit.chincharoentham@siamcitycement.com,C497,thailand,Active,somsak.onthong@siamcitycement.com,ebkk,th
,frontend,บริษัท กิจสวัสดิ์ ขนส่ง,,,,OFFICE-Frontend-No.30,thailand,Active,,office,th
,frontend,บริษัท คิวแคร์ริเออร์,,,,OFFICE-Frontend-No.6,thailand,Active,,office,th
,frontend,บริษัท ดับเบิ้ลซี,,,,OFFICE-Frontend-No.22,thailand,Inactive,,office,th
,frontend,บริษัท ดับเบิ้ลซี,,,,OFFICE-Frontend-No.25,thailand,Inactive,,office,th
,frontend,บริษัท ดับเบิ้ลซี,,,,OFFICE-Frontend-No.28,thailand,Active,,office,th
,frontend,บริษัท คิวแคร์ริเออร์,,,,OFFICE-Frontend-No.35,thailand,Active,,office,th
,frontend,บริษัท กิจสวัสดิ์ ขนส่ง,,,,OFFICE-Frontend-No.46,thailand,Active,,office,th
,frontend,บริษัท คิวแคร์ริเออร์,,,,OFFICE-Frontend-No.4,thailand,Active,,office,th
,frontend,บริษัท ดับเบิ้ลซี,,,,OFFICE-Frontend-No.24,thailand,Active,,office,th
,frontend,บริษัท ดับเบิ้ลซี,,,,OFFICE-Frontend-No.18,thailand,Active,,office,th
,frontend,บริษัท คิวแคร์ริเออร์,,,,OFFICE-Frontend-No.7,thailand,Active,,office,th
,frontend,ฉัตรชัยภูเก็ต ทรานสปอร์ต,,,,OFFICE-Frontend-No.34,thailand,Active,,office,th
,frontend,ฉัตรชัยภูเก็ต ทรานสปอร์ต,,,,OFFICE-Frontend-No.33,thailand,Active,,office,th
,frontend,บริษัท คิวแคร์ริเออร์,,,,OFFICE-Frontend-No.36,thailand,Active,,office,th
,frontend,บริษัท กิจสวัสดิ์ ขนส่ง,,,,OFFICE-Frontend-No.43,thailand,Active,,office,th
,frontend,บริษัท คิวแคร์ริเออร์,,,,OFFICE-Frontend-No.1,thailand,Active,,office,th
,frontend,บริษัท คิวแคร์ริเออร์,,,,OFFICE-Frontend-No.10,thailand,Active,,office,th
,frontend,บริษัท กิจสวัสดิ์ ขนส่ง,,,,OFFICE-Frontend-No.14,thailand,Active,,office,th
,frontend,บริษัท กิจสวัสดิ์ ขนส่ง,,,,OFFICE-Frontend-No.15,thailand,Active,,office,th
,frontend,บริษัท ดับเบิ้ลซี,,,,OFFICE-Frontend-No.21,thailand,Inactive,,office,th
,frontend,บริษัท ดับเบิ้ลซี,,,,OFFICE-Frontend-No.23,thailand,Inactive,,office,th
,frontend,บริษัท คิวแคร์ริเออร์,,,,OFFICE-Frontend-No.11,thailand,Active,,office,th
,frontend,บริษัท ดับเบิ้ลซี,,,,OFFICE-Frontend-No.45,thailand,Inactive,,office,th
,frontend,บริษัท กิจสวัสดิ์ ขนส่ง,,,,OFFICE-Frontend-No.40,thailand,Active,,office,th
,frontend,บริษัท คิวแคร์ริเออร์,,,,OFFICE-Frontend-No.2,thailand,Active,,office,th
,frontend,บริษัท ดับเบิ้ลซี,,,,OFFICE-Frontend-No.9,thailand,Inactive,,office,th
,frontend,บริษัท ดับเบิ้ลซี,,,,OFFICE-Frontend-No.17,thailand,Active,,office,th
,frontend,บริษัท ดับเบิ้ลซี,,,,OFFICE-Frontend-No.19,thailand,Inactive,,office,th
,frontend,บริษัท คิวแคร์ริเออร์,,,,OFFICE-Frontend-No.38,thailand,Inactive,,office,th
,frontend,บริษัท คิวแคร์ริเออร์,,,,OFFICE-Frontend-No.5,thailand,Active,,office,th
,frontend,บริษัท ดับเบิ้ลซี,,,,OFFICE-Frontend-No.26,thailand,Active,,office,th
,frontend,บริษัท ดับเบิ้ลซี,,,,OFFICE-Frontend-No.39,thailand,Active,,office,th
,frontend,บริษัท ดับเบิ้ลซี,,,,OFFICE-Frontend-No.47,thailand,Active,,office,th
,frontend,บริษัท ฮกหลี ค้าวัสดุ จำกัด,,,,OFFICE-Frontend-No.3,thailand,Active,,office,th
,frontend,บริษัท ทรายซัพทีเอ,,,,OFFICE-Frontend-No.32,thailand,Active,,office,th
,frontend,บริษัท กิจสวัสดิ์ ขนส่ง,,,,OFFICE-Frontend-No.37,thailand,Active,,office,th
,frontend,บริษัท คิวแคร์ริเออร์,,,,OFFICE-Frontend-No.42,thailand,Active,,office,th
,frontend,บริษัท คิวแคร์ริเออร์,,,,OFFICE-Frontend-No.12,thailand,Active,,office,th
,frontend,บริษัท ดับเบิ้ลซี,,,,OFFICE-Frontend-No.27,thailand,Active,,office,th
,frontend,บริษัท กิจสวัสดิ์ ขนส่ง,,,,OFFICE-Frontend-No.41,thailand,Active,,office,th
,frontend,บริษัท คิวแคร์ริเออร์,,,,OFFICE-Frontend-No.44,thailand,Active,,office,th
,frontend,บริษัท คิวแคร์ริเออร์,,,,OFFICE-Frontend-No.8,thailand,Active,,office,th
,frontend,บริษัท คิวแคร์ริเออร์,,,,OFFICE-Frontend-No.13,thailand,Active,,office,th
,frontend,บริษัท กิจสวัสดิ์ ขนส่ง,,,,OFFICE-Frontend-No.16,thailand,Active,,office,th
,frontend,บริษัท ดับเบิ้ลซี,,,,OFFICE-Frontend-No.20,thailand,Active,,office,th
,frontend,บริษัท กิจสวัสดิ์ ขนส่ง,,,,OFFICE-Frontend-No.31,thailand,Active,,office,th
,frontend,บริษัท ดี สแควร์ กรุ๊ป,,,,OFFICE-Frontend-No.48,thailand,Active,,office,th
,frontend,บริษัท คิวแคร์ริเออร์,,,,OFFICE-Frontend-No.29,thailand,Inactive,,office,th
,mixer,บริษัท เอฟ ทรานสปอร์ต จำกัด,,,,LOG-TH1540,thailand,,,log,th
,mixer,บริษัท เอฟ ทรานสปอร์ต จำกัด,,,,LOG-TH1692,thailand,,,log,th
,mixer,บริษัท เอฟ ทรานสปอร์ต จำกัด,,,,LOG-TH661,thailand,,,log,th
,mixer,บริษัท เอฟ ทรานสปอร์ต จำกัด,,,,LOG-TH834,thailand,,,log,th
,mixer,บริษัท เอฟ ทรานสปอร์ต จำกัด,,,,LOG-TH868,thailand,,,log,th
,mixer,บริษัท เอฟ ทรานสปอร์ต จำกัด,,,,LOG-TH690,thailand,,,log,th
,mixer,บริษัท เอฟ ทรานสปอร์ต จำกัด,,,,LOG-TH805,thailand,,,log,th
,mixer,บริษัท คิว แคร์ริเออร์ จำกัด,,,,LOG-TH1042,thailand,,,log,th
,mixer,บริษัท คิว แคร์ริเออร์ จำกัด,,,,LOG-TH1260,thailand,,,log,th
,mixer,บริษัท คิว แคร์ริเออร์ จำกัด,,,,LOG-TH1268,thailand,,,log,th
,mixer,บริษัท คิว แคร์ริเออร์ จำกัด,,,,LOG-TH1278,thailand,,,log,th
,mixer,บริษัท คิว แคร์ริเออร์ จำกัด,,,,LOG-TH1798,thailand,,,log,th
,mixer,บริษัท คิว แคร์ริเออร์ จำกัด,,,,LOG-TH1809,thailand,,,log,th
,mixer,บริษัท คิว แคร์ริเออร์ จำกัด,,,,LOG-TH1287,thailand,,,log,th
,mixer,บริษัท คิว แคร์ริเออร์ จำกัด,,,,LOG-TH1613,thailand,,,log,th
,mixer,บริษัท คิว แคร์ริเออร์ จำกัด,,,,LOG-TH1284,thailand,,,log,th
,mixer,บริษัท คิว แคร์ริเออร์ จำกัด,,,,LOG-TH910,thailand,,,log,th
,mixer,บริษัท คิว แคร์ริเออร์ จำกัด,,,,LOG-TH1269,thailand,,,log,th
,mixer,บริษัท คิว แคร์ริเออร์ จำกัด,,,,LOG-TH099,thailand,,,log,th
,mixer,บริษัท คิว แคร์ริเออร์ จำกัด,,,,LOG-TH1267,thailand,,,log,th
,mixer,บริษัท คิว แคร์ริเออร์ จำกัด,,,,LOG-TH1283,thailand,,,log,th
,mixer,บริษัท คิว แคร์ริเออร์ จำกัด,,,,LOG-TH903,thailand,,,log,th
,mixer,บริษัท คิว แคร์ริเออร์ จำกัด,,,,LOG-TH1043,thailand,,,log,th
,mixer,บริษัท คิว แคร์ริเออร์ จำกัด,,,,LOG-TH1611,thailand,,,log,th
,mixer,บริษัท คิว แคร์ริเออร์ จำกัด,,,,LOG-TH904,thailand,,,log,th
,mixer,บริษัท เอฟ ทรานสปอร์ต จำกัด,,,,LOG-TH1888,thailand,,,log,th
,mixer,บริษัท เอฟ ทรานสปอร์ต จำกัด,,,,LOG-TH992,thailand,,,log,th
,mixer,บริษัท คิว แคร์ริเออร์ จำกัด,,,,LOG-TH1796,thailand,,,log,th
,mixer,บริษัท คิว แคร์ริเออร์ จำกัด,,,,LOG-TH1272,thailand,,,log,th
,mixer,บริษัท คิว แคร์ริเออร์ จำกัด,,,,LOG-TH1041,thailand,,,log,th
,mixer,บริษัท คิว แคร์ริเออร์ จำกัด,,,,LOG-TH1797,thailand,,,log,th
,mixer,บริษัท คิว แคร์ริเออร์ จำกัด,,,,LOG-TH1812,thailand,,,log,th
,mixer,บริษัท คิว แคร์ริเออร์ จำกัด,,,,LOG-TH1813,thailand,,,log,th
,mixer,บริษัท คิว แคร์ริเออร์ จำกัด,,,,LOG-TH902,thailand,,,log,th
,mixer,บริษัท คิว แคร์ริเออร์ จำกัด,,,,LOG-TH912,thailand,,,log,th
,mixer,บริษัท คิว แคร์ริเออร์ จำกัด,,,,LOG-TH909,thailand,,,log,th
,mixer,บริษัท เอฟ ทรานสปอร์ต จำกัด,,,,LOG-TH1002,thailand,,,log,th
,mixer,บริษัท คิว แคร์ริเออร์ จำกัด,,,,LOG-TH1044,thailand,,,log,th
,mixer,บริษัท คิว แคร์ริเออร์ จำกัด,,,,LOG-TH1651,thailand,,,log,th
,mixer,บริษัท ผู้พัฒนา ทรานสปอร์ท จำกัด,,,,LOG-TH797,thailand,,,log,th
,mixer,บริษัท ผู้พัฒนา ทรานสปอร์ท จำกัด,,,,LOG-TH971,thailand,,,log,th
,mixer,บริษัท ผู้พัฒนา ทรานสปอร์ท จำกัด,,,,LOG-TH972,thailand,,,log,th
,mixer,บริษัท ผู้พัฒนา ทรานสปอร์ท จำกัด,,,,LOG-TH973,thailand,,,log,th
,mixer,บริษัท ผู้พัฒนา ทรานสปอร์ท จำกัด,,,,LOG-TH974,thailand,,,log,th
,mixer,บริษัท ภัทรฉัตรา ทรานสปอร์ท จำกัด,,,,LOG-TH795,thailand,,,log,th
,mixer,บริษัท ภัทรฉัตรา ทรานสปอร์ท จำกัด,,,,LOG-TH796,thailand,,,log,th
,mixer,บริษัท คิว แคร์ริเออร์ จำกัด,,,,LOG-TH961,thailand,,,log,th
,mixer,บริษัท คิว แคร์ริเออร์ จำกัด,,,,LOG-TH962,thailand,,,log,th
,mixer,บริษัท มีนาทรานสปอร์ต จำกัด (มหาชน),,,,LOG-TH1241,thailand,,,log,th
,mixer,บริษัท มีนาทรานสปอร์ต จำกัด (มหาชน),,,,LOG-TH341,thailand,,,log,th
,mixer,บริษัท มีนาทรานสปอร์ต จำกัด (มหาชน),,,,LOG-TH1738,thailand,,,log,th
,mixer,บริษัท มีนาทรานสปอร์ต จำกัด (มหาชน),,,,LOG-TH1357,thailand,,,log,th
,mixer,บริษัท มีนาทรานสปอร์ต จำกัด (มหาชน),,,,LOG-TH342,thailand,,,log,th
,mixer,บริษัท มีนาทรานสปอร์ต จำกัด (มหาชน),,,,LOG-TH1729,thailand,,,log,th
,mixer,บริษัท มีนาทรานสปอร์ต จำกัด (มหาชน),,,,LOG-TH1387,thailand,,,log,th
,mixer,บริษัท มีนาทรานสปอร์ต จำกัด (มหาชน),,,,LOG-TH1520,thailand,,,log,th
,mixer,บริษัท มีนาทรานสปอร์ต จำกัด (มหาชน),,,,LOG-TH205,thailand,,,log,th
,mixer,บริษัท มีนาทรานสปอร์ต จำกัด (มหาชน),,,,LOG-TH1509,thailand,,,log,th
,mixer,บริษัท มีนาทรานสปอร์ต จำกัด (มหาชน),,,,LOG-TH340,thailand,,,log,th
,mixer,บริษัท มีนาทรานสปอร์ต จำกัด (มหาชน),,,,LOG-TH1353,thailand,,,log,th
,mixer,บริษัท มีนาทรานสปอร์ต จำกัด (มหาชน),,,,LOG-TH1722,thailand,,,log,th
,mixer,บริษัท มีนาทรานสปอร์ต จำกัด (มหาชน),,,,LOG-TH1724,thailand,,,log,th
,mixer,บริษัท มีนาทรานสปอร์ต จำกัด (มหาชน),,,,LOG-TH1247,thailand,,,log,th
,mixer,บริษัท มีนาทรานสปอร์ต จำกัด (มหาชน),,,,LOG-TH1507,thailand,,,log,th
,mixer,บริษัท มีนาทรานสปอร์ต จำกัด (มหาชน),,,,LOG-TH1516,thailand,,,log,th
,mixer,บริษัท มีนาทรานสปอร์ต จำกัด (มหาชน),,,,LOG-TH1380,thailand,,,log,th
,mixer,บริษัท มีนาทรานสปอร์ต จำกัด (มหาชน),,,,LOG-TH1124,thailand,,,log,th
,mixer,บริษัท มีนาทรานสปอร์ต จำกัด (มหาชน),,,,LOG-TH1916,thailand,,,log,th
,mixer,บริษัท เอฟ ทรานสปอร์ต จำกัด,,,,LOG-TH1691,thailand,,,log,th
,mixer,บริษัท เอฟ ทรานสปอร์ต จำกัด,,,,LOG-TH800,thailand,,,log,th
,mixer,บริษัท เอฟ ทรานสปอร์ต จำกัด,,,,LOG-TH840,thailand,,,log,th
,mixer,บริษัท เอฟ ทรานสปอร์ต จำกัด,,,,LOG-TH842,thailand,,,log,th
,mixer,บริษัท เอฟ ทรานสปอร์ต จำกัด,,,,LOG-TH876,thailand,,,log,th
,mixer,บริษัท เอฟ ทรานสปอร์ต จำกัด,,,,LOG-TH875,thailand,,,log,th
,mixer,บริษัท เอฟ ทรานสปอร์ต จำกัด,,,,LOG-TH899,thailand,,,log,th
,mixer,บริษัท มีนาทรานสปอร์ต จำกัด (มหาชน),,,,LOG-TH1102,thailand,,,log,th
,mixer,บริษัท มีนาทรานสปอร์ต จำกัด (มหาชน),,,,LOG-TH1109,thailand,,,log,th
,mixer,บริษัท เอฟ ทรานสปอร์ต จำกัด,,,,LOG-TH1906,thailand,,,log,th
,mixer,บริษัท เอฟ ทรานสปอร์ต จำกัด,,,,LOG-TH1715,thailand,,,log,th
,mixer,บริษัท เอฟ ทรานสปอร์ต จำกัด,,,,LOG-TH1899,thailand,,,log,th
,mixer,บริษัท เอฟ ทรานสปอร์ต จำกัด,,,,LOG-TH847,thailand,,,log,th
,mixer,บริษัท เอฟ ทรานสปอร์ต จำกัด,,,,LOG-TH656,thailand,,,log,th
,mixer,บริษัท มีนาทรานสปอร์ต จำกัด (มหาชน),,,,LOG-TH1140,thailand,,,log,th
,mixer,บริษัท มีนาทรานสปอร์ต จำกัด (มหาชน),,,,LOG-TH1143,thailand,,,log,th
,mixer,บริษัท เอฟ ทรานสปอร์ต จำกัด,,,,LOG-TH835,thailand,,,log,th
,mixer,บริษัท มีนาทรานสปอร์ต จำกัด (มหาชน),,,,LOG-TH1094,thailand,,,log,th
,mixer,บริษัท เอฟ ทรานสปอร์ต จำกัด,,,,LOG-TH1714,thailand,,,log,th
,mixer,บริษัท เอฟ ทรานสปอร์ต จำกัด,,,,LOG-TH1898,thailand,,,log,th
,mixer,บริษัท มีนาทรานสปอร์ต จำกัด (มหาชน),,,,LOG-TH1106,thailand,,,log,th
,mixer,บริษัท มีนาทรานสปอร์ต จำกัด (มหาชน),,,,LOG-TH1119,thailand,,,log,th
,mixer,บริษัท เอฟ ทรานสปอร์ต จำกัด,,,,LOG-TH1530,thailand,,,log,th
,mixer,บริษัท เอฟ ทรานสปอร์ต จำกัด,,,,LOG-TH1531,thailand,,,log,th
,mixer,บริษัท เอฟ ทรานสปอร์ต จำกัด,,,,LOG-TH1544,thailand,,,log,th
,mixer,บริษัท เอฟ ทรานสปอร์ต จำกัด,,,,LOG-TH1693,thailand,,,log,th
,mixer,บริษัท เอฟ ทรานสปอร์ต จำกัด,,,,LOG-TH1706,thailand,,,log,th
,mixer,บริษัท เอฟ ทรานสปอร์ต จำกัด,,,,LOG-TH1826,thailand,,,log,th
,mixer,บริษัท มีนาทรานสปอร์ต จำกัด (มหาชน),,,,LOG-TH1133,thailand,,,log,th
,mixer,บริษัท เอฟ ทรานสปอร์ต จำกัด,,,,LOG-TH838,thailand,,,log,th
,mixer,บริษัท เอฟ ทรานสปอร์ต จำกัด,,,,LOG-TH1626,thailand,,,log,th
,mixer,บริษัท เอฟ ทรานสปอร์ต จำกัด,,,,LOG-TH1627,thailand,,,log,th
,mixer,บริษัท มีนาทรานสปอร์ต จำกัด (มหาชน),,,,LOG-TH1098,thailand,,,log,th
,mixer,บริษัท เอฟ ทรานสปอร์ต จำกัด,,,,LOG-TH832,thailand,,,log,th
,mixer,บริษัท มีนาทรานสปอร์ต จำกัด (มหาชน),,,,LOG-TH1145,thailand,,,log,th
,mixer,บริษัท มีนาทรานสปอร์ต จำกัด (มหาชน),,,,LOG-TH1090,thailand,,,log,th
,mixer,บริษัท มีนาทรานสปอร์ต จำกัด (มหาชน),,,,LOG-TH1095,thailand,,,log,th
,mixer,บริษัท มีนาทรานสปอร์ต จำกัด (มหาชน),,,,LOG-TH1104,thailand,,,log,th
,mixer,บริษัท มีนาทรานสปอร์ต จำกัด (มหาชน),,,,LOG-TH788,thailand,,,log,th
,mixer,ห้างหุ้นส่วนจำกัด ทีอาร์ 9,,,,LOG-TH012,thailand,,,log,th
,mixer,ห้างหุ้นส่วนจำกัด ทีอาร์ 9,,,,LOG-TH019,thailand,,,log,th
,mixer,ห้างหุ้นส่วนจำกัด ทีอาร์ 9,,,,LOG-TH061,thailand,,,log,th
,mixer,ห้างหุ้นส่วนจำกัด ทีอาร์ 9,,,,LOG-TH063,thailand,,,log,th
,mixer,ห้างหุ้นส่วนจำกัด ทีอาร์ 9,,,,LOG-TH1333,thailand,,,log,th
,mixer,ห้างหุ้นส่วนจำกัด ทีอาร์ 9,,,,LOG-TH016,thailand,,,log,th
,mixer,บริษัท มีนาทรานสปอร์ต จำกัด (มหาชน),,,,LOG-TH1136,thailand,,,log,th
,mixer,บริษัท มีนาทรานสปอร์ต จำกัด (มหาชน),,,,LOG-TH1382,thailand,,,log,th
,mixer,บริษัท มีนาทรานสปอร์ต จำกัด (มหาชน),,,,LOG-TH1312,thailand,,,log,th
,mixer,บริษัท มีนาทรานสปอร์ต จำกัด (มหาชน),,,,LOG-TH1381,thailand,,,log,th
,mixer,บริษัท มีนาทรานสปอร์ต จำกัด (มหาชน),,,,LOG-TH1704,thailand,,,log,th
,mixer,บริษัท มีนาทรานสปอร์ต จำกัด (มหาชน),,,,LOG-TH1720,thailand,,,log,th
,mixer,บริษัท มีนาทรานสปอร์ต จำกัด (มหาชน),,,,LOG-TH1355,thailand,,,log,th
,mixer,บริษัท มีนาทรานสปอร์ต จำกัด (มหาชน),,,,LOG-TH1910,thailand,,,log,th
,mixer,บริษัท มีนาทรานสปอร์ต จำกัด (มหาชน),,,,LOG-TH1505,thailand,,,log,th
,mixer,บริษัท มีนาทรานสปอร์ต จำกัด (มหาชน),,,,LOG-TH1506,thailand,,,log,th
,mixer,บริษัท มีนาทรานสปอร์ต จำกัด (มหาชน),,,,LOG-TH1517,thailand,,,log,th
,mixer,บริษัท มีนาทรานสปอร์ต จำกัด (มหาชน),,,,LOG-TH1521,thailand,,,log,th
,mixer,บริษัท มีนาทรานสปอร์ต จำกัด (มหาชน),,,,LOG-TH1385,thailand,,,log,th
,mixer,บริษัท มีนาทรานสปอร์ต จำกัด (มหาชน),,,,LOG-TH1525,thailand,,,log,th
,mixer,บริษัท มีนาทรานสปอร์ต จำกัด (มหาชน),,,,LOG-TH1513,thailand,,,log,th
,mixer,บริษัท มีนาทรานสปอร์ต จำกัด (มหาชน),,,,LOG-TH1519,thailand,,,log,th
,mixer,บริษัท มีนาทรานสปอร์ต จำกัด (มหาชน),,,,LOG-TH1501,thailand,,,log,th
,mixer,บริษัท มีนาทรานสปอร์ต จำกัด (มหาชน),,,,LOG-TH1524,thailand,,,log,th
,mixer,บริษัท มีนาทรานสปอร์ต จำกัด (มหาชน),,,,LOG-TH334,thailand,,,log,th
,mixer,บริษัท มีนาทรานสปอร์ต จำกัด (มหาชน),,,,LOG-TH1248,thailand,,,log,th
,mixer,บริษัท มีนาทรานสปอร์ต จำกัด (มหาชน),,,,LOG-TH1369,thailand,,,log,th
,mixer,ห้างหุ้นส่วนจำกัด ทีอาร์ 9,,,,LOG-TH062,thailand,,,log,th
,mixer,ห้างหุ้นส่วนจำกัด ทีอาร์ 9,,,,LOG-TH1336,thailand,,,log,th
,mixer,ห้างหุ้นส่วนจำกัด ทีอาร์ 9,,,,LOG-TH1337,thailand,,,log,th
,mixer,ห้างหุ้นส่วนจำกัด ทีอาร์ 9,,,,LOG-TH1338,thailand,,,log,th
,mixer,ห้างหุ้นส่วนจำกัด ทีอาร์ 9,,,,LOG-TH1339,thailand,,,log,th
,mixer,ห้างหุ้นส่วนจำกัด ทีอาร์ 9,,,,LOG-TH003,thailand,,,log,th
,mixer,ห้างหุ้นส่วนจำกัด ทีอาร์ 9,,,,LOG-TH081,thailand,,,log,th
,mixer,ห้างหุ้นส่วนจำกัด ทีอาร์ 9,,,,LOG-TH082,thailand,,,log,th
,mixer,ห้างหุ้นส่วนจำกัด ทีอาร์ 9,,,,LOG-TH1340,thailand,,,log,th
,mixer,ห้างหุ้นส่วนจำกัด ทีอาร์ 9,,,,LOG-TH024,thailand,,,log,th
,mixer,ห้างหุ้นส่วนจำกัด ทีอาร์ 9,,,,LOG-TH084,thailand,,,log,th
,mixer,ห้างหุ้นส่วนจำกัด ทีอาร์ 9,,,,LOG-TH088,thailand,,,log,th
,mixer,ห้างหุ้นส่วนจำกัด ทีอาร์ 9,,,,LOG-TH079,thailand,,,log,th
,mixer,ห้างหุ้นส่วนจำกัด ทีอาร์ 9,,,,LOG-TH006,thailand,,,log,th
,mixer,ห้างหุ้นส่วนจำกัด ทีอาร์ 9,,,,LOG-TH002,thailand,,,log,th
,mixer,บริษัท มีนาทรานสปอร์ต จำกัด (มหาชน),,,,LOG-TH336,thailand,,,log,th
,mixer,บริษัท มีนาทรานสปอร์ต จำกัด (มหาชน),,,,LOG-TH1518,thailand,,,log,th
,mixer,บริษัท มีนาทรานสปอร์ต จำกัด (มหาชน),,,,LOG-TH1370,thailand,,,log,th
,mixer,บริษัท มีนาทรานสปอร์ต จำกัด (มหาชน),,,,LOG-TH1522,thailand,,,log,th
,mixer,บริษัท มีนาทรานสปอร์ต จำกัด (มหาชน),,,,LOG-TH1701,thailand,,,log,th
,mixer,บริษัท มีนาทรานสปอร์ต จำกัด (มหาชน),,,,LOG-TH1726,thailand,,,log,th
,mixer,บริษัท มีนาทรานสปอร์ต จำกัด (มหาชน),,,,LOG-TH1911,thailand,,,log,th
,mixer,บริษัท มีนาทรานสปอร์ต จำกัด (มหาชน),,,,LOG-TH413,thailand,,,log,th
,mixer,บริษัท มีนาทรานสปอร์ต จำกัด (มหาชน),,,,LOG-TH1512,thailand,,,log,th
,mixer,บริษัท มีนาทรานสปอร์ต จำกัด (มหาชน),,,,LOG-TH1523,thailand,,,log,th
,mixer,บริษัท เอฟ ทรานสปอร์ต จำกัด,,,,LOG-TH1542,thailand,,,log,th
,mixer,บริษัท เอฟ ทรานสปอร์ต จำกัด,,,,LOG-TH660,thailand,,,log,th
,mixer,บริษัท เอฟ ทรานสปอร์ต จำกัด,,,,LOG-TH680,thailand,,,log,th
,mixer,บริษัท เอฟ ทรานสปอร์ต จำกัด,,,,LOG-TH820,thailand,,,log,th
,mixer,บริษัท เอฟ ทรานสปอร์ต จำกัด,,,,LOG-TH830,thailand,,,log,th
,mixer,บริษัท เอฟ ทรานสปอร์ต จำกัด,,,,LOG-TH871,thailand,,,log,th
,mixer,บริษัท เอฟ ทรานสปอร์ต จำกัด,,,,LOG-TH878,thailand,,,log,th
,mixer,บริษัท เอฟ ทรานสปอร์ต จำกัด,,,,LOG-TH1902,thailand,,,log,th
,mixer,บริษัท มีนาทรานสปอร์ต จำกัด (มหาชน),,,,LOG-TH1511,thailand,,,log,th
,mixer,บริษัท มีนาทรานสปอร์ต จำกัด (มหาชน),,,,LOG-TH1514,thailand,,,log,th
,mixer,บริษัท ดีโอเค จำกัด,,,,LOG-TH1395,thailand,,,log,th
,mixer,บริษัท ดีโอเค จำกัด,,,,LOG-TH1647,thailand,,,log,th
,mixer,บริษัท ดีโอเค จำกัด,,,,LOG-TH1649,thailand,,,log,th
,mixer,บริษัท ดีโอเค จำกัด,,,,LOG-TH1750,thailand,,,log,th
,mixer,บริษัท ดีโอเค จำกัด,,,,LOG-TH1390,thailand,,,log,th
,mixer,บริษัท ดีโอเค จำกัด,,,,LOG-TH1391,thailand,,,log,th
,mixer,บริษัท ดีโอเค จำกัด,,,,LOG-TH1392,thailand,,,log,th
,mixer,บริษัท ดีโอเค จำกัด,,,,LOG-TH1396,thailand,,,log,th
,mixer,บริษัท ดีโอเค จำกัด,,,,LOG-TH1654,thailand,,,log,th
,mixer,บริษัท มีนาทรานสปอร์ต จำกัด (มหาชน),,,,LOG-TH1502,thailand,,,log,th
,mixer,บริษัท เอฟ ทรานสปอร์ต จำกัด,,,,LOG-TH816,thailand,,,log,th
,mixer,บริษัท เอฟ ทรานสปอร์ต จำกัด,,,,LOG-TH1895,thailand,,,log,th
,mixer,บริษัท เอฟ ทรานสปอร์ต จำกัด,,,,LOG-TH1534,thailand,,,log,th
,mixer,บริษัท เอฟ ทรานสปอร์ต จำกัด,,,,LOG-TH1541,thailand,,,log,th
,mixer,บริษัท เอฟ ทรานสปอร์ต จำกัด,,,,LOG-TH686,thailand,,,log,th
,mixer,บริษัท เอฟ ทรานสปอร์ต จำกัด,,,,LOG-TH808,thailand,,,log,th
,mixer,บริษัท เอฟ ทรานสปอร์ต จำกัด,,,,LOG-TH839,thailand,,,log,th
,mixer,บริษัท เอฟ ทรานสปอร์ต จำกัด,,,,LOG-TH849,thailand,,,log,th
,mixer,บริษัท เอฟ ทรานสปอร์ต จำกัด,,,,LOG-TH896,thailand,,,log,th
,mixer,บริษัท อินทรีโลจิสติกส์ จำกัด,,,,LOG-TH1662,thailand,,,log,th
,mixer,บริษัท อินทรีโลจิสติกส์ จำกัด,,,,LOG-TH1872,thailand,,,log,th
,mixer,บริษัท อินทรีโลจิสติกส์ จำกัด,,,,LOG-TH1874,thailand,,,log,th
,mixer,บริษัท เอฟ ทรานสปอร์ต จำกัด,,,,LOG-TH1700,thailand,,,log,th
,mixer,บริษัท เอฟ ทรานสปอร์ต จำกัด,,,,LOG-TH672,thailand,,,log,th
,mixer,บริษัท เอฟ ทรานสปอร์ต จำกัด,,,,LOG-TH684,thailand,,,log,th
,mixer,บริษัท เอฟ ทรานสปอร์ต จำกัด,,,,LOG-TH811,thailand,,,log,th
,mixer,บริษัท เอฟ ทรานสปอร์ต จำกัด,,,,LOG-TH821,thailand,,,log,th
,mixer,บริษัท เสริมสินไพบูลย์ จำกัด,,,,LOG-TH1551,thailand,,,log,th
,mixer,บริษัท เสริมสินไพบูลย์ จำกัด,,,,LOG-TH1555,thailand,,,log,th
,mixer,บริษัท อินทรีโลจิสติกส์ จำกัด,,,,LOG-TH1870,thailand,,,log,th
,mixer,บริษัท อินทรีโลจิสติกส์ จำกัด,,,,LOG-TH1871,thailand,,,log,th
,mixer,บริษัท เสริมสินไพบูลย์ จำกัด,,,,LOG-TH1565,thailand,,,log,th
,mixer,บริษัท เอฟ ทรานสปอร์ต จำกัด,,,,LOG-TH668,thailand,,,log,th
,mixer,บริษัท เอฟ ทรานสปอร์ต จำกัด,,,,LOG-TH873,thailand,,,log,th
,mixer,บริษัท อินทรีโลจิสติกส์ จำกัด,,,,LOG-TH1666,thailand,,,log,th
,mixer,บริษัท อินทรีโลจิสติกส์ จำกัด,,,,LOG-TH1876,thailand,,,log,th
,mixer,บริษัท เพชรอินทรี ทรานสปอร์ต จำกัด,,,,LOG-TH1228,thailand,,,log,th
,mixer,บริษัท เพชรอินทรี ทรานสปอร์ต จำกัด,,,,LOG-TH1232,thailand,,,log,th
,mixer,บริษัท เพชรอินทรี ทรานสปอร์ต จำกัด,,,,LOG-TH1235,thailand,,,log,th
,mixer,บริษัท เพชรอินทรี ทรานสปอร์ต จำกัด,,,,LOG-TH124,thailand,,,log,th
,mixer,บริษัท เพชรอินทรี ทรานสปอร์ต จำกัด,,,,LOG-TH249,thailand,,,log,th
,mixer,บริษัท เพชรอินทรี ทรานสปอร์ต จำกัด,,,,LOG-TH314,thailand,,,log,th
,mixer,บริษัท เพชรอินทรี ทรานสปอร์ต จำกัด,,,,LOG-TH317,thailand,,,log,th
,mixer,บริษัท เพชรอินทรี ทรานสปอร์ต จำกัด,,,,LOG-TH568,thailand,,,log,th
,mixer,บริษัท เพชรอินทรี ทรานสปอร์ต จำกัด,,,,LOG-TH711,thailand,,,log,th
,mixer,บริษัท เพชรอินทรี ทรานสปอร์ต จำกัด,,,,LOG-TH718,thailand,,,log,th
,mixer,บริษัท เพชรอินทรี ทรานสปอร์ต จำกัด,,,,LOG-TH312,thailand,,,log,th
,mixer,บริษัท เพชรอินทรี ทรานสปอร์ต จำกัด,,,,LOG-TH128,thailand,,,log,th
,mixer,บริษัท เพชรอินทรี ทรานสปอร์ต จำกัด,,,,LOG-TH257,thailand,,,log,th
,mixer,บริษัท เพชรอินทรี ทรานสปอร์ต จำกัด,,,,LOG-TH710,thailand,,,log,th
,mixer,บริษัท เพชรอินทรี ทรานสปอร์ต จำกัด,,,,LOG-TH241,thailand,,,log,th
,mixer,บริษัท เพชรอินทรี ทรานสปอร์ต จำกัด,,,,LOG-TH1225,thailand,,,log,th
,mixer,บริษัท เพชรอินทรี ทรานสปอร์ต จำกัด,,,,LOG-TH1233,thailand,,,log,th
,mixer,บริษัท เพชรอินทรี ทรานสปอร์ต จำกัด,,,,LOG-TH129,thailand,,,log,th
,mixer,บริษัท เพชรอินทรี ทรานสปอร์ต จำกัด,,,,LOG-TH245,thailand,,,log,th
,mixer,บริษัท เพชรอินทรี ทรานสปอร์ต จำกัด,,,,LOG-TH302,thailand,,,log,th
,mixer,บริษัท เพชรอินทรี ทรานสปอร์ต จำกัด,,,,LOG-TH303,thailand,,,log,th
,mixer,บริษัท เพชรอินทรี ทรานสปอร์ต จำกัด,,,,LOG-TH304,thailand,,,log,th
,mixer,บริษัท เพชรอินทรี ทรานสปอร์ต จำกัด,,,,LOG-TH305,thailand,,,log,th
,mixer,บริษัท เพชรอินทรี ทรานสปอร์ต จำกัด,,,,LOG-TH307,thailand,,,log,th
,mixer,บริษัท เพชรอินทรี ทรานสปอร์ต จำกัด,,,,LOG-TH306,thailand,,,log,th
,mixer,บริษัท เพชรอินทรี ทรานสปอร์ต จำกัด,,,,LOG-TH122,thailand,,,log,th
,mixer,บริษัท เพชรอินทรี ทรานสปอร์ต จำกัด,,,,LOG-TH1224,thailand,,,log,th
,mixer,บริษัท เพชรอินทรี ทรานสปอร์ต จำกัด,,,,LOG-TH1227,thailand,,,log,th
,mixer,บริษัท เพชรอินทรี ทรานสปอร์ต จำกัด,,,,LOG-TH126,thailand,,,log,th
,mixer,บริษัท เพชรอินทรี ทรานสปอร์ต จำกัด,,,,LOG-TH244,thailand,,,log,th
,mixer,บริษัท เพชรอินทรี ทรานสปอร์ต จำกัด,,,,LOG-TH255,thailand,,,log,th
,mixer,บริษัท เพชรอินทรี ทรานสปอร์ต จำกัด,,,,LOG-TH258,thailand,,,log,th
,mixer,บริษัท เพชรอินทรี ทรานสปอร์ต จำกัด,,,,LOG-TH311,thailand,,,log,th
,mixer,บริษัท เพชรอินทรี ทรานสปอร์ต จำกัด,,,,LOG-TH557,thailand,,,log,th
,mixer,บริษัท เพชรอินทรี ทรานสปอร์ต จำกัด,,,,LOG-TH714,thailand,,,log,th
,mixer,บริษัท เพชรอินทรี ทรานสปอร์ต จำกัด,,,,LOG-TH715,thailand,,,log,th
,mixer,บริษัท เพชรอินทรี ทรานสปอร์ต จำกัด,,,,LOG-TH720,thailand,,,log,th
,mixer,บริษัท คิว แคร์ริเออร์ จำกัด,,,,LOG-TH1040,thailand,,,log,th
,mixer,บริษัท เสริมสินไพบูลย์ จำกัด,,,,LOG-TH1552,thailand,,,log,th
,mixer,บริษัท เสริมสินไพบูลย์ จำกัด,,,,LOG-TH1554,thailand,,,log,th
,mixer,บริษัท เสริมสินไพบูลย์ จำกัด,,,,LOG-TH1559,thailand,,,log,th
,mixer,บริษัท เสริมสินไพบูลย์ จำกัด,,,,LOG-TH1562,thailand,,,log,th
,mixer,บริษัท เสริมสินไพบูลย์ จำกัด,,,,LOG-TH1564,thailand,,,log,th
,mixer,บริษัท เสริมสินไพบูลย์ จำกัด,,,,LOG-TH1566,thailand,,,log,th
,mixer,บริษัท เสริมสินไพบูลย์ จำกัด,,,,LOG-TH1567,thailand,,,log,th
,mixer,บริษัท เสริมสินไพบูลย์ จำกัด,,,,LOG-TH1743,thailand,,,log,th
,mixer,บริษัท คิว แคร์ริเออร์ จำกัด,,,,LOG-TH946,thailand,,,log,th
,mixer,บริษัท คิว แคร์ริเออร์ จำกัด,,,,LOG-TH1285,thailand,,,log,th
,mixer,บริษัท คิว แคร์ริเออร์ จำกัด,,,,LOG-TH1264,thailand,,,log,th
,mixer,บริษัท คิว แคร์ริเออร์ จำกัด,,,,LOG-TH1614,thailand,,,log,th
,mixer,บริษัท คิว แคร์ริเออร์ จำกัด,,,,LOG-TH1789,thailand,,,log,th
,mixer,บริษัท คิว แคร์ริเออร์ จำกัด,,,,LOG-TH1799,thailand,,,log,th
,mixer,บริษัท คิว แคร์ริเออร์ จำกัด,,,,LOG-TH942,thailand,,,log,th
,mixer,บริษัท คิว แคร์ริเออร์ จำกัด,,,,LOG-TH941,thailand,,,log,th
,mixer,บริษัท คิว แคร์ริเออร์ จำกัด,,,,LOG-TH1612,thailand,,,log,th
,mixer,บริษัท เอฟ ทรานสปอร์ต จำกัด,,,,LOG-TH1889,thailand,,,log,th
,mixer,บริษัท เอฟ ทรานสปอร์ต จำกัด,,,,LOG-TH1890,thailand,,,log,th
,mixer,บริษัท คิว แคร์ริเออร์ จำกัด,,,,LOG-TH1683,thailand,,,log,th
,mixer,บริษัท เอฟ ทรานสปอร์ต จำกัด,,,,LOG-TH667,thailand,,,log,th
,mixer,บริษัท เอฟ ทรานสปอร์ต จำกัด,,,,LOG-TH669,thailand,,,log,th
,mixer,บริษัท เอฟ ทรานสปอร์ต จำกัด,,,,LOG-TH807,thailand,,,log,th
,mixer,บริษัท เอฟ ทรานสปอร์ต จำกัด,,,,LOG-TH813,thailand,,,log,th
,mixer,บริษัท เอฟ ทรานสปอร์ต จำกัด,,,,LOG-TH850,thailand,,,log,th
,mixer,บริษัท คิว แคร์ริเออร์ จำกัด,,,,LOG-TH1288,thailand,,,log,th
,mixer,บริษัท คิว แคร์ริเออร์ จำกัด,,,,LOG-TH1261,thailand,,,log,th
,mixer,บริษัท คิว แคร์ริเออร์ จำกัด,,,,LOG-TH1282,thailand,,,log,th
,mixer,บริษัท คิว แคร์ริเออร์ จำกัด,,,,LOG-TH1795,thailand,,,log,th
,mixer,บริษัท คิว แคร์ริเออร์ จำกัด,,,,LOG-TH926,thailand,,,log,th
,mixer,บริษัท เคเจเจ ดีเวลลอปเม้นท์ จำกัด,,,,LOG-TH1671,thailand,,,log,th
,mixer,บริษัท เคเจเจ ดีเวลลอปเม้นท์ จำกัด,,,,LOG-TH1672,thailand,,,log,th
,mixer,บริษัท เคเจเจ ดีเวลลอปเม้นท์ จำกัด,,,,LOG-TH1673,thailand,,,log,th
,mixer,บริษัท เคเจเจ ดีเวลลอปเม้นท์ จำกัด,,,,LOG-TH1675,thailand,,,log,th
,mixer,บริษัท เคเจเจ ดีเวลลอปเม้นท์ จำกัด,,,,LOG-TH1801,thailand,,,log,th
,mixer,บริษัท เคเจเจ ดีเวลลอปเม้นท์ จำกัด,,,,LOG-TH1831,thailand,,,log,th
,mixer,บริษัท เคเจเจ ดีเวลลอปเม้นท์ จำกัด,,,,LOG-TH1856,thailand,,,log,th
,mixer,บริษัท เคเจเจ ดีเวลลอปเม้นท์ จำกัด,,,,LOG-TH1857,thailand,,,log,th
,mixer,บริษัท เคเจเจ ดีเวลลอปเม้นท์ จำกัด,,,,LOG-TH1860,thailand,,,log,th
,mixer,บริษัท เคเจเจ ดีเวลลอปเม้นท์ จำกัด,,,,LOG-TH1838,thailand,,,log,th
,mixer,บริษัท เคเจเจ ดีเวลลอปเม้นท์ จำกัด,,,,LOG-TH1863,thailand,,,log,th
,mixer,บริษัท เคเจเจ ดีเวลลอปเม้นท์ จำกัด,,,,LOG-TH1855,thailand,,,log,th
,mixer,บริษัท คิว แคร์ริเออร์ จำกัด,,,,LOG-TH1274,thailand,,,log,th
,mixer,บริษัท คิว แคร์ริเออร์ จำกัด,,,,LOG-TH960,thailand,,,log,th
,mixer,บริษัท มีนาทรานสปอร์ต จำกัด (มหาชน),,,,LOG-TH1909,thailand,,,log,th
,mixer,บริษัท มีนาทรานสปอร์ต จำกัด (มหาชน),,,,LOG-TH1702,thailand,,,log,th
,mixer,บริษัท มีนาทรานสปอร์ต จำกัด (มหาชน),,,,LOG-TH1730,thailand,,,log,th
,mixer,บริษัท มีนาทรานสปอร์ต จำกัด (มหาชน),,,,LOG-TH1118,thailand,,,log,th
,mixer,บริษัท มีนาทรานสปอร์ต จำกัด (มหาชน),,,,LOG-TH1371,thailand,,,log,th
,mixer,บริษัท มีนาทรานสปอร์ต จำกัด (มหาชน),,,,LOG-TH1373,thailand,,,log,th
,mixer,บริษัท เสริมสินไพบูลย์ จำกัด,,,,LOG-TH1550,thailand,,,log,th
,mixer,บริษัท มีนาทรานสปอร์ต จำกัด (มหาชน),,,,LOG-TH1097,thailand,,,log,th
,mixer,บริษัท มีนาทรานสปอร์ต จำกัด (มหาชน),,,,LOG-TH1117,thailand,,,log,th
,mixer,บริษัท มีนาทรานสปอร์ต จำกัด (มหาชน),,,,LOG-TH1127,thailand,,,log,th
,mixer,บริษัท มีนาทรานสปอร์ต จำกัด (มหาชน),,,,LOG-TH1132,thailand,,,log,th
,mixer,บริษัท มีนาทรานสปอร์ต จำกัด (มหาชน),,,,LOG-TH1142,thailand,,,log,th
,mixer,บริษัท มีนาทรานสปอร์ต จำกัด (มหาชน),,,,LOG-TH1510,thailand,,,log,th
,mixer,บริษัท มีนาทรานสปอร์ต จำกัด (มหาชน),,,,LOG-TH1725,thailand,,,log,th
,mixer,บริษัท มีนาทรานสปอร์ต จำกัด (มหาชน),,,,LOG-TH1731,thailand,,,log,th
,mixer,บริษัท มีนาทรานสปอร์ต จำกัด (มหาชน),,,,LOG-TH1739,thailand,,,log,th
,mixer,บริษัท มีนาทรานสปอร์ต จำกัด (มหาชน),,,,LOG-TH401,thailand,,,log,th
,mixer,บริษัท มีนาทรานสปอร์ต จำกัด (มหาชน),,,,LOG-TH408,thailand,,,log,th
,mixer,บริษัท เสริมสินไพบูลย์ จำกัด,,,,LOG-TH1742,thailand,,,log,th
,mixer,บริษัท เสริมสินไพบูลย์ จำกัด,,,,LOG-TH1741,thailand,,,log,th
,mixer,บริษัท มีนาทรานสปอร์ต จำกัด (มหาชน),,,,LOG-TH337,thailand,,,log,th
,mixer,บริษัท มีนาทรานสปอร์ต จำกัด (มหาชน),,,,LOG-TH1110,thailand,,,log,th
,mixer,บริษัท มีนาทรานสปอร์ต จำกัด (มหาชน),,,,LOG-TH1126,thailand,,,log,th
,mixer,บริษัท มีนาทรานสปอร์ต จำกัด (มหาชน),,,,LOG-TH1372,thailand,,,log,th
,mixer,บริษัท มีนาทรานสปอร์ต จำกัด (มหาชน),,,,LOG-TH1092,thailand,,,log,th
,mixer,ห้างหุ้นส่วนจำกัด ทีอาร์ 9,,,,LOG-TH1329,thailand,,,log,th
,mixer,บริษัท มีนาทรานสปอร์ต จำกัด (มหาชน),,,,LOG-TH1146,thailand,,,log,th
,mixer,ห้างหุ้นส่วนจำกัด ทีอาร์ 9,,,,LOG-TH004,thailand,,,log,th
,mixer,ห้างหุ้นส่วนจำกัด ทีอาร์ 9,,,,LOG-TH005,thailand,,,log,th
,mixer,ห้างหุ้นส่วนจำกัด ทีอาร์ 9,,,,LOG-TH009,thailand,,,log,th
,mixer,ห้างหุ้นส่วนจำกัด ทีอาร์ 9,,,,LOG-TH010,thailand,,,log,th
,mixer,ห้างหุ้นส่วนจำกัด ทีอาร์ 9,,,,LOG-TH025,thailand,,,log,th
,mixer,ห้างหุ้นส่วนจำกัด ทีอาร์ 9,,,,LOG-TH086,thailand,,,log,th
,mixer,ห้างหุ้นส่วนจำกัด ทีอาร์ 9,,,,LOG-TH1332,thailand,,,log,th
,mixer,ห้างหุ้นส่วนจำกัด ทีอาร์ 9,,,,LOG-TH028,thailand,,,log,th
,mixer,ห้างหุ้นส่วนจำกัด ทีอาร์ 9,,,,LOG-TH1061,thailand,,,log,th
,mixer,บริษัท มีนาทรานสปอร์ต จำกัด (มหาชน),,,,LOG-TH1093,thailand,,,log,th
,mixer,บริษัท มีนาทรานสปอร์ต จำกัด (มหาชน),,,,LOG-TH1096,thailand,,,log,th
,mixer,ห้างหุ้นส่วนจำกัด ทีอาร์ 9,,,,LOG-TH1328,thailand,,,log,th
,mixer,ห้างหุ้นส่วนจำกัด ทีอาร์ 9,,,,LOG-TH1334,thailand,,,log,th
,mixer,ห้างหุ้นส่วนจำกัด ทีอาร์ 9,,,,LOG-TH1341,thailand,,,log,th
,mixer,ห้างหุ้นส่วนจำกัด ทีอาร์ 9,,,,LOG-TH080,thailand,,,log,th
,mixer,ห้างหุ้นส่วนจำกัด ทีอาร์ 9,,,,LOG-TH1050,thailand,,,log,th
,mixer,ห้างหุ้นส่วนจำกัด ทีอาร์ 9,,,,LOG-TH083,thailand,,,log,th
,mixer,ห้างหุ้นส่วนจำกัด ทีอาร์ 9,,,,LOG-TH087,thailand,,,log,th
,mixer,ห้างหุ้นส่วนจำกัด ทีอาร์ 9,,,,LOG-TH015,thailand,,,log,th
,mixer,ห้างหุ้นส่วนจำกัด ทีอาร์ 9,,,,LOG-TH022,thailand,,,log,th
,mixer,ห้างหุ้นส่วนจำกัด ทีอาร์ 9,,,,LOG-TH085,thailand,,,log,th
,mixer,ห้างหุ้นส่วนจำกัด ทีอาร์ 9,,,,LOG-TH1051,thailand,,,log,th
,mixer,ห้างหุ้นส่วนจำกัด ทีอาร์ 9,,,,LOG-TH1052,thailand,,,log,th
,mixer,ห้างหุ้นส่วนจำกัด ทีอาร์ 9,,,,LOG-TH1053,thailand,,,log,th
,mixer,ห้างหุ้นส่วนจำกัด ทีอาร์ 9,,,,LOG-TH1054,thailand,,,log,th
,mixer,ห้างหุ้นส่วนจำกัด ทีอาร์ 9,,,,LOG-TH1055,thailand,,,log,th
,mixer,ห้างหุ้นส่วนจำกัด ทีอาร์ 9,,,,LOG-TH1056,thailand,,,log,th
,mixer,ห้างหุ้นส่วนจำกัด ทีอาร์ 9,,,,LOG-TH1057,thailand,,,log,th
,mixer,ห้างหุ้นส่วนจำกัด ทีอาร์ 9,,,,LOG-TH1058,thailand,,,log,th
,mixer,ห้างหุ้นส่วนจำกัด ทีอาร์ 9,,,,LOG-TH1059,thailand,,,log,th
,mixer,ห้างหุ้นส่วนจำกัด ทีอาร์ 9,,,,LOG-TH1060,thailand,,,log,th
,mixer,ห้างหุ้นส่วนจำกัด ทีอาร์ 9,,,,LOG-TH1062,thailand,,,log,th
,mixer,ห้างหุ้นส่วนจำกัด ทีอาร์ 9,,,,LOG-TH1063,thailand,,,log,th
,mixer,ห้างหุ้นส่วนจำกัด ทีอาร์ 9,,,,LOG-TH1064,thailand,,,log,th
,mixer,บริษัท เขมรัชต์ทรานสปอร์ต จำกัด,,,,LOG-TH161,thailand,,,log,th
,mixer,บริษัท เขมรัชต์ทรานสปอร์ต จำกัด,,,,LOG-TH164,thailand,,,log,th
,mixer,บริษัท เขมรัชต์ทรานสปอร์ต จำกัด,,,,LOG-TH165,thailand,,,log,th
,mixer,บริษัท เขมรัชต์ทรานสปอร์ต จำกัด,,,,LOG-TH167,thailand,,,log,th
,mixer,บริษัท เขมรัชต์ทรานสปอร์ต จำกัด,,,,LOG-TH171,thailand,,,log,th
,mixer,บริษัท เขมรัชต์ทรานสปอร์ต จำกัด,,,,LOG-TH172,thailand,,,log,th
,mixer,บริษัท เขมรัชต์ทรานสปอร์ต จำกัด,,,,LOG-TH175,thailand,,,log,th
,mixer,บริษัท เขมรัชต์ทรานสปอร์ต จำกัด,,,,LOG-TH177,thailand,,,log,th
,mixer,บริษัท เขมรัชต์ทรานสปอร์ต จำกัด,,,,LOG-TH191,thailand,,,log,th
,mixer,บริษัท เขมรัชต์ทรานสปอร์ต จำกัด,,,,LOG-TH189,thailand,,,log,th
,mixer,บริษัท เอฟ ทรานสปอร์ต จำกัด,,,,LOG-TH892,thailand,,,log,th
,mixer,บริษัท เอฟ ทรานสปอร์ต จำกัด,,,,LOG-TH679,thailand,,,log,th
,mixer,บริษัท เอฟ ทรานสปอร์ต จำกัด,,,,LOG-TH1003,thailand,,,log,th
,mixer,บริษัท เอฟ ทรานสปอร์ต จำกัด,,,,LOG-TH1005,thailand,,,log,th
,mixer,บริษัท เอฟ ทรานสปอร์ต จำกัด,,,,LOG-TH1006,thailand,,,log,th
,mixer,บริษัท เอฟ ทรานสปอร์ต จำกัด,,,,LOG-TH1829,thailand,,,log,th
,mixer,บริษัท เอฟ ทรานสปอร์ต จำกัด,,,,LOG-TH814,thailand,,,log,th
,mixer,บริษัท เอฟ ทรานสปอร์ต จำกัด,,,,LOG-TH824,thailand,,,log,th
,mixer,บริษัท เอฟ ทรานสปอร์ต จำกัด,,,,LOG-TH982,thailand,,,log,th
,mixer,บริษัท เอฟ ทรานสปอร์ต จำกัด,,,,LOG-TH998,thailand,,,log,th
,mixer,บริษัท เอฟ ทรานสปอร์ต จำกัด,,,,LOG-TH897,thailand,,,log,th
,mixer,บริษัท เอฟ ทรานสปอร์ต จำกัด,,,,LOG-TH986,thailand,,,log,th
,mixer,บริษัท เอฟ ทรานสปอร์ต จำกัด,,,,LOG-TH990,thailand,,,log,th
,mixer,บริษัท มีนาทรานสปอร์ต จำกัด (มหาชน),,,,LOG-TH335,thailand,,,log,th
,mixer,บริษัท มีนาทรานสปอร์ต จำกัด (มหาชน),,,,LOG-TH1251,thailand,,,log,th
,mixer,ห้างหุ้นส่วนจำกัด ทีอาร์ 9,,,,LOG-TH027,thailand,,,log,th
,mixer,ห้างหุ้นส่วนจำกัด ทีอาร์ 9,,,,LOG-TH031,thailand,,,log,th
,mixer,บริษัท มีนาทรานสปอร์ต จำกัด (มหาชน),,,,LOG-TH1351,thailand,,,log,th
,mixer,บริษัท มีนาทรานสปอร์ต จำกัด (มหาชน),,,,LOG-TH1356,thailand,,,log,th
,mixer,บริษัท มีนาทรานสปอร์ต จำกัด (มหาชน),,,,LOG-TH1515,thailand,,,log,th
,mixer,บริษัท มีนาทรานสปอร์ต จำกัด (มหาชน),,,,LOG-TH1735,thailand,,,log,th
,mixer,บริษัท มีนาทรานสปอร์ต จำกัด (มหาชน),,,,LOG-TH1101,thailand,,,log,th
,mixer,บริษัท มีนาทรานสปอร์ต จำกัด (มหาชน),,,,LOG-TH1081,thailand,,,log,th
,mixer,บริษัท มีนาทรานสปอร์ต จำกัด (มหาชน),,,,LOG-TH1082,thailand,,,log,th
,mixer,บริษัท มีนาทรานสปอร์ต จำกัด (มหาชน),,,,LOG-TH1131,thailand,,,log,th
,mixer,บริษัท มีนาทรานสปอร์ต จำกัด (มหาชน),,,,LOG-TH1134,thailand,,,log,th
,mixer,บริษัท มีนาทรานสปอร์ต จำกัด (มหาชน),,,,LOG-TH1503,thailand,,,log,th
,mixer,บริษัท มีนาทรานสปอร์ต จำกัด (มหาชน),,,,LOG-TH1737,thailand,,,log,th
,mixer,บริษัท มีนาทรานสปอร์ต จำกัด (มหาชน),,,,LOG-TH1115,thailand,,,log,th
,mixer,บริษัท มีนาทรานสปอร์ต จำกัด (มหาชน),,,,LOG-TH1383,thailand,,,log,th
,mixer,บริษัท เสริมสินไพบูลย์ จำกัด,,,,LOG-TH1553,thailand,,,log,th
,mixer,บริษัท เสริมสินไพบูลย์ จำกัด,,,,LOG-TH1556,thailand,,,log,th
,mixer,บริษัท เสริมสินไพบูลย์ จำกัด,,,,LOG-TH1558,thailand,,,log,th
,mixer,บริษัท เสริมสินไพบูลย์ จำกัด,,,,LOG-TH1560,thailand,,,log,th
,mixer,บริษัท เสริมสินไพบูลย์ จำกัด,,,,LOG-TH1561,thailand,,,log,th
,mixer,บริษัท เสริมสินไพบูลย์ จำกัด,,,,LOG-TH1557,thailand,,,log,th
,mixer,บริษัท เสริมสินไพบูลย์ จำกัด,,,,LOG-TH1563,thailand,,,log,th
,mixer,บริษัท เพชรอินทรี ทรานสปอร์ต จำกัด,,,,LOG-TH563,thailand,,,log,th
,mixer,บริษัท เพชรอินทรี ทรานสปอร์ต จำกัด,,,,LOG-TH1226,thailand,,,log,th
,mixer,บริษัท เพชรอินทรี ทรานสปอร์ต จำกัด,,,,LOG-TH125,thailand,,,log,th
,mixer,บริษัท เพชรอินทรี ทรานสปอร์ต จำกัด,,,,LOG-TH253,thailand,,,log,th
,mixer,บริษัท เพชรอินทรี ทรานสปอร์ต จำกัด,,,,LOG-TH254,thailand,,,log,th
,mixer,บริษัท เพชรอินทรี ทรานสปอร์ต จำกัด,,,,LOG-TH256,thailand,,,log,th
,mixer,บริษัท เพชรอินทรี ทรานสปอร์ต จำกัด,,,,LOG-TH259,thailand,,,log,th
,mixer,บริษัท เพชรอินทรี ทรานสปอร์ต จำกัด,,,,LOG-TH315,thailand,,,log,th
,mixer,บริษัท เพชรอินทรี ทรานสปอร์ต จำกัด,,,,LOG-TH320,thailand,,,log,th
,mixer,บริษัท เพชรอินทรี ทรานสปอร์ต จำกัด,,,,LOG-TH561,thailand,,,log,th
,mixer,บริษัท เพชรอินทรี ทรานสปอร์ต จำกัด,,,,LOG-TH562,thailand,,,log,th
,mixer,บริษัท เพชรอินทรี ทรานสปอร์ต จำกัด,,,,LOG-TH713,thailand,,,log,th
,mixer,บริษัท เพชรอินทรี ทรานสปอร์ต จำกัด,,,,LOG-TH717,thailand,,,log,th
,mixer,บริษัท เขมรัชต์ทรานสปอร์ต จำกัด,,,,LOG-TH159,thailand,,,log,th
,mixer,บริษัท เขมรัชต์ทรานสปอร์ต จำกัด,,,,LOG-TH179,thailand,,,log,th
,mixer,บริษัท เขมรัชต์ทรานสปอร์ต จำกัด,,,,LOG-TH192,thailand,,,log,th
,mixer,บริษัท เขมรัชต์ทรานสปอร์ต จำกัด,,,,LOG-TH193,thailand,,,log,th
,mixer,บริษัท เขมรัชต์ทรานสปอร์ต จำกัด,,,,LOG-TH195,thailand,,,log,th
,mixer,บริษัท เขมรัชต์ทรานสปอร์ต จำกัด,,,,LOG-TH196,thailand,,,log,th
,mixer,บริษัท เขมรัชต์ทรานสปอร์ต จำกัด,,,,LOG-TH197,thailand,,,log,th
,mixer,บริษัท เขมรัชต์ทรานสปอร์ต จำกัด,,,,LOG-TH198,thailand,,,log,th
,mixer,บริษัท เขมรัชต์ทรานสปอร์ต จำกัด,,,,LOG-TH199,thailand,,,log,th
,mixer,ห้างหุ้นส่วนจำกัด กิจเจริญทรานสปอร์ท,,,,LOG-TH444,thailand,,,log,th
,mixer,ห้างหุ้นส่วนจำกัด กิจเจริญทรานสปอร์ท,,,,LOG-TH445,thailand,,,log,th
,mixer,ห้างหุ้นส่วนจำกัด กิจเจริญทรานสปอร์ท,,,,LOG-TH451,thailand,,,log,th
,mixer,บริษัท เขมรัชต์ทรานสปอร์ต จำกัด,,,,LOG-TH190,thailand,,,log,th
,mixer,บริษัท เขมรัชต์ทรานสปอร์ต จำกัด,,,,LOG-TH160,thailand,,,log,th
,mixer,บริษัท เพชรอินทรี ทรานสปอร์ต จำกัด,,,,LOG-TH120,thailand,,,log,th
,mixer,บริษัท เพชรอินทรี ทรานสปอร์ต จำกัด,,,,LOG-TH1229,thailand,,,log,th
,mixer,บริษัท เพชรอินทรี ทรานสปอร์ต จำกัด,,,,LOG-TH1230,thailand,,,log,th
,mixer,บริษัท เพชรอินทรี ทรานสปอร์ต จำกัด,,,,LOG-TH242,thailand,,,log,th
,mixer,บริษัท เพชรอินทรี ทรานสปอร์ต จำกัด,,,,LOG-TH248,thailand,,,log,th
,mixer,บริษัท เพชรอินทรี ทรานสปอร์ต จำกัด,,,,LOG-TH250,thailand,,,log,th
,mixer,บริษัท เพชรอินทรี ทรานสปอร์ต จำกัด,,,,LOG-TH310,thailand,,,log,th
,mixer,บริษัท เพชรอินทรี ทรานสปอร์ต จำกัด,,,,LOG-TH316,thailand,,,log,th
,mixer,บริษัท เพชรอินทรี ทรานสปอร์ต จำกัด,,,,LOG-TH560,thailand,,,log,th
,mixer,บริษัท เพชรอินทรี ทรานสปอร์ต จำกัด,,,,LOG-TH318,thailand,,,log,th
,mixer,บริษัท เพชรอินทรี ทรานสปอร์ต จำกัด,,,,LOG-TH712,thailand,,,log,th
,mixer,บริษัท เอฟ ทรานสปอร์ต จำกัด,,,,LOG-TH1539,thailand,,,log,th
,mixer,บริษัท เอฟ ทรานสปอร์ต จำกัด,,,,LOG-TH1709,thailand,,,log,th
,mixer,บริษัท เอฟ ทรานสปอร์ต จำกัด,,,,LOG-TH1819,thailand,,,log,th
,mixer,บริษัท เอฟ ทรานสปอร์ต จำกัด,,,,LOG-TH659,thailand,,,log,th
,mixer,บริษัท เอฟ ทรานสปอร์ต จำกัด,,,,LOG-TH666,thailand,,,log,th
,mixer,บริษัท เอฟ ทรานสปอร์ต จำกัด,,,,LOG-TH688,thailand,,,log,th
,mixer,บริษัท เอฟ ทรานสปอร์ต จำกัด,,,,LOG-TH837,thailand,,,log,th
,mixer,บริษัท เอฟ ทรานสปอร์ต จำกัด,,,,LOG-TH815,thailand,,,log,th
,mixer,บริษัท เอฟ ทรานสปอร์ต จำกัด,,,,LOG-TH1536,thailand,,,log,th
,mixer,บริษัท เอฟ ทรานสปอร์ต จำกัด,,,,LOG-TH1821,thailand,,,log,th
,mixer,บริษัท เอฟ ทรานสปอร์ต จำกัด,,,,LOG-TH1633,thailand,,,log,th
,mixer,บริษัท เอฟ ทรานสปอร์ต จำกัด,,,,LOG-TH1543,thailand,,,log,th
,mixer,บริษัท เอฟ ทรานสปอร์ต จำกัด,,,,LOG-TH1825,thailand,,,log,th
,mixer,บริษัท เอฟ ทรานสปอร์ต จำกัด,,,,LOG-TH1000,thailand,,,log,th
,mixer,บริษัท เอฟ ทรานสปอร์ต จำกัด,,,,LOG-TH1535,thailand,,,log,th
,mixer,บริษัท เอฟ ทรานสปอร์ต จำกัด,,,,LOG-TH1698,thailand,,,log,th
,mixer,บริษัท เอฟ ทรานสปอร์ต จำกัด,,,,LOG-TH1699,thailand,,,log,th
,mixer,บริษัท เอฟ ทรานสปอร์ต จำกัด,,,,LOG-TH1707,thailand,,,log,th
,mixer,บริษัท เอฟ ทรานสปอร์ต จำกัด,,,,LOG-TH1001,thailand,,,log,th
,mixer,บริษัท เอฟ ทรานสปอร์ต จำกัด,,,,LOG-TH1695,thailand,,,log,th
,mixer,บริษัท เอฟ ทรานสปอร์ต จำกัด,,,,LOG-TH1713,thailand,,,log,th
,mixer,บริษัท เอฟ ทรานสปอร์ต จำกัด,,,,LOG-TH1820,thailand,,,log,th
,mixer,บริษัท เอฟ ทรานสปอร์ต จำกัด,,,,LOG-TH1823,thailand,,,log,th
,mixer,บริษัท เอฟ ทรานสปอร์ต จำกัด,,,,LOG-TH1892,thailand,,,log,th
,mixer,บริษัท เอฟ ทรานสปอร์ต จำกัด,,,,LOG-TH989,thailand,,,log,th
,mixer,บริษัท เอฟ ทรานสปอร์ต จำกัด,,,,LOG-TH994,thailand,,,log,th
,mixer,บริษัท เอฟ ทรานสปอร์ต จำกัด,,,,LOG-TH1634,thailand,,,log,th
,mixer,บริษัท เอฟ ทรานสปอร์ต จำกัด,,,,LOG-TH1537,thailand,,,log,th
,mixer,บริษัท เอฟ ทรานสปอร์ต จำกัด,,,,LOG-TH880,thailand,,,log,th
,mixer,บริษัท เอฟ ทรานสปอร์ต จำกัด,,,,LOG-TH1918,thailand,,,log,th
,mixer,บริษัท มีนาทรานสปอร์ต จำกัด (มหาชน),,,,LOG-TH1139,thailand,,,log,th
,mixer,บริษัท มีนาทรานสปอร์ต จำกัด (มหาชน),,,,LOG-TH1374,thailand,,,log,th
,mixer,บริษัท เอฟ ทรานสปอร์ต จำกัด,,,,LOG-TH678,thailand,,,log,th
,mixer,บริษัท เอฟ ทรานสปอร์ต จำกัด,,,,LOG-TH683,thailand,,,log,th
,mixer,บริษัท เอฟ ทรานสปอร์ต จำกัด,,,,LOG-TH997,thailand,,,log,th
,mixer,บริษัท คิว แคร์ริเออร์ จำกัด,,,,LOG-TH900,thailand,,,log,th
,mixer,บริษัท คิว แคร์ริเออร์ จำกัด,,,,LOG-TH905,thailand,,,log,th
,mixer,บริษัท คิว แคร์ริเออร์ จำกัด,,,,LOG-TH906,thailand,,,log,th
,mixer,บริษัท คิว แคร์ริเออร์ จำกัด,,,,LOG-TH908,thailand,,,log,th
,mixer,บริษัท เอฟ ทรานสปอร์ต จำกัด,,,,LOG-TH1917,thailand,,,log,th
,mixer,บริษัท มีนาทรานสปอร์ต จำกัด (มหาชน),,,,LOG-TH1240,thailand,,,log,th
,mixer,บริษัท มีนาทรานสปอร์ต จำกัด (มหาชน),,,,LOG-TH1246,thailand,,,log,th
,mixer,บริษัท มีนาทรานสปอร์ต จำกัด (มหาชน),,,,LOG-TH1291,thailand,,,log,th
,mixer,บริษัท มีนาทรานสปอร์ต จำกัด (มหาชน),,,,LOG-TH1292,thailand,,,log,th
,mixer,บริษัท มีนาทรานสปอร์ต จำกัด (มหาชน),,,,LOG-TH1293,thailand,,,log,th
,mixer,บริษัท มีนาทรานสปอร์ต จำกัด (มหาชน),,,,LOG-TH1294,thailand,,,log,th
,mixer,บริษัท มีนาทรานสปอร์ต จำกัด (มหาชน),,,,LOG-TH1295,thailand,,,log,th
,mixer,บริษัท มีนาทรานสปอร์ต จำกัด (มหาชน),,,,LOG-TH1296,thailand,,,log,th
,mixer,บริษัท เคเจเจ ดีเวลลอปเม้นท์ จำกัด,,,,LOG-TH1830,thailand,,,log,th
,mixer,บริษัท เคเจเจ ดีเวลลอปเม้นท์ จำกัด,,,,LOG-TH1837,thailand,,,log,th
,mixer,บริษัท เคเจเจ ดีเวลลอปเม้นท์ จำกัด,,,,LOG-TH1858,thailand,,,log,th
,mixer,บริษัท เคเจเจ ดีเวลลอปเม้นท์ จำกัด,,,,LOG-TH1862,thailand,,,log,th
,mixer,บริษัท เคเจเจ ดีเวลลอปเม้นท์ จำกัด,,,,LOG-TH1834,thailand,,,log,th
,mixer,บริษัท เอฟ ทรานสปอร์ต จำกัด,,,,LOG-TH846,thailand,,,log,th
,mixer,บริษัท เอฟ ทรานสปอร์ต จำกัด,,,,LOG-TH845,thailand,,,log,th
,mixer,บริษัท เอฟ ทรานสปอร์ต จำกัด,,,,LOG-TH987,thailand,,,log,th
,mixer,บริษัท เอฟ ทรานสปอร์ต จำกัด,,,,LOG-TH655,thailand,,,log,th
,mixer,บริษัท เอฟ ทรานสปอร์ต จำกัด,,,,LOG-TH983,thailand,,,log,th
,mixer,บริษัท เอฟ ทรานสปอร์ต จำกัด,,,,LOG-TH1694,thailand,,,log,th
,mixer,บริษัท เอฟ ทรานสปอร์ต จำกัด,,,,LOG-TH1822,thailand,,,log,th
,mixer,บริษัท เอฟ ทรานสปอร์ต จำกัด,,,,LOG-TH1828,thailand,,,log,th
,mixer,บริษัท เอฟ ทรานสปอร์ต จำกัด,,,,LOG-TH657,thailand,,,log,th
,mixer,บริษัท เอฟ ทรานสปอร์ต จำกัด,,,,LOG-TH841,thailand,,,log,th
,mixer,บริษัท เอฟ ทรานสปอร์ต จำกัด,,,,LOG-TH895,thailand,,,log,th
,mixer,บริษัท เอฟ ทรานสปอร์ต จำกัด,,,,LOG-TH984,thailand,,,log,th
,mixer,บริษัท เอฟ ทรานสปอร์ต จำกัด,,,,LOG-TH985,thailand,,,log,th
,mixer,บริษัท เอฟ ทรานสปอร์ต จำกัด,,,,LOG-TH999,thailand,,,log,th
,mixer,บริษัท เอฟ ทรานสปอร์ต จำกัด,,,,LOG-TH1631,thailand,,,log,th
,mixer,บริษัท เอฟ ทรานสปอร์ต จำกัด,,,,LOG-TH1900,thailand,,,log,th
,mixer,บริษัท เอฟ ทรานสปอร์ต จำกัด,,,,LOG-TH658,thailand,,,log,th
,mixer,บริษัท เอฟ ทรานสปอร์ต จำกัด,,,,LOG-TH671,thailand,,,log,th
,mixer,บริษัท เอฟ ทรานสปอร์ต จำกัด,,,,LOG-TH674,thailand,,,log,th
,mixer,บริษัท เอฟ ทรานสปอร์ต จำกัด,,,,LOG-TH675,thailand,,,log,th
,mixer,บริษัท เอฟ ทรานสปอร์ต จำกัด,,,,LOG-TH676,thailand,,,log,th
,mixer,บริษัท เอฟ ทรานสปอร์ต จำกัด,,,,LOG-TH1632,thailand,,,log,th
,mixer,บริษัท คิว แคร์ริเออร์ จำกัด,,,,LOG-TH1276,thailand,,,log,th
,mixer,บริษัท คิว แคร์ริเออร์ จำกัด,,,,LOG-TH1286,thailand,,,log,th
,mixer,บริษัท คิว แคร์ริเออร์ จำกัด,,,,LOG-TH1616,thailand,,,log,th
,mixer,บริษัท คิว แคร์ริเออร์ จำกัด,,,,LOG-TH1617,thailand,,,log,th
,mixer,บริษัท คิว แคร์ริเออร์ จำกัด,,,,LOG-TH1618,thailand,,,log,th
,mixer,บริษัท คิว แคร์ริเออร์ จำกัด,,,,LOG-TH1810,thailand,,,log,th
,mixer,บริษัท คิว แคร์ริเออร์ จำกัด,,,,LOG-TH915,thailand,,,log,th
,mixer,บริษัท คิว แคร์ริเออร์ จำกัด,,,,LOG-TH1263,thailand,,,log,th
,mixer,บริษัท คิว แคร์ริเออร์ จำกัด,,,,LOG-TH1266,thailand,,,log,th
,mixer,บริษัท คิว แคร์ริเออร์ จำกัด,,,,LOG-TH1280,thailand,,,log,th
,mixer,บริษัท คิว แคร์ริเออร์ จำกัด,,,,LOG-TH1619,thailand,,,log,th
,mixer,บริษัท คิว แคร์ริเออร์ จำกัด,,,,LOG-TH1650,thailand,,,log,th
,mixer,บริษัท คิว แคร์ริเออร์ จำกัด,,,,LOG-TH1684,thailand,,,log,th
,mixer,บริษัท คิว แคร์ริเออร์ จำกัด,,,,LOG-TH1685,thailand,,,log,th
,mixer,บริษัท คิว แคร์ริเออร์ จำกัด,,,,LOG-TH1784,thailand,,,log,th
,mixer,บริษัท คิว แคร์ริเออร์ จำกัด,,,,LOG-TH1790,thailand,,,log,th
,mixer,บริษัท คิว แคร์ริเออร์ จำกัด,,,,LOG-TH1289,thailand,,,log,th
,mixer,บริษัท คิว แคร์ริเออร์ จำกัด,,,,LOG-TH1815,thailand,,,log,th
,mixer,บริษัท เคเจเจ ดีเวลลอปเม้นท์ จำกัด,,,,LOG-TH1802,thailand,,,log,th
,mixer,บริษัท เคเจเจ ดีเวลลอปเม้นท์ จำกัด,,,,LOG-TH1803,thailand,,,log,th
,mixer,บริษัท เคเจเจ ดีเวลลอปเม้นท์ จำกัด,,,,LOG-TH1804,thailand,,,log,th
,mixer,บริษัท เคเจเจ ดีเวลลอปเม้นท์ จำกัด,,,,LOG-TH1805,thailand,,,log,th
,mixer,บริษัท เคเจเจ ดีเวลลอปเม้นท์ จำกัด,,,,LOG-TH1806,thailand,,,log,th
,mixer,บริษัท เคเจเจ ดีเวลลอปเม้นท์ จำกัด,,,,LOG-TH1836,thailand,,,log,th
,mixer,บริษัท เคเจเจ ดีเวลลอปเม้นท์ จำกัด,,,,LOG-TH1839,thailand,,,log,th
,mixer,บริษัท เคเจเจ ดีเวลลอปเม้นท์ จำกัด,,,,LOG-TH1840,thailand,,,log,th
,mixer,บริษัท คิว แคร์ริเออร์ จำกัด,,,,LOG-TH964,thailand,,,log,th
,mixer,บริษัท คิว แคร์ริเออร์ จำกัด,,,,LOG-TH1615,thailand,,,log,th
,mixer,บริษัท เคเจเจ ดีเวลลอปเม้นท์ จำกัด,,,,LOG-TH1843,thailand,,,log,th
,mixer,บริษัท คิว แคร์ริเออร์ จำกัด,,,,LOG-TH1148,thailand,,,log,th
,mixer,บริษัท คิว แคร์ริเออร์ จำกัด,,,,LOG-TH1149,thailand,,,log,th
,mixer,บริษัท คิว แคร์ริเออร์ จำกัด,,,,LOG-TH1150,thailand,,,log,th
,mixer,บริษัท คิว แคร์ริเออร์ จำกัด,,,,LOG-TH1151,thailand,,,log,th
,mixer,บริษัท คิว แคร์ริเออร์ จำกัด,,,,LOG-TH1147,thailand,,,log,th
,mixer,บริษัท คิว แคร์ริเออร์ จำกัด,,,,LOG-TH1290,thailand,,,log,th
,mixer,บริษัท คิว แคร์ริเออร์ จำกัด,,,,LOG-TH901,thailand,,,log,th
,mixer,บริษัท เขมรัชต์ทรานสปอร์ต จำกัด,,,,LOG-TH194,thailand,,,log,th
,mixer,บริษัท เขมรัชต์ทรานสปอร์ต จำกัด,,,,LOG-TH151,thailand,,,log,th
,mixer,บริษัท เขมรัชต์ทรานสปอร์ต จำกัด,,,,LOG-TH153,thailand,,,log,th
,mixer,บริษัท เขมรัชต์ทรานสปอร์ต จำกัด,,,,LOG-TH155,thailand,,,log,th
,mixer,บริษัท เขมรัชต์ทรานสปอร์ต จำกัด,,,,LOG-TH157,thailand,,,log,th
,mixer,บริษัท เขมรัชต์ทรานสปอร์ต จำกัด,,,,LOG-TH162,thailand,,,log,th
,mixer,บริษัท เขมรัชต์ทรานสปอร์ต จำกัด,,,,LOG-TH163,thailand,,,log,th
,mixer,บริษัท เขมรัชต์ทรานสปอร์ต จำกัด,,,,LOG-TH166,thailand,,,log,th
,mixer,บริษัท เขมรัชต์ทรานสปอร์ต จำกัด,,,,LOG-TH188,thailand,,,log,th
,mixer,บริษัท เขมรัชต์ทรานสปอร์ต จำกัด,,,,LOG-TH186,thailand,,,log,th
,mixer,บริษัท เขมรัชต์ทรานสปอร์ต จำกัด,,,,LOG-TH187,thailand,,,log,th
,mixer,บริษัท เอฟ ทรานสปอร์ต จำกัด,,,,LOG-TH988,thailand,,,log,th
,mixer,บริษัท เอฟ ทรานสปอร์ต จำกัด,,,,LOG-TH1894,thailand,,,log,th
,mixer,บริษัท เอฟ ทรานสปอร์ต จำกัด,,,,LOG-TH993,thailand,,,log,th
,mixer,บริษัท เอฟ ทรานสปอร์ต จำกัด,,,,LOG-TH1919,thailand,,,log,th
,mixer,บริษัท เอฟ ทรานสปอร์ต จำกัด,,,,LOG-TH1960,thailand,,,log,th
,mixer,บริษัท เอฟ ทรานสปอร์ต จำกัด,,,,LOG-TH1961,thailand,,,log,th
,mixer,บริษัท เอฟ ทรานสปอร์ต จำกัด,,,,LOG-TH1962,thailand,,,log,th
,mixer,บริษัท เอฟ ทรานสปอร์ต จำกัด,,,,LOG-TH1963,thailand,,,log,th
,mixer,บริษัท เอฟ ทรานสปอร์ต จำกัด,,,,LOG-TH1964,thailand,,,log,th
,mixer,บริษัท เอฟ ทรานสปอร์ต จำกัด,,,,LOG-TH1965,thailand,,,log,th
,mixer,บริษัท เอฟ ทรานสปอร์ต จำกัด,,,,LOG-TH1966,thailand,,,log,th
,mixer,บริษัท เอฟ ทรานสปอร์ต จำกัด,,,,LOG-TH1967,thailand,,,log,th
,mixer,บริษัท สหธนเสฏฐ์ เอ็นจีเนียริ่ง จำกัด,,,,LOG-TH1365,thailand,,,log,th
,mixer,บริษัท สหธนเสฏฐ์ เอ็นจีเนียริ่ง จำกัด,,,,LOG-TH1413,thailand,,,log,th
,mixer,บริษัท สหธนเสฏฐ์ เอ็นจีเนียริ่ง จำกัด,,,,LOG-TH1416,thailand,,,log,th
,mixer,บริษัท สหธนเสฏฐ์ เอ็นจีเนียริ่ง จำกัด,,,,LOG-TH1418,thailand,,,log,th
,mixer,บริษัท สหธนเสฏฐ์ เอ็นจีเนียริ่ง จำกัด,,,,LOG-TH1423,thailand,,,log,th
,mixer,บริษัท สหธนเสฏฐ์ เอ็นจีเนียริ่ง จำกัด,,,,LOG-TH1361,thailand,,,log,th
,mixer,บริษัท สหธนเสฏฐ์ เอ็นจีเนียริ่ง จำกัด,,,,LOG-TH1441,thailand,,,log,th
,mixer,บริษัท สหธนเสฏฐ์ เอ็นจีเนียริ่ง จำกัด,,,,LOG-TH1442,thailand,,,log,th
,mixer,บริษัท เอฟ ทรานสปอร์ต จำกัด,,,,LOG-TH1896,thailand,,,log,th
,mixer,บริษัท มีนาทรานสปอร์ต จำกัด (มหาชน),,,,LOG-TH1129,thailand,,,log,th
,mixer,บริษัท เอฟ ทรานสปอร์ต จำกัด,,,,LOG-TH831,thailand,,,log,th
,mixer,บริษัท มีนาทรานสปอร์ต จำกัด (มหาชน),,,,LOG-TH1111,thailand,,,log,th
,mixer,บริษัท เอฟ ทรานสปอร์ต จำกัด,,,,LOG-TH843,thailand,,,log,th
,mixer,บริษัท เอฟ ทรานสปอร์ต จำกัด,,,,LOG-TH898,thailand,,,log,th
,mixer,บริษัท เอฟ ทรานสปอร์ต จำกัด,,,,LOG-TH874,thailand,,,log,th
,mixer,บริษัท เอฟ ทรานสปอร์ต จำกัด,,,,LOG-TH829,thailand,,,log,th
,mixer,บริษัท มีนาทรานสปอร์ต จำกัด (มหาชน),,,,LOG-TH1113,thailand,,,log,th
,mixer,บริษัท มีนาทรานสปอร์ต จำกัด (มหาชน),,,,LOG-TH1138,thailand,,,log,th
,mixer,บริษัท เอฟ ทรานสปอร์ต จำกัด,,,,LOG-TH801,thailand,,,log,th
,mixer,บริษัท เอฟ ทรานสปอร์ต จำกัด,,,,LOG-TH817,thailand,,,log,th
,mixer,บริษัท เอฟ ทรานสปอร์ต จำกัด,,,,LOG-TH836,thailand,,,log,th
,mixer,บริษัท เอฟ ทรานสปอร์ต จำกัด,,,,LOG-TH812,thailand,,,log,th
,mixer,บริษัท เอฟ ทรานสปอร์ต จำกัด,,,,LOG-TH819,thailand,,,log,th
,mixer,บริษัท เอฟ ทรานสปอร์ต จำกัด,,,,LOG-TH848,thailand,,,log,th
,mixer,บริษัท เอฟ ทรานสปอร์ต จำกัด,,,,LOG-TH1696,thailand,,,log,th
,mixer,บริษัท เอฟ ทรานสปอร์ต จำกัด,,,,LOG-TH1712,thailand,,,log,th
,mixer,บริษัท เอฟ ทรานสปอร์ต จำกัด,,,,LOG-TH802,thailand,,,log,th
,mixer,บริษัท เอฟ ทรานสปอร์ต จำกัด,,,,LOG-TH806,thailand,,,log,th
,mixer,บริษัท เอฟ ทรานสปอร์ต จำกัด,,,,LOG-TH804,thailand,,,log,th
,mixer,บริษัท เขมรัชต์ทรานสปอร์ต จำกัด,,,,LOG-TH158,thailand,,,log,th
,mixer,บริษัท เขมรัชต์ทรานสปอร์ต จำกัด,,,,LOG-TH154,thailand,,,log,th
,mixer,บริษัท เขมรัชต์ทรานสปอร์ต จำกัด,,,,LOG-TH168,thailand,,,log,th
,mixer,บริษัท เขมรัชต์ทรานสปอร์ต จำกัด,,,,LOG-TH169,thailand,,,log,th
,mixer,บริษัท เขมรัชต์ทรานสปอร์ต จำกัด,,,,LOG-TH176,thailand,,,log,th
,mixer,บริษัท เขมรัชต์ทรานสปอร์ต จำกัด,,,,LOG-TH181,thailand,,,log,th
,mixer,บริษัท เขมรัชต์ทรานสปอร์ต จำกัด,,,,LOG-TH182,thailand,,,log,th
,mixer,บริษัท เขมรัชต์ทรานสปอร์ต จำกัด,,,,LOG-TH184,thailand,,,log,th
,mixer,บริษัท เขมรัชต์ทรานสปอร์ต จำกัด,,,,LOG-TH185,thailand,,,log,th
,mixer,บริษัท เพชรอินทรี ทรานสปอร์ต จำกัด,,,,LOG-TH121,thailand,,,log,th
,mixer,บริษัท เพชรอินทรี ทรานสปอร์ต จำกัด,,,,LOG-TH127,thailand,,,log,th
,mixer,บริษัท เพชรอินทรี ทรานสปอร์ต จำกัด,,,,LOG-TH308,thailand,,,log,th
,mixer,บริษัท เพชรอินทรี ทรานสปอร์ต จำกัด,,,,LOG-TH313,thailand,,,log,th
,mixer,บริษัท คิว แคร์ริเออร์ จำกัด,,,,LOG-TH1686,thailand,,,log,th
,mixer,บริษัท เอฟ ทรานสปอร์ต จำกัด,,,,LOG-TH1708,thailand,,,log,th
,mixer,บริษัท ดีโอเค จำกัด,,,,LOG-TH1394,thailand,,,log,th
,mixer,บริษัท เอฟ ทรานสปอร์ต จำกัด,,,,LOG-TH1901,thailand,,,log,th
,mixer,บริษัท ดีโอเค จำกัด,,,,LOG-TH1393,thailand,,,log,th
,mixer,บริษัท เอฟ ทรานสปอร์ต จำกัด,,,,LOG-TH1533,thailand,,,log,th
,mixer,บริษัท เอฟ ทรานสปอร์ต จำกัด,,,,LOG-TH1622,thailand,,,log,th
,mixer,บริษัท เอฟ ทรานสปอร์ต จำกัด,,,,LOG-TH662,thailand,,,log,th
,mixer,บริษัท เอฟ ทรานสปอร์ต จำกัด,,,,LOG-TH663,thailand,,,log,th
,mixer,บริษัท เอฟ ทรานสปอร์ต จำกัด,,,,LOG-TH1621,thailand,,,log,th
,mixer,บริษัท เอฟ ทรานสปอร์ต จำกัด,,,,LOG-TH828,thailand,,,log,th
,mixer,บริษัท เอฟ ทรานสปอร์ต จำกัด,,,,LOG-TH881,thailand,,,log,th
,mixer,บริษัท เอฟ ทรานสปอร์ต จำกัด,,,,LOG-TH670,thailand,,,log,th
,mixer,บริษัท เอฟ ทรานสปอร์ต จำกัด,,,,LOG-TH809,thailand,,,log,th
,mixer,บริษัท มีนาทรานสปอร์ต จำกัด (มหาชน),,,,LOG-TH789,thailand,,,log,th
,mixer,บริษัท เอฟ ทรานสปอร์ต จำกัด,,,,LOG-TH1007,thailand,,,log,th
,mixer,บริษัท เอฟ ทรานสปอร์ต จำกัด,,,,LOG-TH1008,thailand,,,log,th
,mixer,บริษัท เอฟ ทรานสปอร์ต จำกัด,,,,LOG-TH1009,thailand,,,log,th
,mixer,บริษัท เอฟ ทรานสปอร์ต จำกัด,,,,LOG-TH1697,thailand,,,log,th
,mixer,บริษัท เอฟ ทรานสปอร์ต จำกัด,,,,LOG-TH1710,thailand,,,log,th
,mixer,บริษัท เอฟ ทรานสปอร์ต จำกัด,,,,LOG-TH664,thailand,,,log,th
,mixer,บริษัท เอฟ ทรานสปอร์ต จำกัด,,,,LOG-TH681,thailand,,,log,th
,mixer,บริษัท เอฟ ทรานสปอร์ต จำกัด,,,,LOG-TH823,thailand,,,log,th
,mixer,บริษัท เอฟ ทรานสปอร์ต จำกัด,,,,LOG-TH825,thailand,,,log,th
,mixer,บริษัท สหธนเสฏฐ์ เอ็นจีเนียริ่ง จำกัด,,,,LOG-TH1255,thailand,,,log,th
,mixer,บริษัท สหธนเสฏฐ์ เอ็นจีเนียริ่ง จำกัด,,,,LOG-TH1411,thailand,,,log,th
,mixer,บริษัท สหธนเสฏฐ์ เอ็นจีเนียริ่ง จำกัด,,,,LOG-TH1362,thailand,,,log,th
,mixer,บริษัท สหธนเสฏฐ์ เอ็นจีเนียริ่ง จำกัด,,,,LOG-TH1364,thailand,,,log,th
,mixer,บริษัท สหธนเสฏฐ์ เอ็นจีเนียริ่ง จำกัด,,,,LOG-TH1406,thailand,,,log,th
,mixer,บริษัท สหธนเสฏฐ์ เอ็นจีเนียริ่ง จำกัด,,,,LOG-TH1412,thailand,,,log,th
,mixer,บริษัท สหธนเสฏฐ์ เอ็นจีเนียริ่ง จำกัด,,,,LOG-TH1415,thailand,,,log,th
,mixer,บริษัท สหธนเสฏฐ์ เอ็นจีเนียริ่ง จำกัด,,,,LOG-TH1417,thailand,,,log,th
,mixer,บริษัท สหธนเสฏฐ์ เอ็นจีเนียริ่ง จำกัด,,,,LOG-TH1440,thailand,,,log,th
,mixer,บริษัท สหธนเสฏฐ์ เอ็นจีเนียริ่ง จำกัด,,,,LOG-TH1443,thailand,,,log,th
,mixer,บริษัท เอฟ ทรานสปอร์ต จำกัด,,,,LOG-TH1624,thailand,,,log,th
,mixer,บริษัท เอฟ ทรานสปอร์ต จำกัด,,,,LOG-TH826,thailand,,,log,th
,mixer,บริษัท เอฟ ทรานสปอร์ต จำกัด,,,,LOG-TH1620,thailand,,,log,th
,mixer,บริษัท เอฟ ทรานสปอร์ต จำกัด,,,,LOG-TH1623,thailand,,,log,th
,mixer,บริษัท เอฟ ทรานสปอร์ต จำกัด,,,,LOG-TH1625,thailand,,,log,th
,mixer,บริษัท เอฟ ทรานสปอร์ต จำกัด,,,,LOG-TH844,thailand,,,log,th
,mixer,ห้างหุ้นส่วนจำกัด กิจเจริญทรานสปอร์ท,,,,LOG-TH464,thailand,,,log,th
,mixer,ห้างหุ้นส่วนจำกัด กิจเจริญทรานสปอร์ท,,,,LOG-TH466,thailand,,,log,th
,mixer,ห้างหุ้นส่วนจำกัด กิจเจริญทรานสปอร์ท,,,,LOG-TH696,thailand,,,log,th
,mixer,บริษัท เคเจเจ ดีเวลลอปเม้นท์ จำกัด,,,,LOG-TH1832,thailand,,,log,th
,mixer,บริษัท เคเจเจ ดีเวลลอปเม้นท์ จำกัด,,,,LOG-TH1833,thailand,,,log,th
,mixer,บริษัท เคเจเจ ดีเวลลอปเม้นท์ จำกัด,,,,LOG-TH1859,thailand,,,log,th
,mixer,บริษัท เคเจเจ ดีเวลลอปเม้นท์ จำกัด,,,,LOG-TH1861,thailand,,,log,th
,mixer,บริษัท มีนาทรานสปอร์ต จำกัด (มหาชน),,,,LOG-TH1103,thailand,,,log,th
,mixer,บริษัท ดีโอเค จำกัด,,,,LOG-TH1648,thailand,,,log,th
,mixer,บริษัท มีนาทรานสปอร์ต จำกัด (มหาชน),,,,LOG-TH1085,thailand,,,log,th
,mixer,บริษัท มีนาทรานสปอร์ต จำกัด (มหาชน),,,,LOG-TH1088,thailand,,,log,th
,mixer,บริษัท มีนาทรานสปอร์ต จำกัด (มหาชน),,,,LOG-TH1141,thailand,,,log,th
,mixer,บริษัท เคเจเจ ดีเวลลอปเม้นท์ จำกัด,,,,LOG-TH1865,thailand,,,log,th
,mixer,บริษัท เคเจเจ ดีเวลลอปเม้นท์ จำกัด,,,,LOG-TH1866,thailand,,,log,th
,mixer,บริษัท เคเจเจ ดีเวลลอปเม้นท์ จำกัด,,,,LOG-TH1867,thailand,,,log,th
,mixer,บริษัท เคเจเจ ดีเวลลอปเม้นท์ จำกัด,,,,LOG-TH1868,thailand,,,log,th
,mixer,บริษัท เคเจเจ ดีเวลลอปเม้นท์ จำกัด,,,,LOG-TH1869,thailand,,,log,th
,mixer,บริษัท มีนาทรานสปอร์ต จำกัด (มหาชน),,,,LOG-TH1108,thailand,,,log,th
,mixer,ห้างหุ้นส่วนจำกัด กิจเจริญทรานสปอร์ท,,,,LOG-TH1745,thailand,,,log,th
,mixer,ห้างหุ้นส่วนจำกัด กิจเจริญทรานสปอร์ท,,,,LOG-TH1746,thailand,,,log,th
,mixer,ห้างหุ้นส่วนจำกัด กิจเจริญทรานสปอร์ท,,,,LOG-TH1747,thailand,,,log,th
,mixer,ห้างหุ้นส่วนจำกัด กิจเจริญทรานสปอร์ท,,,,LOG-TH1748,thailand,,,log,th
,mixer,ห้างหุ้นส่วนจำกัด กิจเจริญทรานสปอร์ท,,,,LOG-TH1749,thailand,,,log,th
,mixer,ห้างหุ้นส่วนจำกัด กิจเจริญทรานสปอร์ท,,,,LOG-TH440,thailand,,,log,th
,mixer,ห้างหุ้นส่วนจำกัด กิจเจริญทรานสปอร์ท,,,,LOG-TH455,thailand,,,log,th
,mixer,ห้างหุ้นส่วนจำกัด กิจเจริญทรานสปอร์ท,,,,LOG-TH509,thailand,,,log,th
,mixer,ห้างหุ้นส่วนจำกัด กิจเจริญทรานสปอร์ท,,,,LOG-TH643,thailand,,,log,th
,mixer,บริษัท มีนาทรานสปอร์ต จำกัด (มหาชน),,,,LOG-TH1105,thailand,,,log,th
,mixer,บริษัท มีนาทรานสปอร์ต จำกัด (มหาชน),,,,LOG-TH1125,thailand,,,log,th
,mixer,บริษัท มีนาทรานสปอร์ต จำกัด (มหาชน),,,,LOG-TH786,thailand,,,log,th
,mixer,บริษัท มีนาทรานสปอร์ต จำกัด (มหาชน),,,,LOG-TH1116,thailand,,,log,th
,mixer,บริษัท มีนาทรานสปอร์ต จำกัด (มหาชน),,,,LOG-TH1114,thailand,,,log,th
,mixer,ห้างหุ้นส่วนจำกัด กิจเจริญทรานสปอร์ท,,,,LOG-TH447,thailand,,,log,th
,mixer,ห้างหุ้นส่วนจำกัด กิจเจริญทรานสปอร์ท,,,,LOG-TH450,thailand,,,log,th
,mixer,บริษัท ซีเออีซี แมชชีนเนอรี่ จำกัด,,,,LOG-TH1935,thailand,,,log,th
,mixer,บริษัท ซีเออีซี แมชชีนเนอรี่ จำกัด,,,,LOG-TH1937,thailand,,,log,th
,mixer,บริษัท ซีเออีซี แมชชีนเนอรี่ จำกัด,,,,LOG-TH1938,thailand,,,log,th
,mixer,บริษัท ซีเออีซี แมชชีนเนอรี่ จำกัด,,,,LOG-TH1939,thailand,,,log,th
,mixer,บริษัท ซีเออีซี แมชชีนเนอรี่ จำกัด,,,,LOG-TH1952,thailand,,,log,th
,mixer,บริษัท มีนาทรานสปอร์ต จำกัด (มหาชน),,,,LOG-TH749,thailand,,,log,th
,mixer,บริษัท มีนาทรานสปอร์ต จำกัด (มหาชน),,,,LOG-TH769,thailand,,,log,th
,mixer,บริษัท คิว แคร์ริเออร์ จำกัด,,,,LOG-TH1788,thailand,,,log,th
,mixer,บริษัท คิว แคร์ริเออร์ จำกัด,,,,LOG-TH938,thailand,,,log,th
,mixer,บริษัท คิว แคร์ริเออร์ จำกัด,,,,LOG-TH945,thailand,,,log,th
,mixer,บริษัท คิว แคร์ริเออร์ จำกัด,,,,LOG-TH927,thailand,,,log,th
,mixer,บริษัท มีนาทรานสปอร์ต จำกัด (มหาชน),,,,LOG-TH1734,thailand,,,log,th
,mixer,บริษัท มีนาทรานสปอร์ต จำกัด (มหาชน),,,,LOG-TH1254,thailand,,,log,th
,mixer,บริษัท มีนาทรานสปอร์ต จำกัด (มหาชน),,,,LOG-TH1352,thailand,,,log,th
,mixer,บริษัท มีนาทรานสปอร์ต จำกัด (มหาชน),,,,LOG-TH1733,thailand,,,log,th
,mixer,บริษัท มีนาทรานสปอร์ต จำกัด (มหาชน),,,,LOG-TH1084,thailand,,,log,th
,mixer,บริษัท มีนาทรานสปอร์ต จำกัด (มหาชน),,,,LOG-TH1908,thailand,,,log,th
,mixer,บริษัท มีนาทรานสปอร์ต จำกัด (มหาชน),,,,LOG-TH1508,thailand,,,log,th
,mixer,บริษัท มีนาทรานสปอร์ต จำกัด (มหาชน),,,,LOG-TH1703,thailand,,,log,th
,mixer,บริษัท มีนาทรานสปอร์ต จำกัด (มหาชน),,,,LOG-TH1252,thailand,,,log,th
,mixer,บริษัท มีนาทรานสปอร์ต จำกัด (มหาชน),,,,LOG-TH1721,thailand,,,log,th
,mixer,บริษัท มีนาทรานสปอร์ต จำกัด (มหาชน),,,,LOG-TH1083,thailand,,,log,th
,mixer,บริษัท มีนาทรานสปอร์ต จำกัด (มหาชน),,,,LOG-TH1504,thailand,,,log,th
,mixer,บริษัท มีนาทรานสปอร์ต จำกัด (มหาชน),,,,LOG-TH1723,thailand,,,log,th
,mixer,บริษัท มีนาทรานสปอร์ต จำกัด (มหาชน),,,,LOG-TH1249,thailand,,,log,th
,mixer,บริษัท เอฟ ทรานสปอร์ต จำกัด,,,,LOG-TH827,thailand,,,log,th
,mixer,บริษัท มีนาทรานสปอร์ต จำกัด (มหาชน),,,,LOG-TH1087,thailand,,,log,th
,mixer,บริษัท เอฟ ทรานสปอร์ต จำกัด,,,,LOG-TH1904,thailand,,,log,th
,mixer,บริษัท เอฟ ทรานสปอร์ต จำกัด,,,,LOG-TH1905,thailand,,,log,th
,mixer,บริษัท เอฟ ทรานสปอร์ต จำกัด,,,,LOG-TH1907,thailand,,,log,th
,mixer,บริษัท มีนาทรานสปอร์ต จำกัด (มหาชน),,,,LOG-TH1086,thailand,,,log,th
,mixer,บริษัท มีนาทรานสปอร์ต จำกัด (มหาชน),,,,LOG-TH1089,thailand,,,log,th
,mixer,บริษัท มีนาทรานสปอร์ต จำกัด (มหาชน),,,,LOG-TH1099,thailand,,,log,th
,mixer,บริษัท มีนาทรานสปอร์ต จำกัด (มหาชน),,,,LOG-TH1100,thailand,,,log,th
,mixer,บริษัท มีนาทรานสปอร์ต จำกัด (มหาชน),,,,LOG-TH1107,thailand,,,log,th
,mixer,บริษัท มีนาทรานสปอร์ต จำกัด (มหาชน),,,,LOG-TH1122,thailand,,,log,th
,mixer,บริษัท มีนาทรานสปอร์ต จำกัด (มหาชน),,,,LOG-TH1137,thailand,,,log,th
,mixer,บริษัท เอฟ ทรานสปอร์ต จำกัด,,,,LOG-TH1538,thailand,,,log,th
,mixer,บริษัท เอฟ ทรานสปอร์ต จำกัด,,,,LOG-TH654,thailand,,,log,th
,mixer,บริษัท เอฟ ทรานสปอร์ต จำกัด,,,,LOG-TH685,thailand,,,log,th
,mixer,บริษัท เอฟ ทรานสปอร์ต จำกัด,,,,LOG-TH673,thailand,,,log,th
,mixer,บริษัท เอฟ ทรานสปอร์ต จำกัด,,,,LOG-TH1004,thailand,,,log,th
,mixer,บริษัท เอฟ ทรานสปอร์ต จำกัด,,,,LOG-TH682,thailand,,,log,th
,mixer,บริษัท มีนาทรานสปอร์ต จำกัด (มหาชน),,,,LOG-TH1123,thailand,,,log,th
,mixer,บริษัท เอฟ ทรานสปอร์ต จำกัด,,,,LOG-TH687,thailand,,,log,th
,mixer,บริษัท เอฟ ทรานสปอร์ต จำกัด,,,,LOG-TH1532,thailand,,,log,th
,mixer,บริษัท เอฟ ทรานสปอร์ต จำกัด,,,,LOG-TH1711,thailand,,,log,th
,mixer,บริษัท คิว แคร์ริเออร์ จำกัด,,,,LOG-TH963,thailand,,,log,th
,mixer,บริษัท ซีเออีซี แมชชีนเนอรี่ จำกัด,,,,LOG-TH1923,thailand,,,log,th
,mixer,บริษัท ซีเออีซี แมชชีนเนอรี่ จำกัด,,,,LOG-TH1928,thailand,,,log,th
,mixer,บริษัท ซีเออีซี แมชชีนเนอรี่ จำกัด,,,,LOG-TH1931,thailand,,,log,th
,mixer,บริษัท ซีเออีซี แมชชีนเนอรี่ จำกัด,,,,LOG-TH1941,thailand,,,log,th
,mixer,บริษัท ซีเออีซี แมชชีนเนอรี่ จำกัด,,,,LOG-TH1945,thailand,,,log,th
,mixer,บริษัท เอฟ ทรานสปอร์ต จำกัด,,,,LOG-TH1891,thailand,,,log,th
,mixer,บริษัท เอฟ ทรานสปอร์ต จำกัด,,,,LOG-TH1893,thailand,,,log,th
,mixer,บริษัท เอฟ ทรานสปอร์ต จำกัด,,,,LOG-TH857,thailand,,,log,th
,mixer,บริษัท เอฟ ทรานสปอร์ต จำกัด,,,,LOG-TH877,thailand,,,log,th
,mixer,บริษัท เอฟ ทรานสปอร์ต จำกัด,,,,LOG-TH1781,thailand,,,log,th
,mixer,บริษัท เอฟ ทรานสปอร์ต จำกัด,,,,LOG-TH1887,thailand,,,log,th
,mixer,บริษัท เอฟ ทรานสปอร์ต จำกัด,,,,LOG-TH689,thailand,,,log,th
,mixer,บริษัท เอฟ ทรานสปอร์ต จำกัด,,,,LOG-TH851,thailand,,,log,th
,mixer,บริษัท เอฟ ทรานสปอร์ต จำกัด,,,,LOG-TH872,thailand,,,log,th
,mixer,บริษัท เอฟ ทรานสปอร์ต จำกัด,,,,LOG-TH879,thailand,,,log,th
,mixer,บริษัท เอฟ ทรานสปอร์ต จำกัด,,,,LOG-TH996,thailand,,,log,th
,mixer,บริษัท มีนาทรานสปอร์ต จำกัด (มหาชน),,,,LOG-TH1728,thailand,,,log,th
,mixer,บริษัท มีนาทรานสปอร์ต จำกัด (มหาชน),,,,LOG-TH1091,thailand,,,log,th
,mixer,บริษัท มีนาทรานสปอร์ต จำกัด (มหาชน),,,,LOG-TH1354,thailand,,,log,th
,mixer,บริษัท มีนาทรานสปอร์ต จำกัด (มหาชน),,,,LOG-TH1384,thailand,,,log,th
,mixer,บริษัท มีนาทรานสปอร์ต จำกัด (มหาชน),,,,LOG-TH220,thailand,,,log,th
,mixer,บริษัท มีนาทรานสปอร์ต จำกัด (มหาชน),,,,LOG-TH1128,thailand,,,log,th
,mixer,บริษัท มีนาทรานสปอร์ต จำกัด (มหาชน),,,,LOG-TH1121,thailand,,,log,th
,mixer,บริษัท มีนาทรานสปอร์ต จำกัด (มหาชน),,,,LOG-TH1130,thailand,,,log,th
,mixer,บริษัท มีนาทรานสปอร์ต จำกัด (มหาชน),,,,LOG-TH1253,thailand,,,log,th
,mixer,บริษัท มีนาทรานสปอร์ต จำกัด (มหาชน),,,,LOG-TH1727,thailand,,,log,th
,mixer,บริษัท มีนาทรานสปอร์ต จำกัด (มหาชน),,,,LOG-TH1732,thailand,,,log,th
,mixer,บริษัท มีนาทรานสปอร์ต จำกัด (มหาชน),,,,LOG-TH1736,thailand,,,log,th
,mixer,บริษัท มีนาทรานสปอร์ต จำกัด (มหาชน),,,,LOG-TH343,thailand,,,log,th
,mixer,บริษัท มีนาทรานสปอร์ต จำกัด (มหาชน),,,,LOG-TH755,thailand,,,log,th
,mixer,บริษัท มีนาทรานสปอร์ต จำกัด (มหาชน),,,,LOG-TH787,thailand,,,log,th
,mixer,บริษัท มีนาทรานสปอร์ต จำกัด (มหาชน),,,,LOG-TH1705,thailand,,,log,th
,mixer,บริษัท เพชรอินทรี ทรานสปอร์ต จำกัด,,,,LOG-TH708,thailand,,,log,th
,mixer,บริษัท เพชรอินทรี ทรานสปอร์ต จำกัด,,,,LOG-TH243,thailand,,,log,th
,mixer,บริษัท เพชรอินทรี ทรานสปอร์ต จำกัด,,,,LOG-TH1236,thailand,,,log,th
,mixer,บริษัท เพชรอินทรี ทรานสปอร์ต จำกัด,,,,LOG-TH246,thailand,,,log,th
,mixer,บริษัท เพชรอินทรี ทรานสปอร์ต จำกัด,,,,LOG-TH247,thailand,,,log,th
,mixer,บริษัท เพชรอินทรี ทรานสปอร์ต จำกัด,,,,LOG-TH319,thailand,,,log,th
,mixer,บริษัท เพชรอินทรี ทรานสปอร์ต จำกัด,,,,LOG-TH567,thailand,,,log,th
,mixer,บริษัท เพชรอินทรี ทรานสปอร์ต จำกัด,,,,LOG-TH707,thailand,,,log,th
,mixer,บริษัท เพชรอินทรี ทรานสปอร์ต จำกัด,,,,LOG-TH709,thailand,,,log,th
,mixer,บริษัท เพชรอินทรี ทรานสปอร์ต จำกัด,,,,LOG-TH252,thailand,,,log,th
,mixer,บริษัท เพชรอินทรี ทรานสปอร์ต จำกัด,,,,LOG-TH309,thailand,,,log,th
,mixer,บริษัท เพชรอินทรี ทรานสปอร์ต จำกัด,,,,LOG-TH716,thailand,,,log,th
,mixer,บริษัท เพชรอินทรี ทรานสปอร์ต จำกัด,,,,LOG-TH564,thailand,,,log,th
,mixer,บริษัท เพชรอินทรี ทรานสปอร์ต จำกัด,,,,LOG-TH566,thailand,,,log,th
,mixer,บริษัท เพชรอินทรี ทรานสปอร์ต จำกัด,,,,LOG-TH123,thailand,,,log,th
,mixer,บริษัท เพชรอินทรี ทรานสปอร์ต จำกัด,,,,LOG-TH1231,thailand,,,log,th
,mixer,บริษัท เพชรอินทรี ทรานสปอร์ต จำกัด,,,,LOG-TH1234,thailand,,,log,th
,mixer,บริษัท เพชรอินทรี ทรานสปอร์ต จำกัด,,,,LOG-TH559,thailand,,,log,th
,mixer,บริษัท เพชรอินทรี ทรานสปอร์ต จำกัด,,,,LOG-TH719,thailand,,,log,th
,mixer,ห้างหุ้นส่วนจำกัด ทีอาร์ 9,,,,LOG-TH017,thailand,,,log,th
,mixer,ห้างหุ้นส่วนจำกัด ทีอาร์ 9,,,,LOG-TH018,thailand,,,log,th
,mixer,บริษัท มีนาทรานสปอร์ต จำกัด (มหาชน),,,,LOG-TH1112,thailand,,,log,th
,mixer,บริษัท มีนาทรานสปอร์ต จำกัด (มหาชน),,,,LOG-TH1120,thailand,,,log,th
,mixer,บริษัท มีนาทรานสปอร์ต จำกัด (มหาชน),,,,LOG-TH1135,thailand,,,log,th
,mixer,บริษัท มีนาทรานสปอร์ต จำกัด (มหาชน),,,,LOG-TH1144,thailand,,,log,th
,mixer,ห้างหุ้นส่วนจำกัด ทีอาร์ 9,,,,LOG-TH020,thailand,,,log,th
,mixer,ห้างหุ้นส่วนจำกัด ทีอาร์ 9,,,,LOG-TH008,thailand,,,log,th
,mixer,บริษัท คิว แคร์ริเออร์ จำกัด,,,,LOG-TH1262,thailand,,,log,th
,mixer,บริษัท คิว แคร์ริเออร์ จำกัด,,,,LOG-TH940,thailand,,,log,th
,mixer,บริษัท คิว แคร์ริเออร์ จำกัด,,,,LOG-TH1273,thailand,,,log,th
,mixer,บริษัท คิว แคร์ริเออร์ จำกัด,,,,LOG-TH943,thailand,,,log,th
,mixer,บริษัท คิว แคร์ริเออร์ จำกัด,,,,LOG-TH1265,thailand,,,log,th
,mixer,บริษัท คิว แคร์ริเออร์ จำกัด,,,,LOG-TH1270,thailand,,,log,th
,mixer,บริษัท คิว แคร์ริเออร์ จำกัด,,,,LOG-TH1271,thailand,,,log,th
,mixer,บริษัท คิว แคร์ริเออร์ จำกัด,,,,LOG-TH1277,thailand,,,log,th
,mixer,บริษัท คิว แคร์ริเออร์ จำกัด,,,,LOG-TH1281,thailand,,,log,th
,mixer,บริษัท คิว แคร์ริเออร์ จำกัด,,,,LOG-TH944,thailand,,,log,th
,mixer,บริษัท คิว แคร์ริเออร์ จำกัด,,,,LOG-TH1152,thailand,,,log,th
,mixer,บริษัท คิว แคร์ริเออร์ จำกัด,,,,LOG-TH1153,thailand,,,log,th
,mixer,บริษัท คิว แคร์ริเออร์ จำกัด,,,,LOG-TH1811,thailand,,,log,th
,mixer,บริษัท คิว แคร์ริเออร์ จำกัด,,,,LOG-TH1279,thailand,,,log,th
,mixer,บริษัท เคเจเจ ดีเวลลอปเม้นท์ จำกัด,,,,LOG-TH1864,thailand,,,log,th
,mixer,บริษัท คิว แคร์ริเออร์ จำกัด,,,,LOG-TH1807,thailand,,,log,th
,mixer,บริษัท คิว แคร์ริเออร์ จำกัด,,,,LOG-TH907,thailand,,,log,th
,mixer,บริษัท เคเจเจ ดีเวลลอปเม้นท์ จำกัด,,,,LOG-TH1800,thailand,,,log,th
,mixer,บริษัท คิว แคร์ริเออร์ จำกัด,,,,LOG-TH1275,thailand,,,log,th
,mixer,บริษัท เคเจเจ ดีเวลลอปเม้นท์ จำกัด,,,,LOG-TH1835,thailand,,,log,th
,mixer,บริษัท เคเจเจ ดีเวลลอปเม้นท์ จำกัด,,,,LOG-TH1841,thailand,,,log,th
,mixer,บริษัท เคเจเจ ดีเวลลอปเม้นท์ จำกัด,,,,LOG-TH1842,thailand,,,log,th
,mixer,บริษัท เคเจเจ ดีเวลลอปเม้นท์ จำกัด,,,,LOG-TH1844,thailand,,,log,th
,mixer,บริษัท เอฟ ทรานสปอร์ต จำกัด,,,,LOG-TH995,thailand,,,log,th
,mixer,บริษัท เอฟ ทรานสปอร์ต จำกัด,,,,LOG-TH1824,thailand,,,log,th
,mixer,บริษัท เอฟ ทรานสปอร์ต จำกัด,,,,LOG-TH1897,thailand,,,log,th
,mixer,บริษัท เอฟ ทรานสปอร์ต จำกัด,,,,LOG-TH1827,thailand,,,log,th
,mixer,บริษัท เอฟ ทรานสปอร์ต จำกัด,,,,LOG-TH833,thailand,,,log,th
,mixer,บริษัท เอฟ ทรานสปอร์ต จำกัด,,,,LOG-TH822,thailand,,,log,th
,mixer,บริษัท เอฟ ทรานสปอร์ต จำกัด,,,,LOG-TH1628,thailand,,,log,th
,mixer,บริษัท เอฟ ทรานสปอร์ต จำกัด,,,,LOG-TH1629,thailand,,,log,th
,mixer,บริษัท เอฟ ทรานสปอร์ต จำกัด,,,,LOG-TH1630,thailand,,,log,th
,mixer,บริษัท เอฟ ทรานสปอร์ต จำกัด,,,,LOG-TH677,thailand,,,log,th
,mixer,บริษัท เอฟ ทรานสปอร์ต จำกัด,,,,LOG-TH810,thailand,,,log,th
,mixer,บริษัท ฉัตรชัยภูเก็ต ทรานสปอร์ต (2006) จำกัด,,,,LOG-TH1027,thailand,,,log,th
,mixer,บริษัท ฉัตรชัยภูเก็ต ทรานสปอร์ต (2006) จำกัด,,,,LOG-TH1038,thailand,,,log,th
,mixer,บริษัท ฉัตรชัยภูเก็ต ทรานสปอร์ต (2006) จำกัด,,,,LOG-TH1222,thailand,,,log,th
,mixer,บริษัท ฉัตรชัยภูเก็ต ทรานสปอร์ต (2006) จำกัด,,,,LOG-TH1259,thailand,,,log,th
,mixer,บริษัท ฉัตรชัยภูเก็ต ทรานสปอร์ต (2006) จำกัด,,,,LOG-TH1660,thailand,,,log,th
,mixer,บริษัท ฉัตรชัยภูเก็ต ทรานสปอร์ต (2006) จำกัด,,,,LOG-TH1019,thailand,,,log,th
,mixer,บริษัท ฉัตรชัยภูเก็ต ทรานสปอร์ต (2006) จำกัด,,,,LOG-TH1023,thailand,,,log,th
,mixer,บริษัท ฉัตรชัยภูเก็ต ทรานสปอร์ต (2006) จำกัด,,,,LOG-TH1031,thailand,,,log,th
,mixer,บริษัท ฉัตรชัยภูเก็ต ทรานสปอร์ต (2006) จำกัด,,,,LOG-TH1258,thailand,,,log,th
,mixer,บริษัท ฉัตรชัยภูเก็ต ทรานสปอร์ต (2006) จำกัด,,,,LOG-TH1326,thailand,,,log,th
,mixer,บริษัท ฉัตรชัยภูเก็ต ทรานสปอร์ต (2006) จำกัด,,,,LOG-TH1655,thailand,,,log,th
,mixer,บริษัท ฉัตรชัยภูเก็ต ทรานสปอร์ต (2006) จำกัด,,,,LOG-TH1656,thailand,,,log,th
,mixer,บริษัท ฉัตรชัยภูเก็ต ทรานสปอร์ต (2006) จำกัด,,,,LOG-TH1657,thailand,,,log,th
,mixer,บริษัท ซีเออีซี แมชชีนเนอรี่ จำกัด,,,,LOG-TH1921,thailand,,,log,th
,mixer,บริษัท ซีเออีซี แมชชีนเนอรี่ จำกัด,,,,LOG-TH1922,thailand,,,log,th
,mixer,บริษัท ซีเออีซี แมชชีนเนอรี่ จำกัด,,,,LOG-TH1924,thailand,,,log,th
,mixer,บริษัท ซีเออีซี แมชชีนเนอรี่ จำกัด,,,,LOG-TH1925,thailand,,,log,th
,mixer,บริษัท ซีเออีซี แมชชีนเนอรี่ จำกัด,,,,LOG-TH1926,thailand,,,log,th
,mixer,บริษัท ซีเออีซี แมชชีนเนอรี่ จำกัด,,,,LOG-TH1927,thailand,,,log,th
,mixer,บริษัท ซีเออีซี แมชชีนเนอรี่ จำกัด,,,,LOG-TH1929,thailand,,,log,th
,mixer,บริษัท ซีเออีซี แมชชีนเนอรี่ จำกัด,,,,LOG-TH1932,thailand,,,log,th
,mixer,บริษัท ซีเออีซี แมชชีนเนอรี่ จำกัด,,,,LOG-TH1934,thailand,,,log,th
,mixer,บริษัท ซีเออีซี แมชชีนเนอรี่ จำกัด,,,,LOG-TH1940,thailand,,,log,th
,mixer,บริษัท ซีเออีซี แมชชีนเนอรี่ จำกัด,,,,LOG-TH1942,thailand,,,log,th
,mixer,บริษัท ซีเออีซี แมชชีนเนอรี่ จำกัด,,,,LOG-TH1943,thailand,,,log,th
,mixer,บริษัท ซีเออีซี แมชชีนเนอรี่ จำกัด,,,,LOG-TH1944,thailand,,,log,th
,mixer,บริษัท ซีเออีซี แมชชีนเนอรี่ จำกัด,,,,LOG-TH1947,thailand,,,log,th
,mixer,บริษัท ซีเออีซี แมชชีนเนอรี่ จำกัด,,,,LOG-TH1948,thailand,,,log,th
,mixer,บริษัท ซีเออีซี แมชชีนเนอรี่ จำกัด,,,,LOG-TH1950,thailand,,,log,th
,mixer,บริษัท ฉัตรชัยภูเก็ต ทรานสปอร์ต (2006) จำกัด,,,,LOG-TH1658,thailand,,,log,th
,mixer,บริษัท ฉัตรชัยภูเก็ต ทรานสปอร์ต (2006) จำกัด,,,,LOG-TH1659,thailand,,,log,th
,mixer,บริษัท ฉัตรชัยภูเก็ต ทรานสปอร์ต (2006) จำกัด,,,,LOG-TH1223,thailand,,,log,th
,mixer,บริษัท ซีเออีซี แมชชีนเนอรี่ จำกัด,,,,LOG-TH1920,thailand,,,log,th
,mixer,บริษัท ซีเออีซี แมชชีนเนอรี่ จำกัด,,,,LOG-TH1930,thailand,,,log,th
,mixer,บริษัท ซีเออีซี แมชชีนเนอรี่ จำกัด,,,,LOG-TH1933,thailand,,,log,th
,mixer,บริษัท ซีเออีซี แมชชีนเนอรี่ จำกัด,,,,LOG-TH1936,thailand,,,log,th
,mixer,บริษัท ซีเออีซี แมชชีนเนอรี่ จำกัด,,,,LOG-TH1946,thailand,,,log,th
,mixer,บริษัท ซีเออีซี แมชชีนเนอรี่ จำกัด,,,,LOG-TH1949,thailand,,,log,th
,mixer,บริษัท ซีเออีซี แมชชีนเนอรี่ จำกัด,,,,LOG-TH1951,thailand,,,log,th
,mixer,บริษัท ซีเออีซี แมชชีนเนอรี่ จำกัด,,,,LOG-TH1953,thailand,,,log,th
,mixer,บริษัท ซีเออีซี แมชชีนเนอรี่ จำกัด,,,,LOG-TH1954,thailand,,,log,th
,mixer,ห้างหุ้นส่วนจำกัด กิจเจริญทรานสปอร์ท,,,,LOG-TH446,thailand,,,log,th
,mixer,ห้างหุ้นส่วนจำกัด กิจเจริญทรานสปอร์ท,,,,LOG-TH454,thailand,,,log,th
,mixer,ห้างหุ้นส่วนจำกัด กิจเจริญทรานสปอร์ท,,,,LOG-TH457,thailand,,,log,th
,mixer,ห้างหุ้นส่วนจำกัด กิจเจริญทรานสปอร์ท,,,,LOG-TH459,thailand,,,log,th
,mixer,ห้างหุ้นส่วนจำกัด กิจเจริญทรานสปอร์ท,,,,LOG-TH461,thailand,,,log,th
,mixer,ห้างหุ้นส่วนจำกัด กิจเจริญทรานสปอร์ท,,,,LOG-TH443,thailand,,,log,th
,mixer,ห้างหุ้นส่วนจำกัด กิจเจริญทรานสปอร์ท,,,,LOG-TH441,thailand,,,log,th
,mixer,ห้างหุ้นส่วนจำกัด กิจเจริญทรานสปอร์ท,,,,LOG-TH442,thailand,,,log,th
,mixer,ห้างหุ้นส่วนจำกัด กิจเจริญทรานสปอร์ท,,,,LOG-TH448,thailand,,,log,th
,mixer,ห้างหุ้นส่วนจำกัด กิจเจริญทรานสปอร์ท,,,,LOG-TH449,thailand,,,log,th
,mixer,ห้างหุ้นส่วนจำกัด กิจเจริญทรานสปอร์ท,,,,LOG-TH453,thailand,,,log,th
,mixer,ห้างหุ้นส่วนจำกัด กิจเจริญทรานสปอร์ท,,,,LOG-TH456,thailand,,,log,th
,mixer,ห้างหุ้นส่วนจำกัด กิจเจริญทรานสปอร์ท,,,,LOG-TH460,thailand,,,log,th
,mixer,ห้างหุ้นส่วนจำกัด กิจเจริญทรานสปอร์ท,,,,LOG-TH467,thailand,,,log,th
,mixer,ห้างหุ้นส่วนจำกัด กิจเจริญทรานสปอร์ท,,,,LOG-TH704,thailand,,,log,th
,mixer,บริษัท เขมรัชต์ทรานสปอร์ต จำกัด,,,,LOG-TH156,thailand,,,log,th
,mixer,บริษัท เขมรัชต์ทรานสปอร์ต จำกัด,,,,LOG-TH152,thailand,,,log,th
,mixer,บริษัท เขมรัชต์ทรานสปอร์ต จำกัด,,,,LOG-TH173,thailand,,,log,th
,mixer,บริษัท เขมรัชต์ทรานสปอร์ต จำกัด,,,,LOG-TH174,thailand,,,log,th
,mixer,บริษัท เขมรัชต์ทรานสปอร์ต จำกัด,,,,LOG-TH183,thailand,,,log,th
,mixer,ห้างหุ้นส่วนจำกัด ทีอาร์ 9,,,,LOG-TH013,thailand,,,log,th
,mixer,บริษัท อินทรีโลจิสติกส์ จำกัด,,,,LOG-TH1663,thailand,,,log,th
,mixer,บริษัท อินทรีโลจิสติกส์ จำกัด,,,,LOG-TH1873,thailand,,,log,th
,mixer,บริษัท อินทรีโลจิสติกส์ จำกัด,,,,LOG-TH1661,thailand,,,log,th
,mixer,บริษัท อินทรีโลจิสติกส์ จำกัด,,,,LOG-TH1664,thailand,,,log,th
,mixer,บริษัท อินทรีโลจิสติกส์ จำกัด,,,,LOG-TH1665,thailand,,,log,th
,mixer,บริษัท อินทรีโลจิสติกส์ จำกัด,,,,LOG-TH1875,thailand,,,log,th
,mixer,ห้างหุ้นส่วนจำกัด ทีอาร์ 9,,,,LOG-TH001,thailand,,,log,th
,mixer,ห้างหุ้นส่วนจำกัด ทีอาร์ 9,,,,LOG-TH007,thailand,,,log,th
,mixer,ห้างหุ้นส่วนจำกัด ทีอาร์ 9,,,,LOG-TH011,thailand,,,log,th
,mixer,ห้างหุ้นส่วนจำกัด ทีอาร์ 9,,,,LOG-TH014,thailand,,,log,th
,mixer,ห้างหุ้นส่วนจำกัด ทีอาร์ 9,,,,LOG-TH032,thailand,,,log,th
,mixer,ห้างหุ้นส่วนจำกัด ทีอาร์ 9,,,,LOG-TH1330,thailand,,,log,th
,mixer,ห้างหุ้นส่วนจำกัด ทีอาร์ 9,,,,LOG-TH1331,thailand,,,log,th
,mixer,ห้างหุ้นส่วนจำกัด ทีอาร์ 9,,,,LOG-TH1335,thailand,,,log,th
,mixer,ห้างหุ้นส่วนจำกัด ทีอาร์ 9,,,,LOG-TH1342,thailand,,,log,th
,mixer,ห้างหุ้นส่วนจำกัด ทีอาร์ 9,,,,LOG-TH1343,thailand,,,log,th
,mixer,บริษัท คิว แคร์ริเออร์ จำกัด,,,,LOG-TH1783,thailand,,,log,th
,mixer,บริษัท คิว แคร์ริเออร์ จำกัด,,,,LOG-TH918,thailand,,,log,th
,mixer,บริษัท คิว แคร์ริเออร์ จำกัด,,,,LOG-TH925,thailand,,,log,th
,mixer,บริษัท คิว แคร์ริเออร์ จำกัด,,,,LOG-TH936,thailand,,,log,th
,mixer,บริษัท คิว แคร์ริเออร์ จำกัด,,,,LOG-TH1065,thailand,,,log,th
,mixer,บริษัท คิว แคร์ริเออร์ จำกัด,,,,LOG-TH1066,thailand,,,log,th
,mixer,บริษัท คิว แคร์ริเออร์ จำกัด,,,,LOG-TH1067,thailand,,,log,th
,mixer,บริษัท คิว แคร์ริเออร์ จำกัด,,,,LOG-TH1068,thailand,,,log,th
,mixer,บริษัท คิว แคร์ริเออร์ จำกัด,,,,LOG-TH1069,thailand,,,log,th
,mixer,บริษัท ซีเออีซี แมชชีนเนอรี่ จำกัด,,,,LOG-TH1955,thailand,,,log,th
,mixer,บริษัท ซีเออีซี แมชชีนเนอรี่ จำกัด,,,,LOG-TH1956,thailand,,,log,th
,mixer,บริษัท ซีเออีซี แมชชีนเนอรี่ จำกัด,,,,LOG-TH1957,thailand,,,log,th
,mixer,บริษัท ซีเออีซี แมชชีนเนอรี่ จำกัด,,,,LOG-TH1958,thailand,,,log,th
,mixer,บริษัท ซีเออีซี แมชชีนเนอรี่ จำกัด,,,,LOG-TH1959,thailand,,,log,th
,mixer,บริษัท ไทยภักดี การโยธา จำกัด,,,,LOG-TH1970,thailand,,,log,th
,mixer,บริษัท ไทยภักดี การโยธา จำกัด,,,,LOG-TH1971,thailand,,,log,th
,mixer,บริษัท ไทยภักดี การโยธา จำกัด,,,,LOG-TH1972,thailand,,,log,th
,mixer,บริษัท ไทยภักดี การโยธา จำกัด,,,,LOG-TH1973,thailand,,,log,th
,mixer,บริษัท ไทยภักดี การโยธา จำกัด,,,,LOG-TH1974,thailand,,,log,th
,mixer,บริษัท ไทยภักดี การโยธา จำกัด,,,,LOG-TH1975,thailand,,,log,th
,mixer,บริษัท ไทยภักดี การโยธา จำกัด,,,,LOG-TH1976,thailand,,,log,th
,mixer,บริษัท ไทยภักดี การโยธา จำกัด,,,,LOG-TH1977,thailand,,,log,th
,mixer,บริษัท ไทยภักดี การโยธา จำกัด,,,,LOG-TH1978,thailand,,,log,th
,mixer,บริษัท ซีเออีซี แมชชีนเนอรี่ จำกัด,,,,LOG-TH034,thailand,,,log,th
,mixer,บริษัท คิว แคร์ริเออร์ จำกัด,,,,LOG-TH047,thailand,,,log,th
,mixer,บริษัท เอฟ ทรานสปอร์ต จำกัด,,,,LOG-TH1969,thailand,,,log,th
,mixer,บริษัท คิว แคร์ริเออร์ จำกัด,,,,LOG-TH038,thailand,,,log,th
,mixer,บริษัท คิว แคร์ริเออร์ จำกัด,,,,LOG-TH039,thailand,,,log,th
,mixer,บริษัท คิว แคร์ริเออร์ จำกัด,,,,LOG-TH048,thailand,,,log,th
,car,Siam City Concrete,,,,4ขถ5080,thailand,Active,,office,th
,car,Ready Mixed (RMX),,,,1ขว2392,thailand,Active,,office,th
,car,Ready Mixed (RMX),,,,2ขจ380,thailand,Active,,office,th
,car,Ready Mixed (RMX),,,,2ขจ406,thailand,Active,,office,th
,car,Ready Mixed (RMX),,,,2ขญ315,thailand,Active,,office,th
,car,Ready Mixed (RMX),,,,2ขญ318,thailand,Active,,office,th
,car,Ready Mixed (RMX),,,,2ขญ319,thailand,Active,,office,th
,car,Ready Mixed (RMX),,,,2ขฎ3810,thailand,Active,,office,th
,car,Ready Mixed (RMX),,,,2ขฒ4323,thailand,Active,,office,th
,car,Ready Mixed (RMX),,,,2ขท3887,thailand,Active,,office,th
,car,Ready Mixed (RMX),,,,2ขน3253,thailand,Active,,office,th
,car,Ready Mixed (RMX),,,,2ขน3256,thailand,Active,,office,th
,car,Ready Mixed (RMX),,,,2ขน3278,thailand,Active,,office,th
,car,Ready Mixed (RMX),,,,2ขน3287,thailand,Active,,office,th
,car,Ready Mixed (RMX),,,,2ขน3294,thailand,Active,,office,th
,car,Ready Mixed (RMX),,,,2ขน3297,thailand,Active,,office,th
,car,Ready Mixed (RMX),,,,2ขน3302,thailand,Active,,office,th
,car,Ready Mixed (RMX),,,,2ขน3352,thailand,Active,,office,th
,car,Ready Mixed (RMX),,,,2ขน3362,thailand,Active,,office,th
,car,Ready Mixed (RMX),,,,2ขน3371,thailand,Active,,office,th
,car,Ready Mixed (RMX),,,,2ขน3373,thailand,Active,,office,th
,car,Ready Mixed (RMX),,,,2ขน3378,thailand,Active,,office,th
,car,Ready Mixed (RMX),,,,2ขน3415,thailand,Active,,office,th
,car,Ready Mixed (RMX),,,,2ขน3423,thailand,Active,,office,th
,car,Ready Mixed (RMX),,,,2ขน3428,thailand,Active,,office,th
,car,Ready Mixed (RMX),,,,2ฒห709,thailand,Active,,office,th
,car,Ready Mixed (RMX),,,,2ฒห9870,thailand,Active,,office,th
,car,Ready Mixed (RMX),,,,2ฒอ6260,thailand,Active,,office,th
,car,Ready Mixed (RMX),,,,2ฒอ6261,thailand,Active,,office,th
,car,Ready Mixed (RMX),,,,2ฒอ6270,thailand,Active,,office,th
,car,Ready Mixed (RMX),,,,3ขก8603,thailand,Active,,office,th
,car,Ready Mixed (RMX),,,,3ขฎ2316,thailand,Active,,office,th
,car,Ready Mixed (RMX),,,,3ขถ2405,thailand,Active,,office,th
,car,Ready Mixed (RMX),,,,3ขถ2416,thailand,Active,,office,th
,car,Ready Mixed (RMX),,,,3ขถ8644,thailand,Active,,office,th
,car,Ready Mixed (RMX),,,,3ขถ8653,thailand,Active,,office,th
,car,Ready Mixed (RMX),,,,3ขถ8661,thailand,Active,,office,th
,car,Ready Mixed (RMX),,,,3ขถ8671,thailand,Active,,office,th
,car,Ready Mixed (RMX),,,,3ขถ8674,thailand,Active,,office,th
,car,Ready Mixed (RMX),,,,3ขท3765,thailand,Active,,office,th
,car,Ready Mixed (RMX),,,,3ขท3774,thailand,Active,,office,th
,car,Ready Mixed (RMX),,,,3ขท3778,thailand,Active,,office,th
,car,Ready Mixed (RMX),,,,3ขท3781,thailand,Active,,office,th
,car,Ready Mixed (RMX),,,,3ขท3787,thailand,Active,,office,th
,car,Ready Mixed (RMX),,,,3ขท3795,thailand,Active,,office,th
,car,Ready Mixed (RMX),,,,3ขท3798,thailand,Active,,office,th
,car,Ready Mixed (RMX),,,,3ขท3802,thailand,Active,,office,th
,car,Ready Mixed (RMX),,,,3ขท3810,thailand,Active,,office,th
,car,Ready Mixed (RMX),,,,3ขท5221,thailand,Active,,office,th
,car,Ready Mixed (RMX),,,,3ขน6417,thailand,Active,,office,th
,car,Ready Mixed (RMX),,,,3ขน6428,thailand,Active,,office,th
,car,Ready Mixed (RMX),,,,3ขน6438,thailand,Active,,office,th
,car,Ready Mixed (RMX),,,,3ขน8313,thailand,Active,,office,th
,car,Ready Mixed (RMX),,,,3ขพ148,thailand,Active,,office,th
,car,Ready Mixed (RMX),,,,3ขพ1789,thailand,Active,,office,th
,car,Ready Mixed (RMX),,,,3ขพ1799,thailand,Active,,office,th
,car,Ready Mixed (RMX),,,,3ขพ2505,thailand,Active,,office,th
,car,Ready Mixed (RMX),,,,3ขพ340,thailand,Active,,office,th
,car,Ready Mixed (RMX),,,,3ขพ341,thailand,Active,,office,th
,car,Ready Mixed (RMX),,,,3ขพ4450,thailand,Active,,office,th
,car,Ready Mixed (RMX),,,,3ขพ4460,thailand,Active,,office,th
,car,Ready Mixed (RMX),,,,3ขย4381,thailand,Active,,office,th
,car,Ready Mixed (RMX),,,,3ขย7044,thailand,Active,,office,th
,car,Ready Mixed (RMX),,,,3ขย7045,thailand,Active,,office,th
,car,Ready Mixed (RMX),,,,3ขย7046,thailand,Active,,office,th
,car,Ready Mixed (RMX),,,,3ขย7047,thailand,Active,,office,th
,car,Ready Mixed (RMX),,,,3ขร7594,thailand,Active,,office,th
,car,Ready Mixed (RMX),,,,3ขร7601,thailand,Active,,office,th
,car,Ready Mixed (RMX),,,,3ขล2108,thailand,Active,,office,th
,car,Ready Mixed (RMX),,,,3ขว1270,thailand,Active,,office,th
,car,Ready Mixed (RMX),,,,3ขว1273,thailand,Active,,office,th
,car,Ready Mixed (RMX),,,,3ขว9804,thailand,Active,,office,th
,car,Ready Mixed (RMX),,,,3ฒค1312,thailand,Active,,office,th
,car,Ready Mixed (RMX),,,,3ฒค1683,thailand,Active,,office,th
,car,Ready Mixed (RMX),,,,3ฒฎ1657,thailand,Active,,office,th
,car,Ready Mixed (RMX),,,,3ฒบ1651,thailand,Active,,office,th
,car,Ready Mixed (RMX),,,,3ฒบ1686,thailand,Active,,office,th
,car,Ready Mixed (RMX),,,,3ฒบ8271,thailand,Active,,office,th
,car,Ready Mixed (RMX),,,,3ฒพ2834,thailand,Active,,office,th
,car,Ready Mixed (RMX),,,,3ฒพ2835,thailand,Active,,office,th
,car,Ready Mixed (RMX),,,,3ฒพ2836,thailand,Active,,office,th
,car,Ready Mixed (RMX),,,,3ฒพ2837,thailand,Active,,office,th
,car,Ready Mixed (RMX),,,,3ฒพ2839,thailand,Active,,office,th
,car,Ready Mixed (RMX),,,,3ฒพ2840,thailand,Active,,office,th
,car,Ready Mixed (RMX),,,,3ฒพ2841,thailand,Active,,office,th
,car,Ready Mixed (RMX),,,,3ฒพ2843,thailand,Active,,office,th
,car,Ready Mixed (RMX),,,,3ฒพ2845,thailand,Active,,office,th
,car,Ready Mixed (RMX),,,,3ฒพ2846,thailand,Active,,office,th
,car,Ready Mixed (RMX),,,,3ฒพ2847,thailand,Active,,office,th
,car,Ready Mixed (RMX),,,,3ฒพ2848,thailand,Active,,office,th
,car,Ready Mixed (RMX),,,,3ฒพ2850,thailand,Active,,office,th
,car,Ready Mixed (RMX),,,,3ฒพ2851,thailand,Active,,office,th
,car,Ready Mixed (RMX),,,,3ฒภ4861,thailand,Active,,office,th
,car,Ready Mixed (RMX),,,,3ฒภ6321,thailand,Active,,office,th
,car,Ready Mixed (RMX),,,,3ฒภ6322,thailand,Active,,office,th
,car,Ready Mixed (RMX),,,,3ฒภ6323,thailand,Active,,office,th
,car,Ready Mixed (RMX),,,,3ฒภ6465,thailand,Active,,office,th
,car,Ready Mixed (RMX),,,,3ฒภ6470,thailand,Active,,office,th
,car,Ready Mixed (RMX),,,,3ฒภ6471,thailand,Active,,office,th
,car,Ready Mixed (RMX),,,,3ฒภ6472,thailand,Active,,office,th
,car,Ready Mixed (RMX),,,,3ฒภ6475,thailand,Active,,office,th
,car,Ready Mixed (RMX),,,,3ฒภ6477,thailand,Active,,office,th
,car,Ready Mixed (RMX),,,,3ฒภ6478,thailand,Active,,office,th
,car,Ready Mixed (RMX),,,,3ฒภ6480,thailand,Active,,office,th
,car,Ready Mixed (RMX),,,,3ฒภ6482,thailand,Active,,office,th
,car,Ready Mixed (RMX),,,,3ฒม8184,thailand,Active,,office,th
,car,Ready Mixed (RMX),,,,3ฒล1671,thailand,Active,,office,th
,car,Ready Mixed (RMX),,,,3ฒล1672,thailand,Active,,office,th
,car,Ready Mixed (RMX),,,,3ฒว1284,thailand,Active,,office,th
,car,Ready Mixed (RMX),,,,3ฒว1285,thailand,Active,,office,th
,car,Ready Mixed (RMX),,,,3ฒว1286,thailand,Active,,office,th
,car,Ready Mixed (RMX),,,,3ฒว1290,thailand,Active,,office,th
,car,Ready Mixed (RMX),,,,3ฒว1291,thailand,Active,,office,th
,car,Ready Mixed (RMX),,,,3ฒว6965,thailand,Active,,office,th
,car,Ready Mixed (RMX),,,,3ฒห9554,thailand,Active,,office,th
,car,Ready Mixed (RMX),,,,3ฒฮ1418,thailand,Active,,office,th
,car,Ready Mixed (RMX),,,,3ฒฮ1420,thailand,Active,,office,th
,car,Ready Mixed (RMX),,,,3ฒฮ2569,thailand,Active,,office,th
,car,Ready Mixed (RMX),,,,3ฒฮ3371,thailand,Active,,office,th
,car,Ready Mixed (RMX),,,,3ฒฮ8482,thailand,Active,,office,th
,car,Ready Mixed (RMX),,,,3ตฎ1658,thailand,Active,,office,th
,car,Ready Mixed (RMX),,,,4ขก7893,thailand,Active,,office,th
,car,Ready Mixed (RMX),,,,4ขฆ7605,thailand,Active,,office,th
,car,Ready Mixed (RMX),,,,4ขง4639,thailand,Active,,office,th
,car,Ready Mixed (RMX),,,,4ขง4661,thailand,Active,,office,th
,car,Ready Mixed (RMX),,,,4ขง4667,thailand,Active,,office,th
,car,Ready Mixed (RMX),,,,4ขง4670,thailand,Active,,office,th
,car,Ready Mixed (RMX),,,,4ขฌ8425,thailand,Active,,office,th
,car,Ready Mixed (RMX),,,,4ขฐ9663,thailand,Active,,office,th
,car,Ready Mixed (RMX),,,,4ขฐ9705,thailand,Active,,office,th
,car,Ready Mixed (RMX),,,,4ขฒ7806,thailand,Active,,office,th
,car,Ready Mixed (RMX),,,,4ขฒ7822,thailand,Active,,office,th
,car,Ready Mixed (RMX),,,,4ขฒ7824,thailand,Active,,office,th
,car,Ready Mixed (RMX),,,,4ขฒ9938,thailand,Active,,office,th
,car,Ready Mixed (RMX),,,,4ขด9046,thailand,Active,,office,th
,car,Ready Mixed (RMX),,,,4ขท8761,thailand,Active,,office,th
,car,Ready Mixed (RMX),,,,4ขบ8096,thailand,Active,,office,th
,car,Ready Mixed (RMX),,,,4ขผ3127,thailand,Active,,office,th
,car,Ready Mixed (RMX),,,,4ขพ7036,thailand,Active,,office,th
,car,Ready Mixed (RMX),,,,4ขภ3905,thailand,Active,,office,th
,car,Ready Mixed (RMX),,,,4ขว5873,thailand,Active,,office,th
,car,Ready Mixed (RMX),,,,4ขห3873,thailand,Active,,office,th
,car,Ready Mixed (RMX),,,,4ขห9602,thailand,Active,,office,th
,car,Ready Mixed (RMX),,,,4ขห9640,thailand,Active,,office,th
,car,Ready Mixed (RMX),,,,5ขฒ3719,thailand,Active,,office,th
,car,Ready Mixed (RMX),,,,5ขฒ3720,thailand,Active,,office,th
,car,Ready Mixed (RMX),,,,5ขฒ7641,thailand,Active,,office,th
,car,Ready Mixed (RMX),,,,5ขว3532,thailand,Active,,office,th
,car,Ready Mixed (RMX),,,,9กด1666,thailand,Active,,office,th
,car,Ready Mixed (RMX),,,,9กบ4486,thailand,Active,,office,th
,car,Ready Mixed (RMX),,,,9กภ877,thailand,Active,,office,th
,car,Ready Mixed (RMX),,,,9กภ892,thailand,Active,,office,th
,car,Ready Mixed (RMX),,,,9กภ965,thailand,Active,,office,th
,car,Ready Mixed (RMX),,,,9กม1768,thailand,Active,,office,th
,car,Ready Mixed (RMX),,,,9กย4329,thailand,Active,,office,th
,car,Ready Mixed (RMX),,,,9กษ3010,thailand,Active,,office,th
,car,Ready Mixed (RMX),,,,9กษ3018,thailand,End-Contract,,office,th
,car,Ready Mixed (RMX),,,,ป้ายแดงน8364,thailand,Active,,office,th
,car,Ready Mixed (RMX),,,,5ขอ7774,thailand,Active,,office,th
,car,Ready Mixed (RMX),,,,2ขน3340,thailand,Active,,office,th
,car,Ready Mixed (RMX),,,,5ขฮ2714,thailand,Active,,office,th
,car,Ready Mixed (RMX),,,,5ขอ7756,thailand,Active,,office,th
,car,Ready Mixed (RMX),,,,5ขฒ3720,thailand,Active,,office,th
,car,Ready Mixed (RMX),,,,2ขส4767,thailand,Active,,office,th
,mixer,บริษัท เอฟ ทรานสปอร์ต จำกัด,,,,LOG-TH1968,thailand,,,log,th
