driverName,details,area,id,holder,remark,yRegister,status,site,type,kind,email,bu,department,country
บปน.,KOMATSU,ผลิตถุง,SUPPORT-No.15,Packaging,คุณชัชวาลย์,27/5/2024,Active,support,forklift,โฟล์คลิฟท์ขนาด 3.0 ตัน,,th,Packaging,thailand
บปน.,TCM   40 Z7,ผลิตถุง,SUPPORT-No.16,Packaging,คุณชัชวาลย์,27/5/2024,Active,support,forklift,โฟล์คลิฟท์ขนาด 3.0 ตัน,,th,Packaging,thailand
บปน.,MITSUBISHI,ผลิตถุง,SUPPORT-No.20,Packaging,คุณชัชวาลย์,27/5/2024,Active,support,forklift,โฟล์คลิฟท์ขนาด 3.0 ตัน,,th,Packaging,thailand
เช่า,TOYOTA,ผลิตถุง,SUPPORT-No.33,Packaging,คุณชัชวาลย์,27/5/2024,Active,support,forklift,โฟล์คลิฟท์ขนาด 3.0 ตัน,,th,Packaging,thailand
เช่า,TOYOTA,ผลิตถุง,SUPPORT-15436,Packaging,คุณชัชวาลย์,27/5/2024,Active,support,forklift,โฟล์คลิฟท์ขนาด 3.0 ตัน,,th,Packaging,thailand
เช่า,HYUNDAI,ผลิตถุง,SUPPORT-H212,Packaging,คุณชัชวาลย์,27/5/2024,Active,support,forklift,โฟล์คลิฟท์ขนาด 3.0 ตัน,,th,Packaging,thailand
เช่า,Toyota,บรรจุ3,SUPPORT-No.13879,Packing & loading,คุณพีระ,27/5/2024,Active,support,forklift,โฟล์คลิฟท์ขนาด 3.0 ตัน,,th,Packing & loading,thailand
เช่า,Toyota,บรรจุ3,SUPPORT-No.13880,Packing & loading,คุณพีระ,27/5/2024,Active,support,forklift,โฟล์คลิฟท์ขนาด 3.0 ตัน,,th,Packing & loading,thailand
เช่า,Toyota,บรรจุ3,SUPPORT-No.13883,Packing & loading,คุณพีระ,27/5/2024,Active,support,forklift,โฟล์คลิฟท์ขนาด 3.0 ตัน,,th,Packing & loading,thailand
เช่า,Toyota,บรรจุ3,SUPPORT-No.13884,Packing & loading,คุณพีระ,27/5/2024,Active,support,forklift,โฟล์คลิฟท์ขนาด 3.0 ตัน,,th,Packing & loading,thailand
เช่า(Spare),Toyota,บรรจุ3,SUPPORT-No.13742,Packing & loading,คุณพีระ,27/5/2024,Active,support,forklift,โฟล์คลิฟท์ขนาด 3.0 ตัน,,th,Packing & loading,thailand
เช่า(Spare),Toyota,บรรจุ3,SUPPORT-No.13171,Packing & loading,คุณพีระ,27/5/2024,Active,support,forklift,โฟล์คลิฟท์ขนาด 3.0 ตัน,,th,Packing & loading,thailand
บปน.,HELI - (RDF -FL -1),RDF,SUPPORT-RDF-No.1,RDF Quality Control,จิตติมา วรวงค์คุปต์,Tue Apr 09 2024 00:00:00 GMT+0700 (Indochina Time),Active,support,forklift,โฟล์คลิฟท์ขนาด 3.0 ตัน,,th,RDF Quality Control,thailand
บปน.,HELI (สีส้ม),พัสดุ,SUPPORT-WH-FL-1,Warehouse,ชัยพฤกษ์ เทียนกระจ่าง,Tue Apr 09 2024 00:00:00 GMT+0700 (Indochina Time),Active,support,forklift,โฟล์คลิฟท์ขนาด 3.0 ตัน,,th,Warehouse,thailand
บปน.,CAT 19 (สีเหลือง),พัสดุ,SUPPORT-WH-FL-2,Warehouse,ชัยพฤกษ์ เทียนกระจ่าง,Tue Apr 09 2024 00:00:00 GMT+0700 (Indochina Time),Active,support,forklift,โฟล์คลิฟท์ขนาด 5.0 ตัน,,th,Warehouse,thailand
,HONDA,Quarry Operation,QUARRY-1กฌ8777สบ,นาย ประวัตร์ พรหมเกษร,MLHJA1444H5993583,,Active,quarry,motorbike,รถมอเตอร์ไซต์,,th,,thailand
,YAMAHA,Quarry Operation,QUARRY-1กง620สบ,นาย ศิรวัฒน์ วงษ์สกุล,RLCUE052111100843,,Active,quarry,motorbike,รถมอเตอร์ไซต์,,th,,thailand
,YAMAHA,Quarry Operation,QUARRY-1กฉ8538สบ,นางสาว สุวรรณี ตนอดนอก,RLCUE052111119180,,Active,quarry,motorbike,รถมอเตอร์ไซต์,,th,,thailand
,YAMAHA,Quarry Operation,QUARRY-1กฉ8539สบ,นาย เกียรติภูมิ เมืองตั๋น,RLCUE052111119239,,Active,quarry,motorbike,รถมอเตอร์ไซต์,,th,,thailand
,HONDA,Quarry Operation,QUARRY-1กฌ8780สบ,นาย ภูมิศักดิ์ บุญวัฒน์,MLHJA144XH5993555,,Active,quarry,motorbike,รถมอเตอร์ไซต์,,th,,thailand
,YAMAHA,Quarry Operation,QUARRY-1กช3763สบ,นาย สุรพงศ์ จงวุฒิเวศย์,MH3SE902111032055,,Active,quarry,motorbike,รถมอเตอร์ไซต์,,th,,thailand
,YAMAHA,Quarry Operation,QUARRY-1กฉ8537สบ,นาย สมนึก โชติราศรี,RLCUE052111120288,,Active,quarry,motorbike,รถมอเตอร์ไซต์,,th,,thailand
,HONDA,Quarry Operation,QUARRY-1กจ7898สบ,นาย สมชาย จันทะเอ,MLHJA211XE5282000,,Active,quarry,motorbike,รถมอเตอร์ไซต์,,th,,thailand
,HONDA,Quarry Operation,QUARRY-1กง3704สบ,นาย สมชาย เพิ่มพิพัฒน์,MLHJA2118E5272212,,Active,quarry,motorbike,รถมอเตอร์ไซต์,,th,,thailand
พิคิด ศิริบูรณ์,รถเฮี๊ยบ,Workshop,PLANT3-84-1225สบ,SCCC,,04.09.2024,Active,plant3,truck,รถเฮี๊ยบ,,th,Plant 3,thailand
นายชัยพงษ์,รถเฮี๊ยบ- ขนาด 50 ตัน (ปจ.2),ซ่อมไฟฟ้า,PLANT3-87-4110สบ,SCCC,,22.08.2024,Active,plant3,truck,รถเฮี๊ยบ,,th,Plant 3,thailand
นายชัยพงษ์,รถกระเช้า เคลื่อนที่ ขนาด < 1.0 ตัน,Workshop,PLANT3-WS3-Mobile-No1,SCCC,,22.08.2024,Active,plant3,truck,รถกระเช้า,,th,Plant 3,thailand
นายพิคิด ศิริบูรณ์,"6 ล้อติดเครน, HINO, 6 สูบ 212 แรงม้า",Workshop,PLANT3-84-1225สบ,SCCC,"1100 กระบะบรรทุก, สำหรับใช้งานขนส่ง Spare part งานส่วนซ่อม",,Active,plant3,truck,รถจดทะเบียนขนส่ง,,th,Plant 3,thailand
บรรทุกของเหลว,"รถน้ำ, NISSAN 6 สูบ 230 แรงม้า",Workshop,PLANT3-81-6909สบ,SCCC,"1400 บรรทุกวัตถุอันตราย, รดน้ำต้นไม้,ล้างถนน และ ล้าง EP.Coalmill",,Active,plant3,truck,รถจดทะเบียนขนส่ง,,th,Plant 3,thailand
บปน.,-,โรงซ่อม,QUARRY-QTCM12-FL-1,,คนอง ปัญญาเมา,04.09.2024,Active,quarry,forklift,โฟล์คลิฟท์ขนาด 7.0 ตัน,,th,SRB-Quarry,thailand
บปน.,-,โรงซ่อม,QUARRY-QCAT18-FL-2,,คนอง ปัญญาเมา,04.09.2024,Active,quarry,forklift,โฟล์คลิฟท์ขนาด 3.0 ตัน,,th,SRB-Quarry,thailand
,,,QUARRY-4444,,,,,quarry,forklift,โฟล์คลิฟท์ขนาด 3.0 ตัน,,th,,thailand
,YAMAHA,Plant 2,1กก34สบ,นาย เสน่ห์ คงอ่อน,RLCUE052111053505,,Active,plant2,motorbike,รถมอเตอร์ไซต์,,th,,thailand
,HONDA,Plant 2,1กจ5713สบ,นาย เกื้อชนม์ ศรีสัมฤทธิ์,MLHJA2124G5099607,,Active,plant2,motorbike,รถมอเตอร์ไซต์,,th,,thailand
,HONDA,Plant 2,1กต9725สบ,นาย โกเศส โสธนะ,MLHJA1441K5694432,,Active,plant2,motorbike,รถมอเตอร์ไซต์,,th,,thailand
,HONDA,Plant 2,1กค3279สบ,นาย วิรัช หอมสุข,MLHJA2120D5075753,,Active,plant2,motorbike,รถมอเตอร์ไซต์,,th,,thailand
,HONDA,Plant 2,ขตน819สบ,นาย ชาตรี แก่นจันทา,NS110S0043510,,Active,plant2,motorbike,รถมอเตอร์ไซต์,,th,,thailand
,HONDA,Plant 2,1กค4465สบ,นาย อนิรุทธ์ น้อยเพ็ง,MLHJA2129D5075041,,Active,plant2,motorbike,รถมอเตอร์ไซต์,,th,,thailand
,HONDA,Plant 2,1กจ5709สบ,นาย กิติศักดิ์ ท้าวพา,MLHJA212XG5100789,,Active,plant2,motorbike,รถมอเตอร์ไซต์,,th,,thailand
,HONDA,Plant 2,1กข3146สบ,นางสาว สุภาพ เชื่อมกระโทก,MLHJA2119D5190844,,Active,plant2,motorbike,รถมอเตอร์ไซต์,,th,,thailand
,SUZUKI,Plant 2,ขนร271สบ,นาย อดุล เกิดกูล,MLCBE4DR000126315,,Active,plant2,motorbike,รถมอเตอร์ไซต์,,th,,thailand
,HONDA,Plant 2,1กข3140สบ,นาย ชาตรี บุญเพ็ง,MLHJA2116D5186993,,Active,plant2,motorbike,รถมอเตอร์ไซต์,,th,,thailand
,HONDA,Plant 2,1กค3027สบ,นาย กษิดิ์เดช ปัญญาเจริญ,MLHJA2129D5075430,,Active,plant2,motorbike,รถมอเตอร์ไซต์,,th,,thailand
,YAMAHA,Plant 2,1กก38สบ,นาย กรวิษณุ ทองรัตน์,RLCUE052111046230,,Active,plant2,motorbike,รถมอเตอร์ไซต์,,th,,thailand
,HONDA,Plant 2,1กค3025สบ,นาย ชลภัทร เกตุพรหม,MLHJA2123D5075410,,Active,plant2,motorbike,รถมอเตอร์ไซต์,,th,,thailand
,SUZUKI,Plant 2,1กฐ3281สบ,นาย อัครเดช ชนะชาญมงคล,MLCBF46F000319736,,Active,plant2,motorbike,รถมอเตอร์ไซต์,,th,,thailand
,HONDA,Plant 2,1กจ5712สบ,นาย ศักดิ์ชัย ขาวจัตุรัส,MLHJA2125G5100795,,Active,plant2,motorbike,รถมอเตอร์ไซต์,,th,,thailand
,HONDA,Plant 2,1กง7363สบ,นาย สุพจน์ บัวบาน,MLIIJA2113E5281951,,Active,plant2,motorbike,รถมอเตอร์ไซต์,,th,,thailand
,HONDA,Plant 2,1กฒ6557สบ,นาย ชาตรี บุญเพ็ง,MLHJA1443J5306566,,Active,plant2,motorbike,รถมอเตอร์ไซต์,,th,,thailand
,HONDA,Plant 2,1กข3136สบ,นาย วินัย บุตรวงษ์,MLHJA211OD5192451,,Active,plant2,motorbike,รถมอเตอร์ไซต์,,th,,thailand
,HONDA,Plant 2,1กฒ6559สบ,นาย ศักดา มะสีพันธุ์,MLHJA1440J5328797,,Active,plant2,motorbike,รถมอเตอร์ไซต์,,th,,thailand
,HONDA,Plant 2,1กจ5716สบ,นาย ทศพร บุญเมืองมี,MLHJA2125G100800,,Active,plant2,motorbike,รถมอเตอร์ไซต์,,th,,thailand
,HONDA,Plant 2,1กง3705สบ,นาย จุลทรัพย์ รัตนศิริพงศ์,MLHJF3516F5228258,,Active,plant2,motorbike,รถมอเตอร์ไซต์,,th,,thailand
,HONDA,Plant 2,1กง126สบ,นาย พลากร พันธ์เนียม,MLHJA2116E5242920,,Active,plant2,motorbike,รถมอเตอร์ไซต์,,th,,thailand
,HONDA,Plant 2,1กช8061สบ,นาย ธรรมศักดิ์ สมนันท์,MLHJA2117G5337960,,Active,plant2,motorbike,รถมอเตอร์ไซต์,,th,,thailand
,SUZUKI,Plant 2,1กฐ3280สบ,นาย สิทธิเดช มองเพ็ชร,MLCBF46F000319817,,Active,plant2,motorbike,รถมอเตอร์ไซต์,,th,,thailand
,HONDA,Plant 2,1กค3026สบ,นาย วัฒนา เนื้อนิ่ม,MLHJA2123D5075083,,Active,plant2,motorbike,รถมอเตอร์ไซต์,,th,,thailand
,HONDA,Plant 2,1กค3028สบ,นาย อัถยุทธ อำพันทอง,MLHJA2123D5075758,,Active,plant2,motorbike,รถมอเตอร์ไซต์,,th,,thailand
,SUZUKI,Plant 2,1กฐ3279สบ,นาย ธีร์ธวัช ปานบัว,MLCBF46F000320107,,Active,plant2,motorbike,รถมอเตอร์ไซต์,,th,,thailand
,HONDA,Plant 2,1กฌ8272สบ,นาย สัญญา วัฒนไพบูลย์,MIHJA2117H5360110,,Active,plant2,motorbike,รถมอเตอร์ไซต์,,th,,thailand
,HONDA,Plant 2,1กค3941สบ,นาย วีรยุทธ กิจชวลิต,MLHJA2123D5073124,,Active,plant2,motorbike,รถมอเตอร์ไซต์,,th,,thailand
,HONDA,Plant 2,1กข8012สบ,นาย ธณพล บุญชัยศรี,MLHJA1446D5368709,,Active,plant2,motorbike,รถมอเตอร์ไซต์,,th,,thailand
,HONDA,Plant 2,1กจ5715สบ,นาย พิเชษฐ โพธิ์คำ,MLHJA2122G5100785,,Active,plant2,motorbike,รถมอเตอร์ไซต์,,th,,thailand
,HONDA,Plant 2,ขตท296สบ,นาย นิติ แก้ววรรณศรี,NF125C0139913,,Active,plant2,motorbike,รถมอเตอร์ไซต์,,th,,thailand
,HONDA,Plant 2,1กค3942สบ,นาย ต่อพงศ์ อธิกวิริยะกุล,MLHJA2123D5073464,,Active,plant2,motorbike,รถมอเตอร์ไซต์,,th,,thailand
,HONDA,Plant 2,1กฆ6337สบ,นางสาว สุกันยา จันทร์พึ่งสุข,MLHJF381XD5136885,,Active,plant2,motorbike,รถมอเตอร์ไซต์,,th,,thailand
,HONDA,Plant 2,1กจ5710สบ,นาย พิษณุ เทียนช้าง,MLHJA212XG5099627,,Active,plant2,motorbike,รถมอเตอร์ไซต์,,th,,thailand
,HONDA,Plant 2,1กฒ6560สบ,นาย ทินภัทร์ สุยะวา,MLHJA1447J5326657,,Active,plant2,motorbike,รถมอเตอร์ไซต์,,th,,thailand
,HONDA,Plant 2,1กจ5711สบ,นาย สงัด เรืองมะเริง,MLHJA2128G5100791,,Active,plant2,motorbike,รถมอเตอร์ไซต์,,th,,thailand
,HONDA,Plant 2,1กค3024สบ,นาย ทศพร บุญเมืองมี,MLHJA2127D5075068,,Active,plant2,motorbike,รถมอเตอร์ไซต์,,th,,thailand
,HONDA,Plant 2,1กข3137สบ,นางสาว สุภาพ เชื่อมกระโทก,MLHJA2112D5192323,,Active,plant2,motorbike,รถมอเตอร์ไซต์,,th,,thailand
,YAMAHA,Plant 2,ขนร107สบ,นาย พงศภัค กล้วยคำ,RLCUEO52111041032,,Active,plant2,motorbike,รถมอเตอร์ไซต์,,th,,thailand
วิชัย รังสะภูมิ,10 ล้อ,Workshop,PLANT2-84-1225สบ,รถบริษัท,วิชัย รังสะภูมิ,04.09.2024,Active,plant2,truck,รถเฮี๊ยบ,,th,Plant 2,thailand
วิชัย รังสะภูมิ,6 ล้อ,Workshop,PLANT2-85-41154สบ,รถบริษัท,วิชัย รังสะภูมิ,04.09.2024,Active,plant2,truck,รถเฮี๊ยบ,,th,Plant 2,thailand
Plant 2,"NISSAN, 10 ล้อติดเครน, 6 สูบ 225 แรงม้า",Workshop,PLANT2-81-1870สบ,รถบริษัท,"สำหรับใช้งานขนส่ง Spare part งานส่วนซ่อม / ส่วนผลิต / ส่วนไฟฟ้า (ใช้ในงานเบิกของ
ที่พัสดุไปส่งที่หน้างานตาม Plant)",,Active,plant2,truck,รถจดทะเบียนขนส่ง,,th,Plant 2,thailand
วิชัย รังสะภูมิ,TCM,Workshop,PLANT2-WH2-FL-1,บปน.,วิชัย รังสะภูมิ,04.09.2024,Active,plant2,forklift,โฟล์คลิฟท์ขนาด 5.0 ตัน,,th,Plant 2,thailand
วิชัย รังสะภูมิ,MITSUBISHI,Workshop,PLANT2-WH2-FL-2,บปน.,วิชัย รังสะภูมิ,04.09.2024,Active,plant2,forklift,โฟล์คลิฟท์ขนาด 3.0 ตัน,,th,Plant 2,thailand
วิชัย รังสะภูมิ,YALE,Workshop,PLANT2-WH2-FL-3,เช่า,วิชัย รังสะภูมิ,04.09.2024,,plant2,forklift,โฟล์คลิฟท์ขนาด 3.0 ตัน,,th,Plant 2,thailand
ธวัชชัย ธูปหอม,HELI,Workshop,PLANT2-KK2-FL-4,เช่า,ธวัชชัย ธูปหอม,04.09.2024,,plant2,forklift,โฟล์คลิฟท์ขนาด 3.0 ตัน,,th,Plant 2,thailand
อภิเดช สุริยะวงค์,HELI,Workshop,PLANT2-CM2-FL-5,เช่า,อภิเดช สุริยะวงค์,04.09.2024,,plant2,forklift,โฟล์คลิฟท์ขนาด 3.0 ตัน,,th,Plant 2,thailand
,"Operational car, REVO CCAB Toyota Revo (DCAB) Double Cab 4WD 2.4MID M/T + Tiremudterrain",,3ขอ1257,,,,Active,plant3,car,Rental Car,,th,,thailand
,"Operational car, REVO CCAB Toyota REVO Smart Cab 2.4MID 2WD M/T NoR",,3ฒศ6206,,,,Active,plant3,car,Rental Car,,th,,thailand
,"Operational car, REVO CCAB Toyata REVO Smart Cab 2.4MID 2WD M/T NoR",,3ฒษ3314,,,,Active,plant3,car,Rental Car,,th,,thailand
,TOYOTA VIGO กระบะ,,บษ7790สบ,,,,Active,quarry,car,SCCC Asset,,th,,thailand
,"Operational car, REVO CCAB Toyota Revo Double Cab 2.4Mid 4WD M/T (NoRoof)                ",,4ขธ3662,,,,Active,quarry,car,Rental Car,,th,,thailand
,"Operational car, REVO CCAB Toyota Revo (DCAB) Double Cab 4WD 2.4MID M/T + Tiremudterrain",,3ขภ5317,,,,Active,quarry,car,Rental Car,,th,,thailand
,"Operational car, REVO CCAB Toyota Revo (DCAB) Double Cab 4WD 2.4MID M/T + Tiremudterrain",,4ขท8724,,,,Active,quarry,car,Rental Car,,th,,thailand
,"Operational car, REVO CCAB Toyota Revo (DCAB) Double Cab 4WD 2.4MID M/T + Tiremudterrain",,4ขท8730,,,,Active,quarry,car,Rental Car,,th,,thailand
,"Operational car, REVO CCAB Toyota Revo (DCAB) Double Cab 4WD 2.4MID M/T + Tiremudterrain",,4ขท8733,,,,Active,quarry,car,Rental Car,,th,,thailand
,"Operational car, REVO CCAB Toyota Revo (DCAB) Double Cab 4WD 2.4MID M/T + Tiremudterrain",,4ขท8735,,,,Active,quarry,car,Rental Car,,th,,thailand
,"Operational car, REVO CCAB Toyota Revo (DCAB) Double Cab 4WD 2.4MID M/T + Tiremudterrain",,4ขท8739,,,,Active,quarry,car,Rental Car,,th,,thailand
,"Operational car, REVO CCAB Toyota Revo (DCAB) Double Cab 4WD 2.4MID M/T + Tiremudterrain",,4ขท8743,,,,Active,quarry,car,Rental Car,,th,,thailand
,"Operational car, REVO CCAB Toyota Revo (DCAB) Double Cab 4WD 2.4MID M/T + Tiremudterrain",,4ขท8745,,,,Active,quarry,car,Rental Car,,th,,thailand
,"Operational car, REVO CCAB Toyota Revo (DCAB) Double Cab 4WD 2.4MID M/T + Tiremudterrain",,4ขท8752,,,,Active,quarry,car,Rental Car,,th,,thailand
,"Operational car, REVO CCAB Toyota Revo (DCAB) Double Cab 4WD 2.4MID M/T + Tiremudterrain",,4ขท8753,,,,Active,quarry,car,Rental Car,,th,,thailand
,"Operational car, REVO CCAB Toyota REVO Smart Cab 2.4MID 2WD M/T NoR",,3ฒศ6207,,,,Active,plant2,car,Rental Car,,th,,thailand
,"Operational car, REVO CCAB Toyota REVO Double Cab 2.4Mid PRERUNNER 2WD A/T (NoRoof)",,4ขต1054,,,,Active,plant2,car,Rental Car,,th,,thailand
คุณณัฐพล,,,PLANT3-FL-TL11,รถเช่า,,2024-01-09T17:00:00.000Z,Active,plant3,forklift,โฟล์คลิฟท์ ไฟฟ้า 7ตัน,,th,"Palnt 3, Packing & Loading",thailand
อภิชาติ ชุมพินิจ,HELI,Workshop,PLANT3-KK3-FL-3,รถเช่า,,04.09.2024,Active,plant3,forklift,โฟล์คลิฟท์ขนาด 3.0 ตัน,,th,Palnt 3,thailand
คุุณพีระ,,,PLANT3-FL-TL03,รถเช่า,,2024-01-09T17:00:00.000Z,Active,plant3,forklift,โฟล์คลิฟท์ น้ำมัน 3.8ตัน,,th,"Palnt 3, Packing & Loading",thailand
คุณณัฐพล,,,PLANT3-FL-TL09,รถเช่า,,2024-01-09T17:00:00.000Z,Active,plant3,forklift,โฟล์คลิฟท์ ไฟฟ้า 7ตัน,,th,"Palnt 3, Packing & Loading",thailand
นายชัยพงษ์,-,Workshop,PLANT3-WS3-No1,รถเช่า,,22.08.2024,Active,plant3,forklift,โฟล์คลิฟท์ขนาด 3.0 ตัน,,th,Palnt 3,thailand
อภิชาติ ชุมพินิจ,HYUNDAI,Workshop,PLANT3-KK3-FL-7,รถเช่า,,22/01/2025,Active,plant3,forklift,โฟล์คลิฟท์ขนาด 3.0 ตัน,,th,Palnt 3,thailand
คุุณพีระ,,,PLANT3-FL-TL07,รถเช่า,,2024-01-09T17:00:00.000Z,Active,plant3,forklift,โฟล์คลิฟท์ ไฟฟ้า 3.8ตัน,,th,"Palnt 3, Packing & Loading",thailand
อภิชาติ ชุมพินิจ,HELI,Workshop,PLANT3-KK3-FL-5,รถเช่า,,22/01/2025,Active,plant3,forklift,โฟล์คลิฟท์ขนาด 3.0 ตัน,,th,Palnt 3,thailand
กรวิชญ์ ไม้เสนาะ,HYUNDAI,Workshop,PLANT3-CM3-FL-4,รถเช่า,,04.09.2024,Active,plant3,forklift,โฟล์คลิฟท์ขนาด 3.0 ตัน,,th,Palnt 3,thailand
อภิชาติ ชุมพินิจ,HELI,Workshop,PLANT3-KK3-FL-6,รถเช่า,,22/01/2025,Active,plant3,forklift,โฟล์คลิฟท์ขนาด 3.0 ตัน,,th,Palnt 3,thailand
คุุณพีระ,,,PLANT3-FL-TL04,รถเช่า,,2024-01-09T17:00:00.000Z,Active,plant3,forklift,โฟล์คลิฟท์ น้ำมัน 3.8ตัน,,th,"Palnt 3, Packing & Loading",thailand
อภิชาติ ชุมพินิจ,HELI,Workshop,PLANT3-KK3-FL-2,รถเช่า,,04.09.2024,Active,plant3,forklift,โฟล์คลิฟท์ขนาด 3.0 ตัน,,th,Palnt 3,thailand
คุณณัฐพล,,,PLANT3-FL-TL05,รถเช่า,,2024-01-09T17:00:00.000Z,Active,plant3,forklift,โฟล์คลิฟท์ ไฟฟ้า 3.8ตัน,,th,"Palnt 3, Packing & Loading",thailand
คุุณพีระ,,,PLANT3-FL-TL08,รถเช่า,,2024-01-09T17:00:00.000Z,Active,plant3,forklift,โฟล์คลิฟท์ ไฟฟ้า 3.8ตัน,,th,"Palnt 3, Packing & Loading",thailand
คุณณัฐพล,,,PLANT3-FL-TL10,รถเช่า,,2024-01-09T17:00:00.000Z,Active,plant3,forklift,โฟล์คลิฟท์ ไฟฟ้า 7ตัน,,th,"Palnt 3, Packing & Loading",thailand
คุณณัฐพล,,,PLANT3-FL-TL01,รถเช่า,,2024-01-09T17:00:00.000Z,Active,plant3,forklift,โฟล์คลิฟท์ น้ำมัน 3.8ตัน,,th,"Palnt 3, Packing & Loading",thailand
คุณณัฐพล,,,PLANT3-FL-TL02,รถเช่า,,2024-01-09T17:00:00.000Z,Active,plant3,forklift,โฟล์คลิฟท์ น้ำมัน 3.8ตัน,,th,"Palnt 3, Packing & Loading",thailand
คุณณัฐพล,,,PLANT3-FL-TL06,รถเช่า,,2024-01-09T17:00:00.000Z,Active,plant3,forklift,โฟล์คลิฟท์ ไฟฟ้า 3.8ตัน,,th,"Palnt 3, Packing & Loading",thailand
คุุณพีระ,,,PLANT3-FL-TL-SPARE1,รถเช่า,,2024-01-09T17:00:00.000Z,Active,plant3,forklift,โฟล์คลิฟท์ น้ำมัน 3.8ตัน,,th,"Palnt 3, Packing & Loading",thailand
คุณณัฐพล,,,PLANT3-FL-TL-SPARE2,รถเช่า,,2024-01-09T17:00:00.000Z,Active,plant3,forklift,โฟล์คลิฟท์ ไฟฟ้า 7ตัน,,th,"Palnt 3, Packing & Loading",thailand
พิคิด ศิริบูรณ์,HELI,Workshop,PLANT3-WH3-FL-1,รถเช่า,,04.09.2024,Active,plant3,forklift,โฟล์คลิฟท์ขนาด 3.0 ตัน,,th,Palnt 3,thailand
,HONDA,Plant 3,ขตน814สบ,นาย สมโภชน์ พลโก,NF125MC0241898,,Active,plant3,motorbike,รถมอเตอร์ไซต์,,th,,thailand
,YAMAHA,Plant 3,1กก39สบ,นาย ธงชัย หล่อประเสริฐ,RLCUE052111043679,,Active,plant3,motorbike,รถมอเตอร์ไซต์,,th,,thailand
,HONDA,Plant 3,ขตน818สบ,นาย พรชัย บุณฑรักษ์สกุล,NF125MC0241331,,Active,plant3,motorbike,รถมอเตอร์ไซต์,,th,,thailand
,YAMAHA,Plant 3,1กก32สบ,นาย วิทยากร เตโช,RLCUE052111045689,,Active,plant3,motorbike,รถมอเตอร์ไซต์,,th,,thailand
,HONDA,Plant 3,1กข8008สบ,นาย เจริญ ดาโสม,MLHJA2115D5182336,,Active,plant3,motorbike,รถมอเตอร์ไซต์,,th,,thailand
,HONDA,Plant 3,ขตท300สบ,นาย อธิชาติ อุทศรี,NF110TM0136457,,Active,plant3,motorbike,รถมอเตอร์ไซต์,,th,,thailand
,HONDA,Plant 3,ขตท294สบ,นาย ปัญญา แจ่มใจ,NF125MC0169723,,Active,plant3,motorbike,รถมอเตอร์ไซต์,,th,,thailand
,SUZUKI,Plant 3,1กฒ3733สบ,นาย อิทธิพล ญาณวารี,MLCBF46F000321685,,Active,plant3,motorbike,รถมอเตอร์ไซต์,,th,,thailand
,Asset No. 44000436,Workshop,44000436,ส่วนซ่อมเครื่องจักร 3(Oiler),,,Active,plant3,motorbike,รถจักรยานสามล้อไฟฟ้า,,th,,thailand
,HONDA,Plant 3,ขตท307สบ,นาย เทพพิทักษ์ชัย ศรีวิเศษ,CF110C0021877,,Active,plant3,motorbike,รถมอเตอร์ไซต์,,th,,thailand
,HONDA,Plant 3,ขตท299สบ,นาย สงคราม พุฒลา,CF110C0017245,,Active,plant3,motorbike,รถมอเตอร์ไซต์,,th,,thailand
,HONDA,Plant 3,1กข3141สบ,นาย วิทยากร เตโช,MLHJA2110D5184995,,Active,plant3,motorbike,รถมอเตอร์ไซต์,,th,,thailand
,HONDA,Plant 3,1กข8010สบ,นาย อภิชัย สุนทรินทร์,MLHJA2118D5171203,,Active,plant3,motorbike,รถมอเตอร์ไซต์,,th,,thailand
,HONDA,Plant 3,1กช4252สบ,นาย กรวิชญ์ ไม้เสนาะ,MLHJA2118G5335263,,Active,plant3,motorbike,รถมอเตอร์ไซต์,,th,,thailand
,HONDA,Plant 3,ขตน816สบ,นาย พันธิ์ศักดิ์ พัทวี,NF125MC0243866,,Active,plant3,motorbike,รถมอเตอร์ไซต์,,th,,thailand
,HONDA,Plant 3,ขตท305สบ,นาย เนาวรัตน์ พูนชัย,NF110R0235509,,Active,plant3,motorbike,รถมอเตอร์ไซต์,,th,,thailand
,SUZUKI,Plant 3,ขนร269สบ,นาย เลิศยศ ทุมมาวัติ,MLCBE4DR000120959,,Active,plant3,motorbike,รถมอเตอร์ไซต์,,th,,thailand
,HONDA,Plant 3,ขตน821สบ,นาย เกรียงยศ สงวนศักดิ์,NS110S0043569,,Active,plant3,motorbike,รถมอเตอร์ไซต์,,th,,thailand
,HONDA,Plant 3,ขตท293สบ,นาย สายชล เถินมงคล,NF125MC0165418,,Active,plant3,motorbike,รถมอเตอร์ไซต์,,th,,thailand
,HONDA,Plant 3,ขตว231สบ,นาย สุพล บุตมราช,NF125MC0268404,,Active,plant3,motorbike,รถมอเตอร์ไซต์,,th,,thailand
,HONDA,Plant 3,ขตท306สบ,นาย โสรส แป้สูงเนิน,CF110C0016838,,Active,plant3,motorbike,รถมอเตอร์ไซต์,,th,,thailand
,Duleve,Plant 3,PP3-VAC-05,รถเช่า - คุณพีระ,,,Active,plant3,motorbike,รถดูดฝุ่น,,th,,thailand
,HONDA,Plant 3,1กข3139สบ,นาย อำนวย จันทร์รอด,MLHJA2116D5192311,,Active,plant3,motorbike,รถมอเตอร์ไซต์,,th,,thailand
,HONDA,Plant 3,ขตน817สบ,นาย พิศุทธิ์ แก้วกั้ง,NF125MC0242951,,Active,plant3,motorbike,รถมอเตอร์ไซต์,,th,,thailand
,HONDA,Plant 3,ขตท292สบ,นาย สอาด บัวทอง,NF125MC0168014,,Active,plant3,motorbike,รถมอเตอร์ไซต์,,th,,thailand
,HONDA,Plant 3,1กข8013สบ,นาย ประภาส ราชพิบูลย์,MLHJA2114D5183168,,Active,plant3,motorbike,รถมอเตอร์ไซต์,,th,,thailand
,HONDA,Plant 3,1กข8011สบ,นาย สมเกียรติ พันธ์สุมา,MLHJA1422D5691332,,Active,plant3,motorbike,รถมอเตอร์ไซต์,,th,,thailand
,HONDA,Plant 3,ขตท298สบ,นาย ชวลิต โพธิ์ธรรม,NF125MC0168598,,Active,plant3,motorbike,รถมอเตอร์ไซต์,,th,,thailand
,HONDA,Plant 3,1กฆ914สบ,นาย ประสิทธิ์ ขำแก้ว,MLHJA2114E5239904,,Active,plant3,motorbike,รถมอเตอร์ไซต์,,th,,thailand
,HONDA,Plant 3,ขตท291สบ,นาย ชัยวัฒน์ เอี่ยมพิกุลทรัพย์,NF125MC0174474,,Active,plant3,motorbike,รถมอเตอร์ไซต์,,th,,thailand
,HONDA,Plant 3,1กข3138สบ,นาย ธีรภาพ โรจน์วัชราภิบาล,MLHJA2112D5191382,,Active,plant3,motorbike,รถมอเตอร์ไซต์,,th,,thailand
,HONDA,Plant 3,1กข3145สบ,นาย ไพฑูรย์ ทองคำ,MLHJA2118D5187000,,Active,plant3,motorbike,รถมอเตอร์ไซต์,,th,,thailand
,HONDA,Plant 3,1กง127สบ,นาย วรงค์ธร เจนวุฒาจุฬานนท์,MLHJA211XE5258697,,Active,plant3,motorbike,รถมอเตอร์ไซต์,,th,,thailand
,HONDA,Plant 3,1กข3142สบ,นาย จำปี สถิรวัฒนากร,MLHJA2116D5190672,,Active,plant3,motorbike,รถมอเตอร์ไซต์,,th,,thailand
,HONDA,Plant 3,1กฒ6558สบ,นาย ชุติพงศ์ กีรติบรรหาร,MLHJA1447J5294633,,Active,plant3,motorbike,รถมอเตอร์ไซต์,,th,,thailand
,HONDA,Plant 3,1กช3091สบ,นาย สมเกียรติ กุดแถลง,MLHJA1446H5879617,,Active,plant3,motorbike,รถมอเตอร์ไซต์,,th,,thailand
,HONDA,Plant 3,1กต9724สบ,นาย ประเสริฐ บุญมี,MLHJA1446K5697178,,Active,plant3,motorbike,รถมอเตอร์ไซต์,,th,,thailand
,HONDA,Plant 3,1กต9726สบ,นาย ศักดิ์ชัย ผอบนาค,MLHJA1448K5694427,,Active,plant3,motorbike,รถมอเตอร์ไซต์,,th,,thailand
,HONDA,Plant 3,1กข8009สบ,นาย สุรจิต ป้องกัน,MLHJA2115D5171448,,Active,plant3,motorbike,รถมอเตอร์ไซต์,,th,,thailand
,HONDA,Plant 3,1กค5815สบ,นาย อธิชาติ อุทศรี,MLHJA1449E5456610,,Active,plant3,motorbike,รถมอเตอร์ไซต์,,th,,thailand
,HONDA,Plant 3,1กฆ6336สบ,นาย สมชาย เสาะด้น,MLHJA2119E5251255,,Active,plant3,motorbike,รถมอเตอร์ไซต์,,th,,thailand
,YAMAHA,Plant 3,1กฉ364สบ,นาย สันติภาพ ศักดิ์โศภากุล,MLESE571111023348,,Active,plant3,motorbike,รถมอเตอร์ไซต์,,th,,thailand
,Asset No. 44000476,Workshop,44000476,ส่วนซ่อมเครื่องจักร 3(Raw mill),,,Active,plant3,motorbike,รถจักรยานสามล้อไฟฟ้า,,th,,thailand
,YAMAHA,Plant 3,1กก35สบ,นาย สมพล วรเมฆปัญญา,RLCUE052111047884,,Active,plant3,motorbike,รถมอเตอร์ไซต์,,th,,thailand
,HONDA,Plant 3,1กฆ910สบ,นาย ศิริราช ชิตประวัติ,MLHJA211EX5227871,,Active,plant3,motorbike,รถมอเตอร์ไซต์,,th,,thailand
,HONDA,Plant 3,ขตน815สบ,นาย โฉลก สวนสุข,NF125MC0241974,,Active,plant3,motorbike,รถมอเตอร์ไซต์,,th,,thailand
,Duleve,Plant 3,PP3-VAC-05,รถเช่า - คุณพีระ,,,Active,plant3,motorbike,รถดูดฝุ่น,,th,,thailand
,Asset No. 44000476,Workshop,44000476,ส่วนซ่อมเครื่องจักร 3(Pool),,,Active,plant3,motorbike,รถจักรยานสามล้อไฟฟ้า,,th,,thailand
,HONDA,Plant 3,1กข3144สบ,นาย อดิเทพ ภาคย์สมพงษ์,MLHJA2119D5190682,,Active,plant3,motorbike,รถมอเตอร์ไซต์,,th,,thailand
,HONDA,Plant 3,1กฆ6335สบ,นาย เทเวช ไชยคาน,MLHJA2113E5253888,,Active,plant3,motorbike,รถมอเตอร์ไซต์,,th,,thailand
,HONDA,Plant 3,1กข3143สบ,นาย สังวาลย์ กล้าแข็ง,MLHJA2119D5192173,,Active,plant3,motorbike,รถมอเตอร์ไซต์,,th,,thailand
,HONDA,Plant 3,1กค6105สบ,นาย นัฐพร แจ้งสว่าง,MLHJA1445E5560981,,Active,plant3,motorbike,รถมอเตอร์ไซต์,,th,,thailand
,HONDA,Plant 3,ขตท295สบ,นาย ปรีชา จำเนียรกิจ,NF110TN0036218,,Active,plant3,motorbike,รถมอเตอร์ไซต์,,th,,thailand
คุณพีระ,HELI,,PLANT3-FL-TL12,TL Spare ( น้ำมัน),,2025-07-01T17:00:00.000Z,Active,plant3,forklift,โฟล์คลิฟท์ น้ำมัน 7ตัน,,th,"Palnt 3, Packing & Loading",thailand
วันชัย คนึงชาติ,"3 เพลา 6 ล้อ ยาง 10 เส้น, 360 แรงม้า",วิ่งงานดินแดง,QUARRY-72-0537อย,,,2565-10-30T17:00:00.000Z,Active,quarry,truck,รถบรรทุก,,th,"ฝ่ายเหมืองฯ, กลางดง",thailand
ศรราม   นาคหลวง,"3 เพลา 6 ล้อ ยาง 10 เส้น, 360 แรงม้า",วิ่งงานดินแดง,QUARRY-72-0538อย,,,2565-10-30T17:00:00.000Z,Active,quarry,truck,รถบรรทุก,,th,"ฝ่ายเหมืองฯ, กลางดง",thailand
สุรเดช พุทธวงษ์,"3 เพลา 6 ล้อ ยาง 10 เส้น, 360 แรงม้า",วิ่งงานดินแดง,QUARRY-70-8068สบ,,,2553-04-27T17:00:00.000Z,Active,quarry,truck,รถบรรทุก,,th,"ฝ่ายเหมืองฯ, กลางดง",thailand
นายประกอบ  เพื่อนพิมาย,"3 เพลา 6 ล้อ ยาง 10 เส้น, 344 แรงม้า",วิ่งงานดินแดง,QUARRY-71-7028สบ,,,2559-02-07T17:00:00.000Z,Active,quarry,truck,รถบรรทุก-รถร่วม,,th,"ฝ่ายเหมืองฯ, กลางดง",thailand
นายทวีศักดิ์ ปาทาพันธ์,LGMG MT50,เครื่องจักรพื้นที่เหมืองเชล,QUARRY-MT-25,,N071-3043,n-a,Active,quarry,truck,รถบรรทุก,,th,Quarry,thailand
นายสุชาติ เอี่ยมศรี,LGMG MT50,เครื่องจักรพื้นที่เหมืองเชล,QUARRY-MT-34,,R071-3115,n-a,Active,quarry,truck,รถบรรทุก,,th,Quarry,thailand
นายปฎิพัทธ์ ยาศรี,LGMG MT50,เครื่องจักรพื้นที่เหมืองเชล,QUARRY-MT-39,,R071-3120,n-a,Active,quarry,truck,รถบรรทุก,,th,Quarry,thailand
นายบุญเที่ยง ขัดสี,LGMG MT50,เครื่องจักรพื้นที่เหมืองเชล,QUARRY-MT-24,,G071-0931,n-a,Active,quarry,truck,รถบรรทุก,,th,Quarry,thailand
มงคล  ดวงสุดา,"3 เพลา 6 ล้อ ยาง 10 เส้น, 360 แรงม้า",วิ่งงานดินแดง,QUARRY-72-0540อย,,,2565-10-30T17:00:00.000Z,Active,quarry,truck,รถบรรทุก,,th,"ฝ่ายเหมืองฯ, กลางดง",thailand
ชัชชัย  สิงห์หนองหว้า,"4 เพลา 8 ล้อ ยาง 12 เส้น, 360 แรงม้า",วิ่งงานดินแดง,QUARRY-70-4390อย,,,2553-04-07T17:00:00.000Z,Active,quarry,truck,รถบรรทุก,,th,"ฝ่ายเหมืองฯ, กลางดง",thailand
นายสามารถ ยวงโพธิ์,LGMG MT50,เครื่องจักรพื้นที่เหมืองเชล,QUARRY-MT-26,,M071-3020,n-a,Active,quarry,truck,รถบรรทุก,,th,Quarry,thailand
รังสรรค์  เมฆศรีสวรรค์,"3 เพลา 6 ล้อ ยาง 10 เส้น, 360 แรงม้า",วิ่งงานดินแดง,QUARRY-72-0535อย,,,2565-10-30T17:00:00.000Z,Active,quarry,truck,รถบรรทุก,,th,"ฝ่ายเหมืองฯ, กลางดง",thailand
ทองสุข   พวงศิลป์,"3 เพลา 6 ล้อ ยาง 10 เส้น, 360 แรงม้า",วิ่งงานดินแดง,QUARRY-72-0536อย,,,2565-10-30T17:00:00.000Z,Active,quarry,truck,รถบรรทุก,,th,"ฝ่ายเหมืองฯ, กลางดง",thailand
กานต์  กันเกิด,"4 เพลา 8 ล้อ ยาง 12 เส้น, 360 แรงม้า",วิ่งงานดินแดง,QUARRY-70-4395อย,,,2553-04-07T17:00:00.000Z,Active,quarry,truck,รถบรรทุก,,th,"ฝ่ายเหมืองฯ, กลางดง",thailand
นายไพศาล แปลงกระโทก,"3 เพลา 6 ล้อ ยาง 10 เส้น, 380 แรงม้า",วิ่งงานดินแดง,QUARRY-71-9196สบ,,,2561-05-24T17:00:00.000Z,Active,quarry,truck,รถบรรทุก-รถร่วม,,th,"ฝ่ายเหมืองฯ, กลางดง",thailand
ฝ่ายเหมืองฯ,"แทรคเตอร์ (รถเกรด), 14M  6 สูบ / 259 แรงม้า",งานเกรดถนน ปรับพื้นที่เหมือง,QUARRY-ตค-1544สบ,,,n-a,Active,quarry,truck,รถบรรทุกบรษัท-จดทะเบียนขนส่ง,,th,แทรกเตอร์  (รถเกรด),thailand
ฝ่ายเหมืองฯ,"HINO, FM8JNLD บรรทุกของเหลว 6 สูบ 251 แรงม้า",รถบรรทุกน้ำ ราดถนนพื้นที่เหมือง,QUARRY-85-6718สบ,,,n-a,Active,quarry,truck,รถบรรทุกบรษัท-จดทะเบียนขนส่ง,,th,รถน้ำ (ยาง 10 เส้น),thailand
ฝ่ายเหมืองฯ,"HINO, FG8JPLA กระบะบรรทุก 6 สูบ 212 แรงม้า",กระบะบรรทุก 6 ล้อติดเครน,QUARRY-85-5380สบ,,,n-a,Active,quarry,truck,รถบรรทุกบรษัท-จดทะเบียนขนส่ง,,th,กระบะบรรทุก 6 ล้อติดเครน,thailand
นายฉัตยานนท์  ภักดี,LGMG MT50,เครื่องจักรพื้นที่เหมืองเชล,QUARRY-MT-27,,M071-3002,n-a,Active,quarry,truck,รถบรรทุก,,th,Quarry,thailand
เดช  ประคองซื่อ,"4 เพลา 8 ล้อ ยาง 12 เส้น, 360 แรงม้า",วิ่งงานดินแดง,QUARRY-70-4892อย,,,2553-10-28T17:00:00.000Z,Active,quarry,truck,รถบรรทุก,,th,"ฝ่ายเหมืองฯ, กลางดง",thailand
ไพทูล เหลาศรี,"3 เพลา 6 ล้อ ยาง 10 เส้น, 360 แรงม้า",วิ่งงานดินแดง,QUARRY-70-8071สบ,,,2553-04-27T17:00:00.000Z,Active,quarry,truck,รถบรรทุก,,th,"ฝ่ายเหมืองฯ, กลางดง",thailand
นางสาวใฝรัก ค้อทอง,LGMG MT50,เครื่องจักรพื้นที่เหมืองเชล,QUARRY-MT-37,,R071-3118,n-a,Active,quarry,truck,รถบรรทุก,,th,Quarry,thailand
นายกรวิชญ์ พิริยะแระเทืองกุล,LGMG MT50,เครื่องจักรพื้นที่เหมืองเชล,QUARRY-MT-38,,R071-3119,n-a,Active,quarry,truck,รถบรรทุก,,th,Quarry,thailand
วิฑูรย์  ซุ่มกลาง,"4 เพลา 8 ล้อ ยาง 12 เส้น, 360 แรงม้า",วิ่งงานดินแดง,QUARRY-70-6818อย,,,2555-10-07T17:00:00.000Z,Active,quarry,truck,รถบรรทุก,,th,"ฝ่ายเหมืองฯ, กลางดง",thailand
มนตรี  โพธิ์นอก,"4 เพลา 8 ล้อ ยาง 12 เส้น, 360 แรงม้า",วิ่งงานดินแดง,QUARRY-70-4891อย,,,2553-10-28T17:00:00.000Z,Active,quarry,truck,รถบรรทุก,,th,"ฝ่ายเหมืองฯ, กลางดง",thailand
นายภาคินชัย  คัมภิรานนท์,LGMG MT50,เครื่องจักรพื้นที่เหมืองเชล,QUARRY-MT-23,,J070-0011,n-a,Active,quarry,truck,รถบรรทุก,,th,Quarry,thailand
ทศพร  กันเกิด,"4 เพลา 8 ล้อ ยาง 12 เส้น, 360 แรงม้า",วิ่งงานดินแดง,QUARRY-70-4388อย,,,2553-04-07T17:00:00.000Z,Active,quarry,truck,รถบรรทุก,,th,"ฝ่ายเหมืองฯ, กลางดง",thailand
ฝ่ายเหมืองฯ,"NISSAN,  - บรรทุกเฉพาะกิจ 6 สูบ 230 แรงม้า",รถระเบิด เปลี่ยนเป็น รถน้ำมัน,QUARRY-81-6907สบ,,,n-a,Active,quarry,truck,รถบรรทุกบรษัท-จดทะเบียนขนส่ง,,th,รถระเบิด เปลี่ยนเป็น รถน้ำมัน,thailand
นายวรายุทธ เจริญสุข,YATONG MT60,เครื่องจักรพื้นที่เหมืองเชล,QUARRY-MT-19,,G315-0493,n-a,Active,quarry,truck,รถบรรทุก,,th,Quarry,thailand
นายมิตร สิงห์ทองราช,LGMG MT50,เครื่องจักรพื้นที่เหมืองเชล,QUARRY-MT-31,,J072-5021,n-a,Active,quarry,truck,รถบรรทุก,,th,Quarry,thailand
นายกฤษดา เคลือบแสน,LGMG MT50,เครื่องจักรพื้นที่เหมืองเชล,QUARRY-MT-41,,R071-3124,n-a,Active,quarry,truck,รถบรรทุก,,th,Quarry,thailand
รัฐเขต  ขันอาสา,"3 เพลา 6 ล้อ ยาง 10 เส้น, 360 แรงม้า",วิ่งงานดินแดง,QUARRY-70-8066สบ,,,2553-04-27T17:00:00.000Z,Active,quarry,truck,รถบรรทุก,,th,"ฝ่ายเหมืองฯ, กลางดง",thailand
มานพ เพ็งเลา,"4 เพลา 8 ล้อ ยาง 12 เส้น, 360 แรงม้า",วิ่งงานดินแดง,QUARRY-70-4890อย,,,2553-10-28T17:00:00.000Z,Active,quarry,truck,รถบรรทุก,,th,"ฝ่ายเหมืองฯ, กลางดง",thailand
ฝ่ายเหมืองฯ,"HINO, FM8JNLD บรรทุกของเหลว 6 สูบ 251 แรงม้า",/,QUARRY-85-6717สบ,,,n-a,Active,quarry,truck,รถบรรทุกบรษัท-จดทะเบียนขนส่ง,,th,รถน้ำ (ยาง 10 เส้น),thailand
ฝ่ายเหมืองฯ,"HINO, FM2PNPD บรรทุกของเหลว 6 สูบ 314 แรงม้า",รถน้ำมัน,QUARRY-83-8268สบ,,,n-a,Active,quarry,truck,รถบรรทุกบรษัท-จดทะเบียนขนส่ง,,th,รถน้ำมัน,thailand
นายคมศักดิ์  ป้องคำ,LGMG MT50,เครื่องจักรพื้นที่เหมืองเชล,QUARRY-MT-22,,J070-0013,n-a,Active,quarry,truck,รถบรรทุก,,th,Quarry,thailand
ณัฐพล  ปาจันทร์,"3 เพลา 6 ล้อ ยาง 10 เส้น, 360 แรงม้า",วิ่งงานดินแดง,QUARRY-72-0539อย,,,2565-10-30T17:00:00.000Z,Active,quarry,truck,รถบรรทุก,,th,"ฝ่ายเหมืองฯ, กลางดง",thailand
โสภา  ระมินโท,"4 เพลา 8 ล้อ ยาง 12 เส้น, 360 แรงม้า",วิ่งงานดินแดง,QUARRY-70-4394อย,,,2553-04-07T17:00:00.000Z,Active,quarry,truck,รถบรรทุก,,th,"ฝ่ายเหมืองฯ, กลางดง",thailand
สมัย  เรืองงาม,"3 เพลา 6 ล้อ ยาง 10 เส้น, 360 แรงม้า",วิ่งงานดินแดง,QUARRY-70-8070สบ,,,2553-04-27T17:00:00.000Z,Active,quarry,truck,รถบรรทุก,,th,"ฝ่ายเหมืองฯ, กลางดง",thailand
ฝ่ายเหมืองฯ,"ISUZU, NPR71PY52A บรรทุกวัตถุอันตราย 4 สูบ 130 แรงม้า",รถน้ำมันหล่อลื่น&จารบี,QUARRY-83-7896สบ,,,n-a,Active,quarry,truck,รถบรรทุกบรษัท-จดทะเบียนขนส่ง,,th,รถน้ำมัน,thailand
นางสาวสิริรัตน์ เลิศสง่า,LGMG MT50,เครื่องจักรพื้นที่เหมืองเชล,QUARRY-MT-21,,G071-0929,n-a,Active,quarry,truck,รถบรรทุก,,th,Quarry,thailand
นายมนตรี ฆารสวิง,LGMG MT50,เครื่องจักรพื้นที่เหมืองเชล,QUARRY-MT-30,,J072-5020,n-a,Active,quarry,truck,รถบรรทุก,,th,Quarry,thailand
ณัฐพร  พูนมี,"4 เพลา 8 ล้อ ยาง 12 เส้น, 360 แรงม้า",วิ่งงานดินแดง,QUARRY-70-6819อย,,,2555-10-07T17:00:00.000Z,Active,quarry,truck,รถบรรทุก,,th,"ฝ่ายเหมืองฯ, กลางดง",thailand
นายปรมัตถ์  เตชาพิพัฒน์สกุล,"3 เพลา 6 ล้อ ยาง 10 เส้น, 380 แรงม้า",วิ่งงานดินแดง,QUARRY-71-9198สบ,,,2561-05-24T17:00:00.000Z,Active,quarry,truck,รถบรรทุก-รถร่วม,,th,"ฝ่ายเหมืองฯ, กลางดง",thailand
ฝ่ายเหมืองฯ,"ISUZU, NQR70LY52B กระบะบรรทุก 4 สูบ 107 แรงม้า",บรรทุก 6 ล้อ,QUARRY-83-9734สบ,,,n-a,Active,quarry,truck,รถบรรทุกบรษัท-จดทะเบียนขนส่ง,,th,บรรทุก 6 ล้อ,thailand
ฝ่ายเหมืองฯ,"HINO, FM2PNPD บรรทุกของเหลว 6 สูบ 314 แรงม้า",รถน้ำมัน,QUARRY-83-8267สบ,,,n-a,Active,quarry,truck,รถบรรทุกบรษัท-จดทะเบียนขนส่ง,,th,รถน้ำมัน,thailand
สแปร์,YATONG MT60,เครื่องจักรพื้นที่เหมืองเชล,QUARRY-MT-20,,G315-0496,n-a,Active,quarry,truck,รถบรรทุก,,th,Quarry,thailand
นางสาวปรารถนา สวนจันทร์,LGMG MT50,เครื่องจักรพื้นที่เหมืองเชล,QUARRY-MT-35,,R071-3116,n-a,Active,quarry,truck,รถบรรทุก,,th,Quarry,thailand
นายพิน นาหมื่นไวย์,LGMG MT50,เครื่องจักรพื้นที่เหมืองเชล,QUARRY-MT-28,,K072-5054,n-a,Active,quarry,truck,รถบรรทุก,,th,Quarry,thailand
นางสาวธนาภรณ์ ออกสันเทียะ,LGMG MT50,เครื่องจักรพื้นที่เหมืองเชล,QUARRY-MT-36,,R071-3117,n-a,Active,quarry,truck,รถบรรทุก,,th,Quarry,thailand
นายสราวุธ  ผดุงแดนไทย,LGMG MT50,เครื่องจักรพื้นที่เหมืองเชล,QUARRY-MT-40,,R071-3128,n-a,Active,quarry,truck,รถบรรทุก,,th,Quarry,thailand
นายวัฒนา   สุทธิเรือง,VOLVO FM1264T32380DLS,เครื่องจักรพื้นที่เหมืองเชล,QUARRY-T-01,,"ปท83-5374,ปท83-5609",n-a,Active,quarry,truck,รถเทรลเลอร์,,th,Quarry,thailand
นายปรัชญา  บรรจโรจน์,"3 เพลา 6 ล้อ ยาง 10 เส้น, 344 แรงม้า",วิ่งงานดินแดง,QUARRY-72-6350สบ,,,2565-06-15T17:00:00.000Z,Active,quarry,truck,รถบรรทุก-รถร่วม,,th,"ฝ่ายเหมืองฯ, กลางดง",thailand
ฝ่ายเหมืองฯ,"HINO, FG8JPLA กระบะบรรทุก 6 สูบ 212 แรงม้า",กระบะบรรทุก 6 ล้อติดเครน,QUARRY-85-5381สบ,,,n-a,Active,quarry,truck,รถบรรทุกบรษัท-จดทะเบียนขนส่ง,,th,กระบะบรรทุก 6 ล้อติดเครน,thailand
นายราเชน วงค์ษา,LGMG MT50,เครื่องจักรพื้นที่เหมืองเชล,QUARRY-MT-32,,N071-3044,n-a,Active,quarry,truck,รถบรรทุก,,th,Quarry,thailand
ภูมิ  ก้อนเพชร,"4 เพลา 8 ล้อ ยาง 12 เส้น, 360 แรงม้า",วิ่งงานดินแดง,QUARRY-70-4389อย,,,2553-04-07T17:00:00.000Z,Active,quarry,truck,รถบรรทุก,,th,"ฝ่ายเหมืองฯ, กลางดง",thailand
เวทชัยยัน ชูพินิจ,"3 เพลา 6 ล้อ ยาง 10 เส้น, 360 แรงม้า",วิ่งงานดินแดง,QUARRY-70-8067สบ,,,2553-04-27T17:00:00.000Z,Active,quarry,truck,รถบรรทุก,,th,"ฝ่ายเหมืองฯ, กลางดง",thailand
ภูมิศิริ  จุปะมัตตัง,"4 เพลา 6 ล้อ ยาง 10 เส้น, 360 แรงม้า",วิ่งงานดินแดง,QUARRY-70-8069สบ,,,2553-04-27T17:00:00.000Z,Active,quarry,truck,รถบรรทุก,,th,"ฝ่ายเหมืองฯ, กลางดง",thailand
ฝ่ายเหมืองฯ,"ISUZU, FTR33M2 กระบะบรรทุก 6 สูบ 200 แรงม้า",6 ล้อติดเครน,QUARRY-83-7897สบ,,,n-a,Active,quarry,truck,รถบรรทุกบรษัท-จดทะเบียนขนส่ง,,th,6 ล้อติดเครน,thailand
นางสาวเสาวณีย์ กกกลาง,LGMG MT50,เครื่องจักรพื้นที่เหมืองเชล,QUARRY-MT-29,,K072-5039,n-a,Active,quarry,truck,รถบรรทุก,,th,Quarry,thailand
นายพิเชษ  ปัญญา,LGMG MT50,เครื่องจักรพื้นที่เหมืองเชล,QUARRY-MT-33,,N071-3036,n-a,Active,quarry,truck,รถบรรทุก,,th,Quarry,thailand
นายบรรดาศักดิ์ จะเพียราช,-,,1ตณ-9255,,,,,support,frontend,Frontend,,th,INSEE B.Grimm Solar Project,thailand
นายวัชราวุฑ ยาต่อ,-,,ตค9375อต,,,,,support,frontend,Frontend,,th,รถประจำบริษัท,thailand
-,"รถแทรกเตอร์, กทม, สีส้ม , KUBOTA",,ITE-Backho-1ตน8199,,,,,support,frontend,Backho,,th,Solar Project,thailand
นายอาทิตย์ ราศา,ทะเบียนพ่วง:กท.64-4465,SRB,กท64-4453,บริษัท พารุ่งโลจิสติกส์ จำกัด,,,,support,truck,Truck,,th,รถประจำบริษัท,thailand
นายอนุรักษ์ จนั ทร์พิทกั ษ์,ทะเบียนพ่วง:กท.64-4462,SRB,กท64-4451,บริษัท พารุ่งโลจิสติกส์ จำกัด,,,,support,truck,Truck,,th,รถประจำบริษัท,thailand
นายธวชั ชยั ภูมิ่งแกว้,ทะเบียนพ่วง:กท.64-4469,SRB,กท64-4458,บริษัท พารุ่งโลจิสติกส์ จำกัด,,,,support,truck,Truck,,th,รถประจำบริษัท,thailand
นายสมปอง ภูมิ่งแกว้,ทะเบียนพ่วง:กท.64-4504,SRB,กท64-4498,บริษัท พารุ่งโลจิสติกส์ จำกัด,,,,support,truck,Truck,,th,รถประจำบริษัท,thailand
นายดอกรัก พิมพะ,ทะเบียนพ่วง:กท.64-4505,SRB,กท64-4500,บริษัท พารุ่งโลจิสติกส์ จำกัด,,,,support,truck,Truck,,th,รถประจำบริษัท,thailand
นายสราวธุ สาแกว้,ทะเบียนพ่วง:กท.64-4503,SRB,กท64-4497,บริษัท พารุ่งโลจิสติกส์ จำกัด,,,,support,truck,Truck,,th,รถประจำบริษัท,thailand
นายสุทธิศกั ด์ ิ ชูศรี,ทะเบียนพ่วง:กท.64-4461,SRB,กท64-4450,บริษัท พารุ่งโลจิสติกส์ จำกัด,,,,support,truck,Truck,,th,รถประจำบริษัท,thailand
นายเสวียน สงั ภกั ดี,ทะเบียนพ่วง:กท.64-4463,SRB,กท64-4452,บริษัท พารุ่งโลจิสติกส์ จำกัด,,,,support,truck,Truck,,th,รถประจำบริษัท,thailand
นายประดิษฐ จนั โทสี,ทะเบียนพ่วง:กท.64-4468,SRB,กท64-4457,บริษัท พารุ่งโลจิสติกส์ จำกัด,,,,support,truck,Truck,,th,รถประจำบริษัท,thailand
นายอทิศกั ด์ ิ แกว้ สวา่ งโลก,ทะเบียนพ่วง:กท.64-4470,SRB,กท64-4460,บริษัท พารุ่งโลจิสติกส์ จำกัด,,,,support,truck,Truck,,th,รถประจำบริษัท,thailand
นายเรื องเดช ฤทธิเดช,ทะเบียนพ่วง:กท.64-4466,SRB,กท64-4454,บริษัท พารุ่งโลจิสติกส์ จำกัด,,,,support,truck,Truck,,th,รถประจำบริษัท,thailand
นายศุภสิทธ์ ิ ชูศรี,ทะเบียนพ่วง:กท.64-4471,SRB,กท64-4459,บริษัท พารุ่งโลจิสติกส์ จำกัด,,,,support,truck,Truck,,th,รถประจำบริษัท,thailand
นายจกั รวาล ศกั ศรี พนั ธุ์,ทะเบียนพ่วง:กท.64-4502,SRB,กท64-4496,บริษัท พารุ่งโลจิสติกส์ จำกัด,,,,support,truck,Truck,,th,รถประจำบริษัท,thailand
นายกฤษดาร์ แลกปั่น,ทะเบียนพ่วง:กท.64-4467,SRB,กท64-4456,บริษัท พารุ่งโลจิสติกส์ จำกัด,,,,support,truck,Truck,,th,รถประจำบริษัท,thailand
นายวลั ยร์ ัชน์ ศรี รักษ์,ทะเบียนพ่วง:กท.64-4501,SRB,กท64-4495,บริษัท พารุ่งโลจิสติกส์ จำกัด,,,,support,truck,Truck,,th,รถประจำบริษัท,thailand
นายพรชยั กล้าหาญ,,SRB,นภ70-1126,บริษัท พารุ่งโลจิสติกส์ จำกัด,,,,support,truck,Truck,,th,รถร่วม,thailand
นายธนศักดิ์ ป้องกนั,,SRB,ลพ83-0091,บริษัท พารุ่งโลจิสติกส์ จำกัด,,,,support,truck,Truck,,th,รถร่วม,thailand
นายทวีชยั สิทธิภา,,SRB,นม89-5954,บริษัท พารุ่งโลจิสติกส์ จำกัด,,,,support,truck,Truck,,th,รถร่วม,thailand
นายมนสั เดชสาโรง,,SRB,นม90-5765,บริษัท พารุ่งโลจิสติกส์ จำกัด,,,,support,truck,Truck,,th,รถร่วม,thailand
นายมอง แก่นเกล้ียง,,SRB,พช82-5660,บริษัท พารุ่งโลจิสติกส์ จำกัด,,,,support,truck,Truck,,th,รถร่วม,thailand
นายพรรษา ศรี กงพาน,,SRB,พช82-6570,บริษัท พารุ่งโลจิสติกส์ จำกัด,,,,support,truck,Truck,,th,รถร่วม,thailand
นายเชาว์ พระรามเงิน,,SRB,พช82-8378,บริษัท พารุ่งโลจิสติกส์ จำกัด,,,,support,truck,Truck,,th,รถร่วม,thailand
นายธรรศ โชคมหาชัย,,SRB,ลพ82-9993,บริษัท พารุ่งโลจิสติกส์ จำกัด,,,,support,truck,Truck,,th,รถร่วม,thailand
นายณรงค์ชัย บัวเดช,,SRB,นม90-7899,บริษัท พารุ่งโลจิสติกส์ จำกัด,,,,support,truck,Truck,,th,รถประจำบริษัท,thailand
ผู้ขับขี่ที่ 1 นายประมวล เชิดมะเลิง ผู้ขับขี่ที่ 2 นายทศพล พลอยสุขสัย,,SRB,นม88-8855,บริษัท พารุ่งโลจิสติกส์ จำกัด,,,,support,truck,Truck,,th,รถประจำบริษัท,thailand
นายปิยะพันธ์ ติงสะ,,SRB,อบ84-2519,บริษัท พารุ่งโลจิสติกส์ จำกัด,,,,support,truck,Truck,,th,รถประจำบริษัท,thailand
ผู้ขับขี่ที่ 1 นายพาณิชย์ สิทธิภา ผู้ขับขี่ที่ 2 นายทวีชัย สิทธิภา,,SRB,สบ72-9482,บริษัท พารุ่งโลจิสติกส์ จำกัด,,,,support,truck,Truck,,th,รถประจำบริษัท,thailand
นายวุฒิพงศ์ วงศ์คำ,,SRB,สร81-6138,บริษัท พารุ่งโลจิสติกส์ จำกัด,,,,support,truck,Truck,,th,รถร่วม,thailand
นายศราวุธ อิ่นสา,,SRB,สบ72-0874,บริษัท พารุ่งโลจิสติกส์ จำกัด,,,,support,truck,Truck,,th,รถร่วม,thailand
นายปัญญา สินรัมภ์,,SRB,สบ72-0741,บริษัท พารุ่งโลจิสติกส์ จำกัด,,,,support,truck,Truck,,th,รถร่วม,thailand
นายสุทศั น์ วงคค์ าจนั ทร์,,SRB,นภ70-1162,บริษัท พารุ่งโลจิสติกส์ จำกัด,,,,support,truck,Truck,,th,รถร่วม,thailand
นายจักรยุทธ ม่งส่าง,,SRB,สบ85-6790,หจก. ลุนถวิล เอ็นจิเนียริ่ง,,,,support,truck,Truck,,th,รถประจำบริษัท,thailand
นาย อดิศร โผจตุรัส,,SRB,สบ87-4230,หจก. ลุนถวิล เอ็นจิเนียริ่ง,,,,support,truck,Truck,,th,รถประจำบริษัท,thailand
"นายณัฐพล อ้นชฏา, นายธีรพงษ์ ป้มศิลา, นายนันทวัฒน์ สุวรรณดี",,SRB,สบ73-0330,หจก. ลุนถวิล เอ็นจิเนียริ่ง,,,,support,truck,Truck,,th,รถประจำบริษัท,thailand
"นายทวีพร โพธิ์ศรีทอง, นายจักรยุทธ ม่งส่าง",,SRB,สบ73-0304,หจก. ลุนถวิล เอ็นจิเนียริ่ง,,,,support,truck,Truck,,th,รถประจำบริษัท,thailand
นายศิฏิภูรัฐ ช่อจอหอ,,SRB,สบ73-0576,หจก. ลุนถวิล เอ็นจิเนียริ่ง,,,,support,truck,Truck,,th,รถประจำบริษัท,thailand
นายปัญญา สนธิเณร,,SRB,สบ73-0716,หจก. ลุนถวิล เอ็นจิเนียริ่ง,,,,support,truck,Truck,,th,รถประจำบริษัท,thailand
นายอภิชาติ สมดีตี,,SRB,สบ87-9713,หจก. ลุนถวิล เอ็นจิเนียริ่ง,,,,support,truck,Truck,,th,รถประจำบริษัท,thailand
"นายสุวิทย์ ช่างเรือง, นายณัฐกิจ แถลงกัน",,SRB,สบ87-9672,หจก. ลุนถวิล เอ็นจิเนียริ่ง,,,,support,truck,Truck,,th,รถประจำบริษัท,thailand
นายวรพต งามทอง,,SRB,สบ73-0324,หจก. ลุนถวิล เอ็นจิเนียริ่ง,,,,support,truck,Truck,,th,รถประจำบริษัท,thailand
"นายณัฐพล อ้นชฏา,นายธีรพงษ์ ป้มศิลา, นายนันทวัฒน์ สุวรรณดี",,SRB,สบ73-0577,หจก. ลุนถวิล เอ็นจิเนียริ่ง,,,,support,truck,Truck,,th,รถประจำบริษัท,thailand
นายไพโรจน์ สุวรรณรัตน์,,SRB,นฐ72-1354,หจก. ลุนถวิล เอ็นจิเนียริ่ง,,,,support,truck,Truck,,th,รถประจำบริษัท,thailand
"นายวันชัย ศิริชน, นายปิยะพันธ์ ตังสะ, นายอนุชา ศิริชน",,SRB,สบ84-2519,หจก. ลุนถวิล เอ็นจิเนียริ่ง,,,,support,truck,Truck,,th,รถประจำบริษัท,thailand
"นายวันชัย ศิริชน, นายปิยะพันธ์ ตังสะ, นายอนุชา ศิริชน",,SRB,อบ84-2998,หจก. ลุนถวิล เอ็นจิเนียริ่ง,,,,support,truck,Truck,,th,รถประจำบริษัท,thailand
"นายจักรยุทธ ม่งส่าง, นายทวีพร โพธิ์ศรีทอง",,SRB,สบ88-0069,หจก. ลุนถวิล เอ็นจิเนียริ่ง,,,,support,truck,Truck,,th,รถประจำบริษัท,thailand
นายอาทิตย์ ราศา,ทะเบียนพ่วง:กท.64-4465,SRB,SUPPORT-กท64-4453,,,,,support,truckall,Truck,,th,รถประจำบริษัท,thailand
นายอนุรักษ์ จนั ทร์พิทกั ษ์,ทะเบียนพ่วง:กท.64-4462,SRB,SUPPORT-กท64-4451,,,,,support,truckall,Truck,,th,รถประจำบริษัท,thailand
นายธวชั ชยั ภูมิ่งแกว้,ทะเบียนพ่วง:กท.64-4469,SRB,SUPPORT-กท64-4458,,,,,support,truckall,Truck,,th,รถประจำบริษัท,thailand
นายสมปอง ภูมิ่งแกว้,ทะเบียนพ่วง:กท.64-4504,SRB,SUPPORT-กท64-4498,,,,,support,truckall,Truck,,th,รถประจำบริษัท,thailand
นายดอกรัก พิมพะ,ทะเบียนพ่วง:กท.64-4505,SRB,SUPPORT-กท64-4500,,,,,support,truckall,Truck,,th,รถประจำบริษัท,thailand
นายสราวธุ สาแกว้,ทะเบียนพ่วง:กท.64-4503,SRB,SUPPORT-กท64-4497,,,,,support,truckall,Truck,,th,รถประจำบริษัท,thailand
นายสุทธิศกั ด์ ิ ชูศรี,ทะเบียนพ่วง:กท.64-4461,SRB,SUPPORT-กท64-4450,,,,,support,truckall,Truck,,th,รถประจำบริษัท,thailand
นายเสวียน สงั ภกั ดี,ทะเบียนพ่วง:กท.64-4463,SRB,SUPPORT-กท64-4452,,,,,support,truckall,Truck,,th,รถประจำบริษัท,thailand
นายประดิษฐ จนั โทสี,ทะเบียนพ่วง:กท.64-4468,SRB,SUPPORT-กท64-4457,,,,,support,truckall,Truck,,th,รถประจำบริษัท,thailand
นายอทิศกั ด์ ิ แกว้ สวา่ งโลก,ทะเบียนพ่วง:กท.64-4470,SRB,SUPPORT-กท64-4460,,,,,support,truckall,Truck,,th,รถประจำบริษัท,thailand
นายเรื องเดช ฤทธิเดช,ทะเบียนพ่วง:กท.64-4466,SRB,SUPPORT-กท64-4454,,,,,support,truckall,Truck,,th,รถประจำบริษัท,thailand
นายศุภสิทธ์ ิ ชูศรี,ทะเบียนพ่วง:กท.64-4471,SRB,SUPPORT-กท64-4459,,,,,support,truckall,Truck,,th,รถประจำบริษัท,thailand
นายจกั รวาล ศกั ศรี พนั ธุ์,ทะเบียนพ่วง:กท.64-4502,SRB,SUPPORT-กท64-4496,,,,,support,truckall,Truck,,th,รถประจำบริษัท,thailand
นายกฤษดาร์ แลกปั่น,ทะเบียนพ่วง:กท.64-4467,SRB,SUPPORT-กท64-4456,,,,,support,truckall,Truck,,th,รถประจำบริษัท,thailand
นายวลั ยร์ ัชน์ ศรี รักษ์,ทะเบียนพ่วง:กท.64-4501,SRB,SUPPORT-กท64-4495,,,,,support,truckall,Truck,,th,รถประจำบริษัท,thailand
นายพรชยั กล้าหาญ,,SRB,SUPPORT-นภ70-1126,,,,,support,truckall,Truck,,th,รถร่วม,thailand
นายธนศักดิ์ ป้องกนั,,SRB,SUPPORT-ลพ83-0091,,,,,support,truckall,Truck,,th,รถร่วม,thailand
นายทวีชยั สิทธิภา,,SRB,SUPPORT-นม89-5954,,,,,support,truckall,Truck,,th,รถร่วม,thailand
นายมนสั เดชสาโรง,,SRB,SUPPORT-นม90-5765,,,,,support,truckall,Truck,,th,รถร่วม,thailand
นายมอง แก่นเกล้ียง,,SRB,SUPPORT-พช82-5660,,,,,support,truckall,Truck,,th,รถร่วม,thailand
นายพรรษา ศรี กงพาน,,SRB,SUPPORT-พช82-6570,,,,,support,truckall,Truck,,th,รถร่วม,thailand
นายเชาว์ พระรามเงิน,,SRB,SUPPORT-พช82-8378,,,,,support,truckall,Truck,,th,รถร่วม,thailand
นายธรรศ โชคมหาชัย,,SRB,SUPPORT-ลพ82-9993,,,,,support,truckall,Truck,,th,รถร่วม,thailand
นายณรงค์ชัย บัวเดช,,SRB,SUPPORT-นม90-7899,,,,,support,truckall,Truck,,th,รถประจำบริษัท,thailand
ผู้ขับขี่ที่ 1 นายประมวล เชิดมะเลิง ผู้ขับขี่ที่ 2 นายทศพล พลอยสุขสัย,,SRB,SUPPORT-นม88-8855,,,,,support,truckall,Truck,,th,รถประจำบริษัท,thailand
นายปิยะพันธ์ ติงสะ,,SRB,SUPPORT-อบ84-2519,,,,,support,truckall,Truck,,th,รถประจำบริษัท,thailand
ผู้ขับขี่ที่ 1 นายพาณิชย์ สิทธิภา ผู้ขับขี่ที่ 2 นายทวีชัย สิทธิภา,,SRB,SUPPORT-สบ72-9482,,,,,support,truckall,Truck,,th,รถประจำบริษัท,thailand
นายวุฒิพงศ์ วงศ์คำ,,SRB,SUPPORT-สร81-6138,,,,,support,truckall,Truck,,th,รถร่วม,thailand
นายศราวุธ อิ่นสา,,SRB,SUPPORT-สบ72-0874,,,,,support,truckall,Truck,,th,รถร่วม,thailand
นายปัญญา สินรัมภ์,,SRB,SUPPORT-สบ72-0741,,,,,support,truckall,Truck,,th,รถร่วม,thailand
นายสุทศั น์ วงคค์ าจนั ทร์,,SRB,SUPPORT-นภ70-1162,,,,,support,truckall,Truck,,th,รถร่วม,thailand
นายจักรยุทธ ม่งส่าง,,SRB,SUPPORT-สบ85-6790,,,,,support,truckall,Truck,,th,รถประจำบริษัท,thailand
นาย อดิศร โผจตุรัส,,SRB,SUPPORT-สบ87-4230,,,,,support,truckall,Truck,,th,รถประจำบริษัท,thailand
"นายณัฐพล อ้นชฏา, นายธีรพงษ์ ป้มศิลา, นายนันทวัฒน์ สุวรรณดี",,SRB,SUPPORT-สบ73-0330,,,,,support,truckall,Truck,,th,รถประจำบริษัท,thailand
"นายทวีพร โพธิ์ศรีทอง, นายจักรยุทธ ม่งส่าง",,SRB,SUPPORT-สบ73-0304,,,,,support,truckall,Truck,,th,รถประจำบริษัท,thailand
นายศิฏิภูรัฐ ช่อจอหอ,,SRB,SUPPORT-สบ73-0576,,,,,support,truckall,Truck,,th,รถประจำบริษัท,thailand
นายปัญญา สนธิเณร,,SRB,SUPPORT-สบ73-0716,,,,,support,truckall,Truck,,th,รถประจำบริษัท,thailand
นายอภิชาติ สมดีตี,,SRB,SUPPORT-สบ87-9713,,,,,support,truckall,Truck,,th,รถประจำบริษัท,thailand
"นายสุวิทย์ ช่างเรือง, นายณัฐกิจ แถลงกัน",,SRB,SUPPORT-สบ87-9672,,,,,support,truckall,Truck,,th,รถประจำบริษัท,thailand
นายวรพต งามทอง,,SRB,SUPPORT-สบ73-0324,,,,,support,truckall,Truck,,th,รถประจำบริษัท,thailand
"นายณัฐพล อ้นชฏา,นายธีรพงษ์ ป้มศิลา, นายนันทวัฒน์ สุวรรณดี",,SRB,SUPPORT-สบ73-0577,,,,,support,truckall,Truck,,th,รถประจำบริษัท,thailand
นายไพโรจน์ สุวรรณรัตน์,,SRB,SUPPORT-นฐ72-1354,,,,,support,truckall,Truck,,th,รถประจำบริษัท,thailand
"นายวันชัย ศิริชน, นายปิยะพันธ์ ตังสะ, นายอนุชา ศิริชน",,SRB,SUPPORT-สบ84-2519,,,,,support,truckall,Truck,,th,รถประจำบริษัท,thailand
"นายวันชัย ศิริชน, นายปิยะพันธ์ ตังสะ, นายอนุชา ศิริชน",,SRB,SUPPORT-อบ84-2998,,,,,support,truckall,Truck,,th,รถประจำบริษัท,thailand
"นายจักรยุทธ ม่งส่าง, นายทวีพร โพธิ์ศรีทอง",,SRB,SUPPORT-สบ88-0069,,,,,support,truckall,Truck,,th,รถประจำบริษัท,thailand
,YAMAHA,PlantLogisticsCementPacking,1กด3983สบ,นายคทาวุธเกียรติกำจร,MLEUE229111317648,,,support,motorbike,รถมอเตอร์ไซต์,,th,,thailand
,YAMAHA,CentralMaintenanceandReliability,1กก40สบ,นายนัสตภรณ์เกตุเผือก,RLCUE052111037123,,,support,motorbike,รถมอเตอร์ไซต์,,th,,thailand
,HONDA,PlantLogisticsOperationControl,1กค5816สบ,นายวุฒิพงศ์ดุจจานุทัศน์,MLHJA1447D5197503,,,support,motorbike,รถมอเตอร์ไซต์,,th,,thailand
,HONDA,GroupManagement,ขธม803สบ,นายวรานนท์ยาแก้ว,MLHJA1423C5265678,,,support,motorbike,รถมอเตอร์ไซต์,,th,,thailand
,YAMAHA,SRBOperations,1กก37สบ,นายทวีศักดิ์ภรามร,RLCUE052111049413,,,support,motorbike,รถมอเตอร์ไซต์,,th,,thailand
,HONDA,GroupManagement,ขกร688สบ,นายชัยพงษ์บุญส่ง,NF125MP0077645,,,support,motorbike,รถมอเตอร์ไซต์,,th,,thailand
,HONDA,CategoryManagement(Equipment&Spares),ขคม915สบ,ว่าที่ร.ต.ปกรณ์ถาวรเกษตร,NF125MP0082213,,,support,motorbike,รถมอเตอร์ไซต์,,th,,thailand
,HONDA,ความปลอดภัยและอาชีวอนามัย,1กช3092สบ,นายสมคิดกาญจนพิทักษ์,MLHJA1420H5322071,,,support,motorbike,รถมอเตอร์ไซต์,,th,,thailand
,HONDA,PlantLogisticsOperationControl,1กจ4673สบ,นายอนันต์โพธิพุฒ,MLHJA144XF5739180,,,support,motorbike,รถมอเตอร์ไซต์,,th,,thailand
,HONDA,คุณภาพและพัฒนาผลิตภัณฑ์,ขตน820สบ,นายสุทธิพงษ์ใกล้ชิด,NS110S0043642,,,support,motorbike,รถมอเตอร์ไซต์,,th,,thailand
,YAMAHA,PlantLogisticsOperationControl,1กง7362สบ,นายณรงค์เดชจันดวงตา,RLCUE052111110740,,,support,motorbike,รถมอเตอร์ไซต์,,th,,thailand
,HONDA,CentralMaintenanceandReliability,1กฆ913สบ,นางสาวประพิมพ์พรดวงคำจันทร์,MLHJA212XD5073153,,,support,motorbike,รถมอเตอร์ไซต์,,th,,thailand
,HONDA,GroupManagement,1กต9723สบ,นายโสภณบุญศิลป์,MLHJA1449K5691326,,,support,motorbike,รถมอเตอร์ไซต์,,th,,thailand
,HONDA,CentralMaintenanceandReliability,ขตท302สบ,นางสาวประพิมพ์พรดวงคำจันทร์,NF110TM0074877,,,support,motorbike,รถมอเตอร์ไซต์,,th,,thailand
,HONDA,คุณภาพและพัฒนาผลิตภัณฑ์,ขตท303สบ,นายณัฐวุฒิกองม่วง,NF110TM0166631,,,support,motorbike,รถมอเตอร์ไซต์,,th,,thailand
,HONDA,CentralMaintenanceandReliability,ขตท304สบ,นายนัสตภรณ์เกตุเผือก,NF125PT0034869,,,support,motorbike,รถมอเตอร์ไซต์,,th,,thailand
,HONDA,CategoryManagement(Equipment&Spares),ขคม917สบ,นายชัยพฤกษ์เทียนกระจ่าง,NF100R0687891,,,support,motorbike,รถมอเตอร์ไซต์,,th,,thailand
,KAWASAKI,GroupManagement,ขกร691สบ,นายกิตติพลมูลขุนทศ,KH125MA26619,,,support,motorbike,รถมอเตอร์ไซต์,,th,,thailand
,HONDA,CentralMaintenanceandReliability,ขตธ684สบ,นายสมชายฉลูพันธ์,NF125TM0116001,,,support,motorbike,รถมอเตอร์ไซต์,,th,,thailand
,HONDA,อินทรีมอร์ตาร์,1กข9243สบ,นายนนท์ฐวัจน์โชติปิติวรกุล,MLHJA2126D5076326,,,support,motorbike,รถมอเตอร์ไซต์,,th,,thailand
,HONDA,GroupManagement,กษว514สบ,นายกิติพงษ์พรหมสุคนธ์,NF125P0158809,,,support,motorbike,รถมอเตอร์ไซต์,,th,,thailand
,HONDA,CategoryManagement(Equipment&Spares),ขคม920สบ,นายชัยพฤกษ์เทียนกระจ่าง,NF125PS0049888,,,support,motorbike,รถมอเตอร์ไซต์,,th,,thailand
,HONDA,GroupManagement,ขกร687สบ,นายลือชัยแกล้วกล้า,NF125MP0079122,,,support,motorbike,รถมอเตอร์ไซต์,,th,,thailand
,HONDA,GroupManagement,ขกร705สบ,นายดิเรกศรีหะไกร,NF125MP0079488,,,support,motorbike,รถมอเตอร์ไซต์,,th,,thailand
,HONDA,Operations-WasteManagement,ขคม914สบ,นายวิทยาเมนทะระ,NF100MR0045032,,,support,motorbike,รถมอเตอร์ไซต์,,th,,thailand
,HONDA,PlantLogisticsOperationControl,1กช9349สบ,นายประดิษฐ์ด้วงทอง,MLHJF381XD5136885,,,support,motorbike,รถมอเตอร์ไซต์,,th,,thailand
,HONDA,PlantLogisticsOperationControl,1กฌ8779สบ,นายพัลลภพวงภู่,MLHJA1446H5939363,,,support,motorbike,รถมอเตอร์ไซต์,,th,,thailand
,YAMAHA,PlantLogistics,1กง621สบ,นายมงคลฤทธิ์ชลศาลาสินธุ์,RLCUE052111107680,,,support,motorbike,รถมอเตอร์ไซต์,,th,,thailand
,YAMAHA,CentralMaintenanceandReliability,1กฆ6334สบ,นายมงคลคำปัญญา,RLCUE052111096683,,,support,motorbike,รถมอเตอร์ไซต์,,th,,thailand
,HONDA,BusinessPartner-SaraburiOperations&LabourRelations,ขขร305สบ,นายวสุพลจันทร์กระจ่าง,NF100R0581761,,,support,motorbike,รถมอเตอร์ไซต์,,th,,thailand
,HONDA,GroupManagement,ขขร310สบ,นางสาวปนัดดาวัชรพาณิชย์,NF125MP0079690,,,support,motorbike,รถมอเตอร์ไซต์,,th,,thailand
,HONDA,PlantLogistics,ขจก753สบ,นายอุทิศไชยรัตน์,NF125TT0031765,,,support,motorbike,รถมอเตอร์ไซต์,,th,,thailand
,HONDA,PlantLogisticsOperationControl,1กช8062สบ,น.ส.นิตยาวงศ์ปัญโญ,MLEUE221111006500,,,support,motorbike,รถมอเตอร์ไซต์,,th,,thailand
,HONDA,SVPSaraburiOperations,1กง3706สบ,นายทวีศักดิ์ภรามร,MLHJF3513F5210879,,,support,motorbike,รถมอเตอร์ไซต์,,th,,thailand
,HONDA,Operations-WasteManagement,ขขร302สบ,นายลัญฉกรจูมอญ,NF125MP0075222,,,support,motorbike,รถมอเตอร์ไซต์,,th,,thailand
,HONDA,ความปลอดภัยและอาชีวอนามัย,ขตน813สบ,นายศุภชาติกุลรัตน์,NF125MC0242750,,,support,motorbike,รถมอเตอร์ไซต์,,th,,thailand
,HONDA,GroupManagement,ขขร299สบ,นางสาวปนัดดาวัชรพาณิชย์,NF125MP0068762,,,support,motorbike,รถมอเตอร์ไซต์,,th,,thailand
,HONDA,ชุมชนสัมพันธ์,ขตว232สบ,นางสาวอรนุชราวีศรี,NS110S0072208,,,support,motorbike,รถมอเตอร์ไซต์,,th,,thailand
,HONDA,CategoryManagement(Equipment&Spares),1กฆ6333สบ,นายพนธ์จันทร์ผล,MLHJA1441E5603325,,,support,motorbike,รถมอเตอร์ไซต์,,th,,thailand
,YAMAHA,CentralMaintenanceandReliability,1กก33สบ,นายจตุรงค์โพธิ์กลิ่น,RLCUE052111035806,,,support,motorbike,รถมอเตอร์ไซต์,,th,,thailand
,YAMAHA,PlantLogisticsOperationControl,1กค6104สบ,นายชานนท์จันทร์ขวัญ,RLCUE052111087021,,,support,motorbike,รถมอเตอร์ไซต์,,th,,thailand
,YAMAHA,PlantLogisticsOperationControl,1กค6103สบ,นางแสงอุทัยปาอินทร์,RLCUE052111073122,,,support,motorbike,รถมอเตอร์ไซต์,,th,,thailand
,HONDA,PlantLogisticsOperationControl,1กจ4674สบ,นายพัลลภพวงภู่,MLHJA1446F5740083,,,support,motorbike,รถมอเตอร์ไซต์,,th,,thailand
,HONDA,CentralMaintenanceandReliability,1กข8505สบ,นายเชาวลิตรจำปาทอง,MLHJA1446E5513149,,,support,motorbike,รถมอเตอร์ไซต์,,th,,thailand
,HONDA,GroupManagement,ขธม802สบ,นายเอกลักษณ์จันทร์นุ่ม,MLHJA1428C5270911,,,support,motorbike,รถมอเตอร์ไซต์,,th,,thailand
,HONDA,GroupManagement,กษว497สบ,นายพิพัฒน์ลิ้มบรรเจิด,NF125P0210623,,,support,motorbike,รถมอเตอร์ไซต์,,th,,thailand
,HONDA,BusinessPartner-SaraburiOperations&LabourRelations,ขคม918สบ,นางอัมพรแก่นจันทา,NF100R0881281,,,support,motorbike,รถมอเตอร์ไซต์,,th,,thailand
,HONDA,CentralMaintenanceandReliability,ขตท301สบ,นายพลกฤตเรืองรัตน์,NF125C0115419,,,support,motorbike,รถมอเตอร์ไซต์,,th,,thailand
,HONDA,CentralMaintenanceandReliability,ขธม801สบ,นายพลกฤตเรืองรัตน์,MLHJA1429C5278046,,,support,motorbike,รถมอเตอร์ไซต์,,th,,thailand
,HONDA,OperationalComplianceDepartment,SUPPORT-1กช7918สบ,นางสาวนัฐฑณิษฏาศ์โชติธนโภคิน,MLHJA1426H5366219,,,support,motorbike,รถมอเตอร์ไซต์,,th,,thailand
,YAMAHA,"PlantLogisticsOperationControl,ผลิตถุง3",1กจ8241สบ,นายชัยรัตน์ชุมทอง,RLCUE052111110825,,,support,motorbike,รถมอเตอร์ไซต์,,th,,thailand
,YAMAHA,"PlantLogisticsCementPacking,บรรจุ3",1กช3488สบ,นายสุพจน์ชุมทอง,RLCUE181111001144,,,support,motorbike,รถมอเตอร์ไซต์,,th,,thailand
,SUZUKI,"PlantLogisticsCementPacking,บรรจุ3",ขนร270สบ,นายพีระบูรณะสุขรุ่งเรือง,MLCBE4DR000125648,,,support,motorbike,รถมอเตอร์ไซต์,,th,,thailand
,HONDA,"PlantLogisticsOperationControl,ผลิตถุง3",ขคม919สบ,นายปิ่นแก้วมูลพุ่มสาย,NF125TT0011690,,,support,motorbike,รถมอเตอร์ไซต์,,th,,thailand
,YAMAHA,"PlantLogisticsOperationControl,ผลิตถุง3",1กก36สบ,นายธนกาญจน์การีเพ็ชร์,RLCUE052111049992,,,support,motorbike,รถมอเตอร์ไซต์,,th,,thailand
,YAMAHA,"PlantLogisticsOperationControl,ผลิตถุง3",1กค6136สบ,นายคฑาวุธเกียนติกำจร,n/a,,,support,motorbike,รถมอเตอร์ไซต์,,th,,thailand
,"Operationalcar,TOYOTACommuterCommuter3.0D4DDiesel4x4",,1นจ1765,,,,Active,support,car,Rental Car,,th,,thailand
,"Jobcar,TOYOTAToyotaREVODouble Cab2WD2.4MIDA/TPRERUNNER (With RoofG3)(White)",,3ขน3757,,,,Active,support,car,Rental Car,,th,,thailand
,"Jobcar,TOYOTAToyotaREVODouble Cab2WD2.4MIDA/TPRERUNNER (With RoofG3)(White)",,3ขน3767,,,,Active,support,car,Rental Car,,th,,thailand
,"Operationalcar,REVOCCABToyotaREVOSmartCab2.4MID2WDM/TNoR",,3ฒศ4403,,,,Active,support,car,Rental Car,,th,,thailand
,"Operationalcar,REVOCCABToyotaREVODouble Cab2.4Mid PRERUNNER2WDA/T(NoRoof)",,4ขต1057,,,,Active,support,car,Rental Car,,th,,thailand
,ToyotaVan,,1นค9154,,,,Active,support,car,Contractor Car,,th,,thailand
,รถกะบะ,,3ฒร6531,,,,Active,support,car,Contractor Car,,th,,thailand
,รถตู้,,1นจ1746,,,,Active,support,car,Contractor Car,,th,,thailand
,รถตู้,,1นจ1745,,,,Active,support,car,Contractor Car,,th,,thailand
,รถตู้,,1นจ1744,,,,Active,support,car,Contractor Car,,th,,thailand
,รถตู้,,1นจ1743,,,,Active,support,car,Contractor Car,,th,,thailand
,รถกระบะ,,บว494,,,,Active,support,car,Contractor Car,,th,,thailand
,รถกะบะ,,4ขค7916,,,,Active,support,car,Contractor Car,,th,,thailand
,รถกะบะ,,4ขค7913,,,,Active,support,car,Contractor Car,,th,,thailand
,รถกะบะ,,4ขค7905,,,,Active,support,car,Contractor Car,,th,,thailand
,รถกะบะ,,4ขค7903,,,,Active,support,car,Contractor Car,,th,,thailand
,รถกะบะ,,4ขค7902,,,,Active,support,car,Contractor Car,,th,,thailand
,รถกะบะ,,4ขค7901,,,,Active,support,car,Contractor Car,,th,,thailand
,รถกะบะ,,4ขค7880,,,,Active,support,car,Contractor Car,,th,,thailand
,รถกะบะ,,4ขค7875,,,,Active,support,car,Contractor Car,,th,,thailand
,ToyotaVAN,,360277,,,,Active,support,car,Contractor Car,,th,,thailand
,ToyotaVAN,,360260,,,,Active,support,car,Contractor Car,,th,,thailand
,ToyotaVAN,,360188,,,,Active,support,car,Contractor Car,,th,,thailand
,ToyotaVAN,,360186,,,,Active,support,car,Contractor Car,,th,,thailand
,ToyotaVAN,,360174,,,,Active,support,car,Contractor Car,,th,,thailand
,ToyotaVAN,,360085,,,,Active,support,car,Contractor Car,,th,,thailand
,ToyotaVAN,,360072,,,,Active,support,car,Contractor Car,,th,,thailand
,ToyotaVAN,,360071,,,,Active,support,car,Contractor Car,,th,,thailand
,ToyotaVAN,,360052,,,,Active,support,car,Contractor Car,,th,,thailand
,ToyotaVAN,,นข5961,,,,Active,support,car,Contractor Car,,th,,thailand
,รถมินิบัส,,305809,,,,Active,support,car,Contractor Car,,th,,thailand
,รถบัส,,305789,,,,Active,support,car,Contractor Car,,th,,thailand
,รถบัส,,305788,,,,Active,support,car,Contractor Car,,th,,thailand
,รถบัส,,305787,,,,Active,support,car,Contractor Car,,th,,thailand
,รถบัส,,305786,,,,Active,support,car,Contractor Car,,th,,thailand
,รถบัส,,305785,,,,Active,support,car,Contractor Car,,th,,thailand
,รถบัส,,305784,,,,Active,support,car,Contractor Car,,th,,thailand
,รถบัส,,305783,,,,Active,support,car,Contractor Car,,th,,thailand
,รถบัส,,305782,,,,Active,support,car,Contractor Car,,th,,thailand
,รถบัส,,305781,,,,Active,support,car,Contractor Car,,th,,thailand
,"ISUZUสี:ขาว,กรุงเทพ",,1ฒข629,,,,Active,support,car,Contractor Car,,th,,thailand
,"ISUZUสี:ขาว,กรุงเทพ",,4กน3243,,,,Active,support,car,Contractor Car,,th,,thailand
,"ISUZUสี:เทา,กรุงเทพ",,ถษ1051,,,,Active,support,car,Contractor Car,,th,,thailand
,"ISUZUสี:ฟ้า,สระบุรี",,บบ5084,,,,Active,support,car,Contractor Car,,th,,thailand
,"TOYOTAสี:ขาว,สระบุรี",,บษ7264,,,,Active,support,car,Contractor Car,,th,,thailand
,"TOYOTAสี:เทา,สระบุรี",,บร3986,,,,Active,support,car,Contractor Car,,th,,thailand
,"ISUZUสี:น้ำเงิน,สระบุรี",,บล7004,,,,Active,support,car,Contractor Car,,th,,thailand
,"MITSUBISHIสี:ขาว,กรุงเทพ",,3ฒอ7915,,,,Active,support,car,Contractor Car,,th,,thailand
,"FORDสี:ขาว,สระบุรี",,กว9942,,,,Active,support,car,Contractor Car,,th,,thailand
,"TOYOTAสี:ขาว,สระบุรี",,บว7707,,,,Active,support,car,Contractor Car,,th,,thailand
,"MITSUBISHIสี:เทา,สระบุรี",,บห8078,,,,Active,support,car,Contractor Car,,th,,thailand
,"MITSUBISHIสี:เทา,สระบุรี",,บม4603,,,,Active,support,car,Contractor Car,,th,,thailand
,"MITSUBISHIสี:เทา,สระบุรี",,บม6573,,,,Active,support,car,Contractor Car,,th,,thailand
,"TOYOTAสี:เทา,สระบุรี",,บธ3641,,,,Active,support,car,Contractor Car,,th,,thailand
,"MITSUBISHIสี:ขาว,สระบุรี",,บย1752,,,,Active,support,car,Contractor Car,,th,,thailand
,"MITSUBISHIสี:เทา,สระบุรี",,บย473,,,,Active,support,car,Contractor Car,,th,,thailand
,"ISUZUสี:ขาว,กรุงเทพ",,2ฒฉ1095,,,,Active,support,car,Contractor Car,,th,,thailand
,"TOYOTAสี:เทา,สระบุรี",,บล96,,,,Active,support,car,Contractor Car,,th,,thailand
,"NISSANสี:ขาว,สระบุรี",,บค4614,,,,Active,support,car,Contractor Car,,th,,thailand
,"NISSANสี:เขียว,สระบุรี",,บท3186,,,,Active,support,car,Contractor Car,,th,,thailand
,"FORDสี:ส้ม,กรุงเทพ",,7กก8057,,,,Active,support,car,Contractor Car,,th,,thailand
,"TOYOTAสี:เทา,สระบุรี",,บธ9517,,,,Active,support,car,Contractor Car,,th,,thailand
,"TOYOTAสี:เทา,สระบุรี",,บร9868,,,,Active,support,car,Contractor Car,,th,,thailand
,"ISUZUสี:ดำ,สระบุรี",,บม555,,,,Active,support,car,Contractor Car,,th,,thailand
,"ISUZUสี:น้ำตาล,กรุงเทพ",,ณจ4158,,,,Active,support,car,Contractor Car,,th,,thailand
,"TOYOTAสี:ขาว,สระบุรี",,บจ7751,,,,Active,support,car,Contractor Car,,th,,thailand
,"ISUZUสี:ฟ้า,สระบุรี",,บร62,,,,Active,support,car,Contractor Car,,th,,thailand
,"NISSANสี:ขาว,สระบุรี",,บต5668,,,,Active,support,car,Contractor Car,,th,,thailand
,"TATAสี:ขาว,กรุงเทพ",,1ฒฌ3576,,,,Active,support,car,Contractor Car,,th,,thailand
,"TATAสี:ขาว,กรุงเทพ",,1ฒฎ1765,,,,Active,support,car,Contractor Car,,th,,thailand
,"MITSUBISHIสี:ขาว,กรุงเทพ",,ฒฉ4014,,,,Active,support,car,Contractor Car,,th,,thailand
,"FORDสี:เทา,สระบุรี",,บล7255,,,,Active,support,car,Contractor Car,,th,,thailand
,"ISUZUสี:ขาว,ลพบุรี",,บร5321,,,,Active,support,car,Contractor Car,,th,,thailand
,"ISUZUสี:ฟ้า,สระบุรี",,บร9496,,,,Active,support,car,Contractor Car,,th,,thailand
,"TOYOTAสี:เขียว,สระบุรี",,บท9907,,,,Active,support,car,Contractor Car,,th,,thailand
,"ISUZUสี:เทา,สระบุรี",,กจ4407,,,,Active,support,car,Contractor Car,,th,,thailand
,"ISUZUสี:เทา,สระบุรี",,บบ4179,,,,Active,support,car,Contractor Car,,th,,thailand
,"NISSANสี:แดง,สระบุรี",,บพ2467,,,,Active,support,car,Contractor Car,,th,,thailand
,"TOYOTAสี:เทา,กรุงเทพ",,ฒพ3641,,,,Active,support,car,Contractor Car,,th,,thailand
,"TOYOTAสี:เทา,สระบุรี",,บร6154,,,,Active,support,car,Contractor Car,,th,,thailand
,"TOYOTAสี:ขาว,กรุงเทพ",,1ฒย4998,,,,Active,support,car,Contractor Car,,th,,thailand
,"TOYOTAสี:เทา,กรุงเทพ",,ณพ6023,,,,Active,support,car,Contractor Car,,th,,thailand
,"SUZUKIสี:ขาว,สระบุรี",,บย6001,,,,Active,support,car,Contractor Car,,th,,thailand
,"TOYOTAสี:ขาว,กรุงเทพ",,2ฒฌ6819,,,,Active,support,car,Contractor Car,,th,,thailand
,"TOYOTAสี:ขาว,กรุงเทพ",,3ฒห1294,,,,Active,support,car,Contractor Car,,th,,thailand
,"TOYOTAสี:ขาว,กรุงเทพ",,3ฒภ2333,,,,Active,support,car,Contractor Car,,th,,thailand
,"TOYOTAสี:เทา,สระบุรี",,บว6802,,,,Active,support,car,Contractor Car,,th,,thailand
,"MITSUBISHIสี:ดำ,ลพบุรี",,บพ8928,,,,Active,support,car,Contractor Car,,th,,thailand
,"TOYOTAสี:เทา,พิษณุโลก",,บล7433,,,,Active,support,car,Contractor Car,,th,,thailand
,"ISUZUสี:น้ำตาล,สระบุรี",,บร1081,,,,Active,support,car,Contractor Car,,th,,thailand
,"TOYOTAสี:เทา,สระบุรี",,บว4510,,,,Active,support,car,Contractor Car,,th,,thailand
,"HINOสี:ขาว,สระบุรี",,บม999,,,,Active,support,car,Contractor Car,,th,,thailand
,"ISUZUสี:เทา,สระบุรี",,บม715,,,,Active,support,car,Contractor Car,,th,,thailand
,"NISSANสี:ขาว,สระบุรี",,บว1350,,,,Active,support,car,Contractor Car,,th,,thailand
,"NISSANสี:น้ำตาล,สระบุรี",,บว4667,,,,Active,support,car,Contractor Car,,th,,thailand
,"CHEVROLETสี:น้ำตาล,นครสวรรค์",,บษ8335,,,,Active,support,car,Contractor Car,,th,,thailand
,"FORDสี:ขาว,กรุงเทพ",,2ฒส8337,,,,Active,support,car,Contractor Car,,th,,thailand
,"TOYOTAสี:ขาว,เพชรบูรณ์",,บว6421,,,,Active,support,car,Contractor Car,,th,,thailand
,"TOYOTAสี:ขาว,สระบุรี",,กว229,,,,Active,support,car,Contractor Car,,th,,thailand
,"TOYOTAสี:เทา,พิษณุโลก",,กว1152,,,,Active,support,car,Contractor Car,,th,,thailand
,"ISUZUสี:เทา,สระบุรี",,บล3493,,,,Active,support,car,Contractor Car,,th,,thailand
,"NISSANสี:เทา,กรุงเทพ",,4กด3914,,,,Active,support,car,Contractor Car,,th,,thailand
,"TOYOTAสี:เทา,สระบุรี",,บบ2448,,,,Active,support,car,Contractor Car,,th,,thailand
,"ISUZUสี:เทา,สระบุรี",,กฉ5463,,,,Active,support,car,Contractor Car,,th,,thailand
,"TOYOTAสี:ขาว,สระบุรี",,กธ9593,,,,Active,support,car,Contractor Car,,th,,thailand
,"TOYOTAสี:ขาว,สระบุรี",,กพ5836,,,,Active,support,car,Contractor Car,,th,,thailand
,"TOYOTAสี:ขาว,กรุงเทพ",,2ฒณ2503,,,,Active,support,car,Contractor Car,,th,,thailand
,"TOYOTAสี:ขาว,กรุงเทพ",,2ฒง6700,,,,Active,support,car,Contractor Car,,th,,thailand
,"TOYOTAสี:เขียว,นครราชสีมา",,บล8389,,,,Active,support,car,Contractor Car,,th,,thailand
,"NISSANสี:ดำ,กรุงเทพ",,3ฒฐ6841,,,,Active,support,car,Contractor Car,,th,,thailand
,"TOYOTAสี:ขาว,กรุงเทพ",,3ฒณ5926,,,,Active,support,car,Contractor Car,,th,,thailand
,"ISUZUสี:ขาว,นครสวรรค์",,บพ5391,,,,Active,support,car,Contractor Car,,th,,thailand
,"NISSANสี:เทา,เพชรบูรณ์",,ผจ1629,,,,Active,support,car,Contractor Car,,th,,thailand
,"TOYOTAสี:เทา,พิษณุโลก",,ขก283,,,,Active,support,car,Contractor Car,,th,,thailand
,"TOYOTAสี:เทา,พิษณุโลก",,ผก7704,,,,Active,support,car,Contractor Car,,th,,thailand
,"FORDสี:ดำ,กรุงเทพ",,3ขย2657,,,,Active,support,car,Contractor Car,,th,,thailand
,"TOYOTAสี:ขาว,กรุงเทพ",,ฒษ7185,,,,Active,support,car,Contractor Car,,th,,thailand
,"ISUZUสี:น้ำตาล,สระบุรี",,บล6518,,,,Active,support,car,Contractor Car,,th,,thailand
,"TOYOTAสี:ขาว,กรุงเทพ",,3ฒส5236,,,,Active,support,car,Contractor Car,,th,,thailand
,"MAZDAสี:น้ำตาล,สระบุรี",,บห6850,,,,Active,support,car,Contractor Car,,th,,thailand
,"NISSANสี:น้ำตาล,สระบุรี",,บห6798,,,,Active,support,car,Contractor Car,,th,,thailand
,"NISSANสี:น้ำเงิน,ขอนแก่น",,บต9972,,,,Active,support,car,Contractor Car,,th,,thailand
,"ISUZUสี:เทา,พิษณุโลก",,กง182,,,,Active,support,car,Contractor Car,,th,,thailand
,"TOYOTAสี:เทา,กรุงเทพ",,3ฒพ6503,,,,Active,support,car,Contractor Car,,th,,thailand
,"TOYOTAสี:ขาว,สระบุรี",,บห7740,,,,Active,support,car,Contractor Car,,th,,thailand
,"TOYOTAสี:ขาว,กรุงเทพ",,3ฒภ8639,,,,Active,support,car,Contractor Car,,th,,thailand
,"TOYOTAสี:ขาว,อุดรธานี",,ผท7425,,,,Active,support,car,Contractor Car,,th,,thailand
,"TOYOTAสี:เทา,กรุงเทพ",,3ฒษ895,,,,Active,support,car,Contractor Car,,th,,thailand
,"NISSANสี:เทา,สระบุรี",,บธ8830,,,,Active,support,car,Contractor Car,,th,,thailand
,"TOYOTAสี:ขาว,ระยอง",,นข7620,,,,Active,support,car,Contractor Car,,th,,thailand
,"โรงงาน1-3,เหมือง,IECO,บ้านพัก1-2",,3ตษ8579,,,,Active,support,car,Contractor Car,,th,,thailand
,"โรงงาน1-3,เหมือง,IECO,บ้านพัก1-2",,3ฒย7521,,,,Active,support,car,Contractor Car,,th,,thailand
,"mitsubishi,ขาวสระบุรี",,บร1367,,,,Active,support,car,Contractor Car,,th,,thailand
,"toyota,เทาสระบุรี",,บว9645,,,,Active,support,car,Contractor Car,,th,,thailand
,"Toyota,เทาสระบุรี",,บพ6274,,,,Active,support,car,Contractor Car,,th,,thailand
,"nissan,น้ำเงินลพบุรี",,บจ4194,,,,Active,support,car,Contractor Car,,th,,thailand
,"isuzu,น้ำเงินสระบุรี",,บพ95,,,,Active,support,car,Contractor Car,,th,,thailand
,"Isuzu,เทาสระบุรี",,บธ5285,,,,Active,support,car,Contractor Car,,th,,thailand
,"Toyota,ขาวระยอง",,บย1496,,,,Active,support,car,Contractor Car,,th,,thailand
,"Nissan,น้ำเงินสระบุรี",,บน2065,,,,Active,support,car,Contractor Car,,th,,thailand
,"Isuzu,ขาวกรุงเทพ",,ถฬ8503,,,,Active,support,car,Contractor Car,,th,,thailand
,"Toyota,ขาวสระบุรี",,บษ3092,,,,Active,support,car,Contractor Car,,th,,thailand
,"Toyota,ขาวกรุงเทพ",,3ฒษ8579,,,,Active,support,car,Contractor Car,,th,,thailand
,"Isuzu,ขาวสระบุรี",,บห6433,,,,Active,support,car,Contractor Car,,th,,thailand
,"นครราชสีมา,แดง,toyota",,บจ8448,,,,Active,support,car,Contractor Car,,th,,thailand
,"สระบุรี,เทา,Nissan",,นข5354,,,,Active,support,car,Contractor Car,,th,,thailand
,"สระบุรี,เทา,Toyota",,กธ7562,,,,Active,support,car,Contractor Car,,th,,thailand
,"พิษณุโลก,เทา,Toyota",,บห2744,,,,Active,support,car,Contractor Car,,th,,thailand
,"สระบุรี,ขาว,Isuzu",,บร497สบ,,,,Active,support,car,Contractor Car,,th,,thailand
,"นครราชสีมา,เทา,toyota",,ยน694,,,,Active,support,car,Contractor Car,,th,,thailand
,"กรุุงเทพ,Nission,ขาว",,ชถ232กท,,,,Active,support,car,Contractor Car,,th,,thailand
,"นครสวรรค์,Isuzu,ฟ้า",,กม1008,,,,Active,support,car,Contractor Car,,th,,thailand
,,,บห-9637สบ,,,,Active,support,car,Contractor Car,,th,,thailand
,,,กย-1028พล,,,,Active,support,car,Contractor Car,,th,,thailand
